case,case_id,docket_id,case_docket_page_link,case_found_by_crawl,case_scraped_rows,case_docs_on_gcs,document_id,document_name,document_status,filed_create,filed_received,document_link,document_confirmation_link,sql_query
case_1293,000354-2021,mqt/Xl32y_PLUS_i_PLUS_Oi3TtmViAA==,https://iapps.courts.state.ny.us/nyscef/DocumentList?docketId=mqt/Xl32y_PLUS_i_PLUS_Oi3TtmViAA==&display=all&courtType=Livingston County Supreme Court&resultsPageNum=1,770,770,769,249924,EXHIBIT(S),Processed,04/10/2024,04/10/2024,https://iapps.courts.state.ny.us/nyscef/ViewDocument?docIndex=apB3uqDw3bgZ16MIY8DASA==,https://iapps.courts.state.ny.us/nyscef/ConfirmationNotice?docId=apB3uqDw3bgZ16MIY8DASA==,"SELECT id, document_name, document_status, filed_create, document_link, document_bucket_link, document_confirmation_link, document_confirmation_bucket_link FROM courts_final.ny_docket_documents WHERE docket_id = 'mqt/Xl32y_PLUS_i_PLUS_Oi3TtmViAA==' ORDER BY id;"
case_3053,60143/2021,Ckh4Z_PLUS_MzLiolQ4VFW_PLUS_KIFw==,https://iapps.courts.state.ny.us/nyscef/DocumentList?docketId=Ckh4Z_PLUS_MzLiolQ4VFW_PLUS_KIFw==&display=all&courtType=Westchester County Supreme Court&resultsPageNum=1,653,653,652,320253,EXHIBIT(S),Processed,07/11/2023,07/11/2023,https://iapps.courts.state.ny.us/nyscef/ViewDocument?docIndex=3GnWb1pT5HfL_PLUS_iZlPgCOCw==,https://iapps.courts.state.ny.us/nyscef/ConfirmationNotice?docId=3GnWb1pT5HfL_PLUS_iZlPgCOCw==,"SELECT id, document_name, document_status, filed_create, document_link, document_bucket_link, document_confirmation_link, document_confirmation_bucket_link FROM courts_final.ny_docket_documents WHERE docket_id = 'Ckh4Z_PLUS_MzLiolQ4VFW_PLUS_KIFw==' ORDER BY id;"
case_4397,608847/2017,uqeci2oKNubMzu5aLNGGWA==,https://iapps.courts.state.ny.us/nyscef/DocumentList?docketId=uqeci2oKNubMzu5aLNGGWA==&display=all&courtType=Nassau County Supreme Court&resultsPageNum=3,121,121,120,357076,EXHIBIT(S),Processed,06/10/2021,06/10/2021,https://iapps.courts.state.ny.us/nyscef/ViewDocument?docIndex=huuJTRKiH45lvGTCzL2DKw==,https://iapps.courts.state.ny.us/nyscef/ConfirmationNotice?docId=huuJTRKiH45lvGTCzL2DKw==,"SELECT id, document_name, document_status, filed_create, document_link, document_bucket_link, document_confirmation_link, document_confirmation_bucket_link FROM courts_final.ny_docket_documents WHERE docket_id = 'uqeci2oKNubMzu5aLNGGWA==' ORDER BY id;"
case_5880,CA 26-01028,owHOMdEg5QEtU3SlM6wf0g==,https://iapps.courts.state.ny.us/nyscef/DocumentList?docketId=owHOMdEg5QEtU3SlM6wf0g==&display=all&courtType=Appellate Division - 4th Dept&resultsPageNum=15,4,4,3,397973,WITHDRAWAL OR DISCONTINUANCE OF APPEAL OR PROCEEDING 1250.2(B),,09/03/2026,09/03/2026,https://iapps.courts.state.ny.us/nyscef/ViewDocument?docIndex=6jwP3/Fsa_PLUS_uJTeMkHaKj6A==,https://iapps.courts.state.ny.us/nyscef/ConfirmationNotice?docId=6jwP3/Fsa_PLUS_uJTeMkHaKj6A==,"SELECT id, document_name, document_status, filed_create, document_link, document_bucket_link, document_confirmation_link, document_confirmation_bucket_link FROM courts_final.ny_docket_documents WHERE docket_id = 'owHOMdEg5QEtU3SlM6wf0g==' ORDER BY id;"
case_6613,190064/2025,Z1ml4gy7gWK7c2tBtywtag==,https://iapps.courts.state.ny.us/nyscef/DocumentList?docketId=Z1ml4gy7gWK7c2tBtywtag==&display=all&courtType=New York County Supreme Court&resultsPageNum=5,773,773,769,451493,EXHIBIT(S),Processed,08/14/2026,08/14/2026,https://iapps.courts.state.ny.us/nyscef/ViewDocument?docIndex=dl7JaOa/plLqgvNL50fw4g==,https://iapps.courts.state.ny.us/nyscef/ConfirmationNotice?docId=dl7JaOa/plLqgvNL50fw4g==,"SELECT id, document_name, document_status, filed_create, document_link, document_bucket_link, document_confirmation_link, document_confirmation_bucket_link FROM courts_final.ny_docket_documents WHERE docket_id = 'Z1ml4gy7gWK7c2tBtywtag==' ORDER BY id;"
case_6613,190064/2025,Z1ml4gy7gWK7c2tBtywtag==,https://iapps.courts.state.ny.us/nyscef/DocumentList?docketId=Z1ml4gy7gWK7c2tBtywtag==&display=all&courtType=New York County Supreme Court&resultsPageNum=5,773,773,769,451536,EXHIBIT(S),Processed,08/14/2026,08/14/2026,https://iapps.courts.state.ny.us/nyscef/ViewDocument?docIndex=TxnDXb7ZePx1rz2Y2MA31g==,https://iapps.courts.state.ny.us/nyscef/ConfirmationNotice?docId=TxnDXb7ZePx1rz2Y2MA31g==,"SELECT id, document_name, document_status, filed_create, document_link, document_bucket_link, document_confirmation_link, document_confirmation_bucket_link FROM courts_final.ny_docket_documents WHERE docket_id = 'Z1ml4gy7gWK7c2tBtywtag==' ORDER BY id;"
case_6613,190064/2025,Z1ml4gy7gWK7c2tBtywtag==,https://iapps.courts.state.ny.us/nyscef/DocumentList?docketId=Z1ml4gy7gWK7c2tBtywtag==&display=all&courtType=New York County Supreme Court&resultsPageNum=5,773,773,769,451618,EXHIBIT(S),Processed,08/14/2026,08/14/2026,https://iapps.courts.state.ny.us/nyscef/ViewDocument?docIndex=rSJljDSXxLmtoLseXk7NkQ==,https://iapps.courts.state.ny.us/nyscef/ConfirmationNotice?docId=rSJljDSXxLmtoLseXk7NkQ==,"SELECT id, document_name, document_status, filed_create, document_link, document_bucket_link, document_confirmation_link, document_confirmation_bucket_link FROM courts_final.ny_docket_documents WHERE docket_id = 'Z1ml4gy7gWK7c2tBtywtag==' ORDER BY id;"
case_6613,190064/2025,Z1ml4gy7gWK7c2tBtywtag==,https://iapps.courts.state.ny.us/nyscef/DocumentList?docketId=Z1ml4gy7gWK7c2tBtywtag==&display=all&courtType=New York County Supreme Court&resultsPageNum=5,773,773,769,451735,EXHIBIT(S),Processed,08/14/2026,08/14/2026,https://iapps.courts.state.ny.us/nyscef/ViewDocument?docIndex=OSdEy6OLJvxWNyETv_PLUS_3baA==,https://iapps.courts.state.ny.us/nyscef/ConfirmationNotice?docId=OSdEy6OLJvxWNyETv_PLUS_3baA==,"SELECT id, document_name, document_status, filed_create, document_link, document_bucket_link, document_confirmation_link, document_confirmation_bucket_link FROM courts_final.ny_docket_documents WHERE docket_id = 'Z1ml4gy7gWK7c2tBtywtag==' ORDER BY id;"
case_8309,155969/2016,CJKf1rH6XLkclQJzyA75EQ==,https://iapps.courts.state.ny.us/nyscef/DocumentList?docketId=CJKf1rH6XLkclQJzyA75EQ==&display=all&courtType=New York County Supreme Court&resultsPageNum=1,163,163,160,578602,ORDER - PRELIMINARY CONFERENCE,Processed,05/24/2017,05/24/2017,https://iapps.courts.state.ny.us/nyscef/ViewDocument?docIndex=lt3VpEvYlcY1RSOtBfqWOw==,https://iapps.courts.state.ny.us/nyscef/ConfirmationNotice?docId=lt3VpEvYlcY1RSOtBfqWOw==,"SELECT id, document_name, document_status, filed_create, document_link, document_bucket_link, document_confirmation_link, document_confirmation_bucket_link FROM courts_final.ny_docket_documents WHERE docket_id = 'CJKf1rH6XLkclQJzyA75EQ==' ORDER BY id;"
case_8309,155969/2016,CJKf1rH6XLkclQJzyA75EQ==,https://iapps.courts.state.ny.us/nyscef/DocumentList?docketId=CJKf1rH6XLkclQJzyA75EQ==&display=all&courtType=New York County Supreme Court&resultsPageNum=1,163,163,160,578603,ORDER - PRELIMINARY CONFERENCE,Processed,05/24/2017,05/24/2017,https://iapps.courts.state.ny.us/nyscef/ViewDocument?docIndex=_PLUS_W/a0xHMP/KQ9AxIiT7ovA==,https://iapps.courts.state.ny.us/nyscef/ConfirmationNotice?docId=_PLUS_W/a0xHMP/KQ9AxIiT7ovA==,"SELECT id, document_name, document_status, filed_create, document_link, document_bucket_link, document_confirmation_link, document_confirmation_bucket_link FROM courts_final.ny_docket_documents WHERE docket_id = 'CJKf1rH6XLkclQJzyA75EQ==' ORDER BY id;"
case_8309,155969/2016,CJKf1rH6XLkclQJzyA75EQ==,https://iapps.courts.state.ny.us/nyscef/DocumentList?docketId=CJKf1rH6XLkclQJzyA75EQ==&display=all&courtType=New York County Supreme Court&resultsPageNum=1,163,163,160,578604,ORDER - PRELIMINARY CONFERENCE,Processed,05/24/2017,05/24/2017,https://iapps.courts.state.ny.us/nyscef/ViewDocument?docIndex=bz7o9IxvuK0w3v5nbwul6w==,https://iapps.courts.state.ny.us/nyscef/ConfirmationNotice?docId=bz7o9IxvuK0w3v5nbwul6w==,"SELECT id, document_name, document_status, filed_create, document_link, document_bucket_link, document_confirmation_link, document_confirmation_bucket_link FROM courts_final.ny_docket_documents WHERE docket_id = 'CJKf1rH6XLkclQJzyA75EQ==' ORDER BY id;"
case_8319,158791/2013,gt/Zvx2UQf2TMdP5D78DZg==,https://iapps.courts.state.ny.us/nyscef/DocumentList?docketId=gt/Zvx2UQf2TMdP5D78DZg==&display=all&courtType=New York County Supreme Court&resultsPageNum=1,204,204,203,579514,NOTICE OF MOTION,Processed,01/10/2018,01/10/2018,https://iapps.courts.state.ny.us/nyscef/ViewDocument?docIndex=AFqiDCMHOa_PLUS_0kNyrcEgNYQ==,https://iapps.courts.state.ny.us/nyscef/ConfirmationNotice?docId=AFqiDCMHOa_PLUS_0kNyrcEgNYQ==,"SELECT id, document_name, document_status, filed_create, document_link, document_bucket_link, document_confirmation_link, document_confirmation_bucket_link FROM courts_final.ny_docket_documents WHERE docket_id = 'gt/Zvx2UQf2TMdP5D78DZg==' ORDER BY id;"
case_14035,508411/2024,IXnqo4ji5qa0UCLF7jnKwA==,https://iapps.courts.state.ny.us/nyscef/DocumentList?docketId=IXnqo4ji5qa0UCLF7jnKwA==&display=all&courtType=Kings County Supreme Court&resultsPageNum=6,59,59,58,761374,STIPULATION - OTHER,,08/24/2026,08/24/2026,https://iapps.courts.state.ny.us/nyscef/ViewDocument?docIndex=smxob2hZsLuhs1Sp4nPitQ==,https://iapps.courts.state.ny.us/nyscef/ConfirmationNotice?docId=smxob2hZsLuhs1Sp4nPitQ==,"SELECT id, document_name, document_status, filed_create, document_link, document_bucket_link, document_confirmation_link, document_confirmation_bucket_link FROM courts_final.ny_docket_documents WHERE docket_id = 'IXnqo4ji5qa0UCLF7jnKwA==' ORDER BY id;"
case_14193,708397/2023,sQG2ZxM74n5dTnZu5xlVcA==,https://iapps.courts.state.ny.us/nyscef/DocumentList?docketId=sQG2ZxM74n5dTnZu5xlVcA==&display=all&courtType=Queens County Supreme Court&resultsPageNum=13,20,20,19,768691,DEMAND FOR:,Processed,06/27/2023,06/27/2023,https://iapps.courts.state.ny.us/nyscef/ViewDocument?docIndex=VB/70NzXS_PLUS_UT9b9Y0mHJVg==,https://iapps.courts.state.ny.us/nyscef/ConfirmationNotice?docId=VB/70NzXS_PLUS_UT9b9Y0mHJVg==,"SELECT id, document_name, document_status, filed_create, document_link, document_bucket_link, document_confirmation_link, document_confirmation_bucket_link FROM courts_final.ny_docket_documents WHERE docket_id = 'sQG2ZxM74n5dTnZu5xlVcA==' ORDER BY id;"
case_14305,903341-24,11wentUIEUCH6uConyn5tA==,https://iapps.courts.state.ny.us/nyscef/DocumentList?docketId=11wentUIEUCH6uConyn5tA==&display=all&courtType=Albany County Supreme Court&resultsPageNum=17,91,91,90,772638,AFFIDAVIT OR AFFIRMATION IN SUPPORT OF MOTION,Processed,09/03/2025,09/03/2025,https://iapps.courts.state.ny.us/nyscef/ViewDocument?docIndex=5Aw7vJzndHeM2E/i1FrjzA==,https://iapps.courts.state.ny.us/nyscef/ConfirmationNotice?docId=5Aw7vJzndHeM2E/i1FrjzA==,"SELECT id, document_name, document_status, filed_create, document_link, document_bucket_link, document_confirmation_link, document_confirmation_bucket_link FROM courts_final.ny_docket_documents WHERE docket_id = '11wentUIEUCH6uConyn5tA==' ORDER BY id;"
case_15362,154214/2022,yaY4jjzXhGNVg/OKmAyMIA==,https://iapps.courts.state.ny.us/nyscef/DocumentList?docketId=yaY4jjzXhGNVg/OKmAyMIA==&display=all&courtType=New York County Supreme Court&resultsPageNum=1,88,88,87,793277,AFFIDAVIT,Processed,07/08/2022,07/08/2022,https://iapps.courts.state.ny.us/nyscef/ViewDocument?docIndex=NkWkqgTNqUpFe9hvbKmNAg==,https://iapps.courts.state.ny.us/nyscef/ConfirmationNotice?docId=NkWkqgTNqUpFe9hvbKmNAg==,"SELECT id, document_name, document_status, filed_create, document_link, document_bucket_link, document_confirmation_link, document_confirmation_bucket_link FROM courts_final.ny_docket_documents WHERE docket_id = 'yaY4jjzXhGNVg/OKmAyMIA==' ORDER BY id;"
case_15380,608590/2022,7qXhbg/XpnBTI7r5bzsJQg==,https://iapps.courts.state.ny.us/nyscef/DocumentList?docketId=7qXhbg/XpnBTI7r5bzsJQg==&display=all&courtType=Nassau County Supreme Court&resultsPageNum=2,180,180,179,794458,NOTICE OF ENTRY,Processed,04/26/2023,04/26/2023,https://iapps.courts.state.ny.us/nyscef/ViewDocument?docIndex=5RzoLJz6giDZEEqt1gNGdw==,https://iapps.courts.state.ny.us/nyscef/ConfirmationNotice?docId=5RzoLJz6giDZEEqt1gNGdw==,"SELECT id, document_name, document_status, filed_create, document_link, document_bucket_link, document_confirmation_link, document_confirmation_bucket_link FROM courts_final.ny_docket_documents WHERE docket_id = '7qXhbg/XpnBTI7r5bzsJQg==' ORDER BY id;"
case_15385,615379/2023,6P8Sc7hPqbrLLOY9Q430wQ==,https://iapps.courts.state.ny.us/nyscef/DocumentList?docketId=6P8Sc7hPqbrLLOY9Q430wQ==&display=all&courtType=Nassau County Supreme Court&resultsPageNum=2,209,209,208,794844,AFFIRMATION/AFFIDAVIT OF SERVICE,Processed,10/11/2023,10/11/2023,https://iapps.courts.state.ny.us/nyscef/ViewDocument?docIndex=uochnVyJtQsJCU1rxUV9QA==,https://iapps.courts.state.ny.us/nyscef/ConfirmationNotice?docId=uochnVyJtQsJCU1rxUV9QA==,"SELECT id, document_name, document_status, filed_create, document_link, document_bucket_link, document_confirmation_link, document_confirmation_bucket_link FROM courts_final.ny_docket_documents WHERE docket_id = '6P8Sc7hPqbrLLOY9Q430wQ==' ORDER BY id;"
case_16484,190298/2016,9u0IiWYpNoHRC8cTa0sxMg==,https://iapps.courts.state.ny.us/nyscef/DocumentList?docketId=9u0IiWYpNoHRC8cTa0sxMg==&display=all&courtType=New York County Supreme Court&resultsPageNum=1,373,373,369,803378,NOTICE OF ENTRY,Processed,04/02/2019,04/02/2019,https://iapps.courts.state.ny.us/nyscef/ViewDocument?docIndex=zC8Pg0YHGksSgBCADkMA5g==,https://iapps.courts.state.ny.us/nyscef/ConfirmationNotice?docId=zC8Pg0YHGksSgBCADkMA5g==,"SELECT id, document_name, document_status, filed_create, document_link, document_bucket_link, document_confirmation_link, document_confirmation_bucket_link FROM courts_final.ny_docket_documents WHERE docket_id = '9u0IiWYpNoHRC8cTa0sxMg==' ORDER BY id;"
case_16484,190298/2016,9u0IiWYpNoHRC8cTa0sxMg==,https://iapps.courts.state.ny.us/nyscef/DocumentList?docketId=9u0IiWYpNoHRC8cTa0sxMg==&display=all&courtType=New York County Supreme Court&resultsPageNum=1,373,373,369,803381,NOTICE OF ENTRY,Processed,04/02/2019,04/02/2019,https://iapps.courts.state.ny.us/nyscef/ViewDocument?docIndex=iyFhl_PLUS_pLfiXOIm64Z4D_PLUS_Ew==,https://iapps.courts.state.ny.us/nyscef/ConfirmationNotice?docId=iyFhl_PLUS_pLfiXOIm64Z4D_PLUS_Ew==,"SELECT id, document_name, document_status, filed_create, document_link, document_bucket_link, document_confirmation_link, document_confirmation_bucket_link FROM courts_final.ny_docket_documents WHERE docket_id = '9u0IiWYpNoHRC8cTa0sxMg==' ORDER BY id;"
case_16484,190298/2016,9u0IiWYpNoHRC8cTa0sxMg==,https://iapps.courts.state.ny.us/nyscef/DocumentList?docketId=9u0IiWYpNoHRC8cTa0sxMg==&display=all&courtType=New York County Supreme Court&resultsPageNum=1,373,373,369,803425,EXHIBIT(S),Processed,02/18/2020,02/18/2020,https://iapps.courts.state.ny.us/nyscef/ViewDocument?docIndex=ipTpYl6C4cjYBLIefaFmug==,https://iapps.courts.state.ny.us/nyscef/ConfirmationNotice?docId=ipTpYl6C4cjYBLIefaFmug==,"SELECT id, document_name, document_status, filed_create, document_link, document_bucket_link, document_confirmation_link, document_confirmation_bucket_link FROM courts_final.ny_docket_documents WHERE docket_id = '9u0IiWYpNoHRC8cTa0sxMg==' ORDER BY id;"
case_16484,190298/2016,9u0IiWYpNoHRC8cTa0sxMg==,https://iapps.courts.state.ny.us/nyscef/DocumentList?docketId=9u0IiWYpNoHRC8cTa0sxMg==&display=all&courtType=New York County Supreme Court&resultsPageNum=1,373,373,369,803427,EXHIBIT(S),Processed,02/18/2020,02/18/2020,https://iapps.courts.state.ny.us/nyscef/ViewDocument?docIndex=JLsqgvrtUKstcutfoR2lmw==,https://iapps.courts.state.ny.us/nyscef/ConfirmationNotice?docId=JLsqgvrtUKstcutfoR2lmw==,"SELECT id, document_name, document_status, filed_create, document_link, document_bucket_link, document_confirmation_link, document_confirmation_bucket_link FROM courts_final.ny_docket_documents WHERE docket_id = '9u0IiWYpNoHRC8cTa0sxMg==' ORDER BY id;"
case_16558,E2022006032,Jb1BOGjsbEYHnbDn8Jyktw==,https://iapps.courts.state.ny.us/nyscef/DocumentList?docketId=Jb1BOGjsbEYHnbDn8Jyktw==&display=all&courtType=Monroe County Supreme Court&resultsPageNum=3,933,933,932,806606,AFFIRMATION/AFFIDAVIT OF SERVICE,Processed,09/02/2022,09/02/2022,https://iapps.courts.state.ny.us/nyscef/ViewDocument?docIndex=cBSv1QFsJM2_PLUS_k0eXS_PLUS_w7Qw==,https://iapps.courts.state.ny.us/nyscef/ConfirmationNotice?docId=cBSv1QFsJM2_PLUS_k0eXS_PLUS_w7Qw==,"SELECT id, document_name, document_status, filed_create, document_link, document_bucket_link, document_confirmation_link, document_confirmation_bucket_link FROM courts_final.ny_docket_documents WHERE docket_id = 'Jb1BOGjsbEYHnbDn8Jyktw==' ORDER BY id;"
case_16797,2021-02687,32uH8iLyX/yZboIk0Jynqw==,https://iapps.courts.state.ny.us/nyscef/DocumentList?docketId=32uH8iLyX/yZboIk0Jynqw==&display=all&courtType=Appellate Division - 1st Dept&resultsPageNum=9,10,10,9,825815,COPY OF NOTICE OF APPEAL WITH PROOF OF FILING / INFORMATIONAL STATEMENT / ORDER OR JDMT APPEALED FROM,Processed,07/21/2021,07/21/2021,https://iapps.courts.state.ny.us/nyscef/ViewDocument?docIndex=I7CFsqC84NK7rC3rZbE58Q==,https://iapps.courts.state.ny.us/nyscef/ConfirmationNotice?docId=I7CFsqC84NK7rC3rZbE58Q==,"SELECT id, document_name, document_status, filed_create, document_link, document_bucket_link, document_confirmation_link, document_confirmation_bucket_link FROM courts_final.ny_docket_documents WHERE docket_id = '32uH8iLyX/yZboIk0Jynqw==' ORDER BY id;"
case_17054,020369/2015,3bJ4P7XeJ9nqyXop/CO5iA==,https://iapps.courts.state.ny.us/nyscef/DocumentList?docketId=3bJ4P7XeJ9nqyXop/CO5iA==&display=all&courtType=Suffolk County Supreme Court&resultsPageNum=1,20,20,19,841381,COURT NOTICE,Processed,04/29/2021,04/29/2021,https://iapps.courts.state.ny.us/nyscef/ViewDocument?docIndex=R4M4sYNJBXKQHRB2EB/93g==,https://iapps.courts.state.ny.us/nyscef/ConfirmationNotice?docId=R4M4sYNJBXKQHRB2EB/93g==,"SELECT id, document_name, document_status, filed_create, document_link, document_bucket_link, document_confirmation_link, document_confirmation_bucket_link FROM courts_final.ny_docket_documents WHERE docket_id = '3bJ4P7XeJ9nqyXop/CO5iA==' ORDER BY id;"
case_17098,513785/2018,AW_PLUS_fbDwYuFEGzEW8COUOVA==,https://iapps.courts.state.ny.us/nyscef/DocumentList?docketId=AW_PLUS_fbDwYuFEGzEW8COUOVA==&display=all&courtType=Kings County Supreme Court&resultsPageNum=1,100,100,99,842427,AFFIRMATION/AFFIDAVIT OF SERVICE,Processed,05/08/2019,05/08/2019,https://iapps.courts.state.ny.us/nyscef/ViewDocument?docIndex=goxxNMdgQE0r7ilS5g9r1Q==,https://iapps.courts.state.ny.us/nyscef/ConfirmationNotice?docId=goxxNMdgQE0r7ilS5g9r1Q==,"SELECT id, document_name, document_status, filed_create, document_link, document_bucket_link, document_confirmation_link, document_confirmation_bucket_link FROM courts_final.ny_docket_documents WHERE docket_id = 'AW_PLUS_fbDwYuFEGzEW8COUOVA==' ORDER BY id;"
case_17172,007107/2013,TGky0XVhv4oa3xXdUBdYBQ==,https://iapps.courts.state.ny.us/nyscef/DocumentList?docketId=TGky0XVhv4oa3xXdUBdYBQ==&display=all&courtType=Nassau County Supreme Court&resultsPageNum=2,63,63,62,843825,REFEREE REPORT OF SALE,Processed,12/12/2024,12/12/2024,https://iapps.courts.state.ny.us/nyscef/ViewDocument?docIndex=fFGiQnjKeTj8piJ/o_PLUS_988w==,https://iapps.courts.state.ny.us/nyscef/ConfirmationNotice?docId=fFGiQnjKeTj8piJ/o_PLUS_988w==,"SELECT id, document_name, document_status, filed_create, document_link, document_bucket_link, document_confirmation_link, document_confirmation_bucket_link FROM courts_final.ny_docket_documents WHERE docket_id = 'TGky0XVhv4oa3xXdUBdYBQ==' ORDER BY id;"
case_17175,030958/2017,ouVnu9D_PLUS_fo06n1v2NvdmUg==,https://iapps.courts.state.ny.us/nyscef/DocumentList?docketId=ouVnu9D_PLUS_fo06n1v2NvdmUg==&display=all&courtType=Rockland County Supreme Court&resultsPageNum=2,102,102,101,843877,EXHIBIT(S),Processed,09/12/2017,09/12/2017,https://iapps.courts.state.ny.us/nyscef/ViewDocument?docIndex=jFdhX1_PLUS_GmrKScGc_PLUS_D8KpEw==,https://iapps.courts.state.ny.us/nyscef/ConfirmationNotice?docId=jFdhX1_PLUS_GmrKScGc_PLUS_D8KpEw==,"SELECT id, document_name, document_status, filed_create, document_link, document_bucket_link, document_confirmation_link, document_confirmation_bucket_link FROM courts_final.ny_docket_documents WHERE docket_id = 'ouVnu9D_PLUS_fo06n1v2NvdmUg==' ORDER BY id;"
case_17186,068445/2014,xgIvykHth0G7vaNTMGwf0A==,https://iapps.courts.state.ny.us/nyscef/DocumentList?docketId=xgIvykHth0G7vaNTMGwf0A==&display=all&courtType=Suffolk County Supreme Court&resultsPageNum=2,86,86,85,844393,EXHIBIT(S),Processed,08/08/2016,08/08/2016,https://iapps.courts.state.ny.us/nyscef/ViewDocument?docIndex=OPebUnYa4PSkttSeOR_PLUS_3SA==,https://iapps.courts.state.ny.us/nyscef/ConfirmationNotice?docId=OPebUnYa4PSkttSeOR_PLUS_3SA==,"SELECT id, document_name, document_status, filed_create, document_link, document_bucket_link, document_confirmation_link, document_confirmation_bucket_link FROM courts_final.ny_docket_documents WHERE docket_id = 'xgIvykHth0G7vaNTMGwf0A==' ORDER BY id;"
case_17223,156496/2024,vhUtk5mnKZZAHnTeogQYrQ==,https://iapps.courts.state.ny.us/nyscef/DocumentList?docketId=vhUtk5mnKZZAHnTeogQYrQ==&display=all&courtType=New York County Supreme Court&resultsPageNum=4,50,50,49,846000,EXHIBIT(S),Processed,10/10/2024,10/10/2024,https://iapps.courts.state.ny.us/nyscef/ViewDocument?docIndex=M57r4JtOlly62Atm_PLUS_fHDRw==,https://iapps.courts.state.ny.us/nyscef/ConfirmationNotice?docId=M57r4JtOlly62Atm_PLUS_fHDRw==,"SELECT id, document_name, document_status, filed_create, document_link, document_bucket_link, document_confirmation_link, document_confirmation_bucket_link FROM courts_final.ny_docket_documents WHERE docket_id = 'vhUtk5mnKZZAHnTeogQYrQ==' ORDER BY id;"
case_17479,611884/2018,RPZeELzihNHZ/GadfEDMvQ==,https://iapps.courts.state.ny.us/nyscef/DocumentList?docketId=RPZeELzihNHZ/GadfEDMvQ==&display=all&courtType=Nassau County Supreme Court&resultsPageNum=14,118,118,117,857259,AFFIRMATION/AFFIDAVIT OF SERVICE,Processed,10/10/2018,10/10/2018,https://iapps.courts.state.ny.us/nyscef/ViewDocument?docIndex=cfgc36WgNeWWdJomhyKC0g==,https://iapps.courts.state.ny.us/nyscef/ConfirmationNotice?docId=cfgc36WgNeWWdJomhyKC0g==,"SELECT id, document_name, document_status, filed_create, document_link, document_bucket_link, document_confirmation_link, document_confirmation_bucket_link FROM courts_final.ny_docket_documents WHERE docket_id = 'RPZeELzihNHZ/GadfEDMvQ==' ORDER BY id;"
case_17492,617589/2017,7vkyOc88jDaNaV/ullqcpw==,https://iapps.courts.state.ny.us/nyscef/DocumentList?docketId=7vkyOc88jDaNaV/ullqcpw==&display=all&courtType=Suffolk County Supreme Court&resultsPageNum=15,45,45,44,858039,SUMMONS (PRE RJI) (AMENDED),Processed,02/05/2018,02/05/2018,https://iapps.courts.state.ny.us/nyscef/ViewDocument?docIndex=0sE6euf2aImX4flr3SL2KA==,https://iapps.courts.state.ny.us/nyscef/ConfirmationNotice?docId=0sE6euf2aImX4flr3SL2KA==,"SELECT id, document_name, document_status, filed_create, document_link, document_bucket_link, document_confirmation_link, document_confirmation_bucket_link FROM courts_final.ny_docket_documents WHERE docket_id = '7vkyOc88jDaNaV/ullqcpw==' ORDER BY id;"
case_17497,627916/2024,ShQFbljUR_PLUS_wtyrujHZNOgA==,https://iapps.courts.state.ny.us/nyscef/DocumentList?docketId=ShQFbljUR_PLUS_wtyrujHZNOgA==&display=all&courtType=Suffolk County Supreme Court&resultsPageNum=15,154,154,151,858340,DEMAND FOR:,Processed,01/27/2025,01/27/2025,https://iapps.courts.state.ny.us/nyscef/ViewDocument?docIndex=eFieQLmZfP3_PLUS_x0l5q38qbQ==,https://iapps.courts.state.ny.us/nyscef/ConfirmationNotice?docId=eFieQLmZfP3_PLUS_x0l5q38qbQ==,"SELECT id, document_name, document_status, filed_create, document_link, document_bucket_link, document_confirmation_link, document_confirmation_bucket_link FROM courts_final.ny_docket_documents WHERE docket_id = 'ShQFbljUR_PLUS_wtyrujHZNOgA==' ORDER BY id;"
case_17497,627916/2024,ShQFbljUR_PLUS_wtyrujHZNOgA==,https://iapps.courts.state.ny.us/nyscef/DocumentList?docketId=ShQFbljUR_PLUS_wtyrujHZNOgA==&display=all&courtType=Suffolk County Supreme Court&resultsPageNum=15,154,154,151,858343,DEMAND FOR:,Processed,01/27/2025,01/27/2025,https://iapps.courts.state.ny.us/nyscef/ViewDocument?docIndex=CKGtsKPhq6kGguVVRMG30g==,https://iapps.courts.state.ny.us/nyscef/ConfirmationNotice?docId=CKGtsKPhq6kGguVVRMG30g==,"SELECT id, document_name, document_status, filed_create, document_link, document_bucket_link, document_confirmation_link, document_confirmation_bucket_link FROM courts_final.ny_docket_documents WHERE docket_id = 'ShQFbljUR_PLUS_wtyrujHZNOgA==' ORDER BY id;"
case_17497,627916/2024,ShQFbljUR_PLUS_wtyrujHZNOgA==,https://iapps.courts.state.ny.us/nyscef/DocumentList?docketId=ShQFbljUR_PLUS_wtyrujHZNOgA==&display=all&courtType=Suffolk County Supreme Court&resultsPageNum=15,154,154,151,858455,AFFIDAVIT OR AFFIRMATION IN REPLY,Processed,08/07/2026,08/07/2026,https://iapps.courts.state.ny.us/nyscef/ViewDocument?docIndex=wDvjogDgazJcgvaPxWVQOQ==,https://iapps.courts.state.ny.us/nyscef/ConfirmationNotice?docId=wDvjogDgazJcgvaPxWVQOQ==,"SELECT id, document_name, document_status, filed_create, document_link, document_bucket_link, document_confirmation_link, document_confirmation_bucket_link FROM courts_final.ny_docket_documents WHERE docket_id = 'ShQFbljUR_PLUS_wtyrujHZNOgA==' ORDER BY id;"
case_17498,629080/2024,iGwkz6jpt/gVxTmNHEzufQ==,https://iapps.courts.state.ny.us/nyscef/DocumentList?docketId=iGwkz6jpt/gVxTmNHEzufQ==&display=all&courtType=Suffolk County Supreme Court&resultsPageNum=15,60,60,59,858496,NOTICE OF ENTRY,Processed,11/14/2025,11/14/2025,https://iapps.courts.state.ny.us/nyscef/ViewDocument?docIndex=dBOqlDM0Jf/CtI_PLUS_iiJ5msg==,https://iapps.courts.state.ny.us/nyscef/ConfirmationNotice?docId=dBOqlDM0Jf/CtI_PLUS_iiJ5msg==,"SELECT id, document_name, document_status, filed_create, document_link, document_bucket_link, document_confirmation_link, document_confirmation_bucket_link FROM courts_final.ny_docket_documents WHERE docket_id = 'iGwkz6jpt/gVxTmNHEzufQ==' ORDER BY id;"
case_17526,653273/2013,Uaf5GXkLJcQ3BPGHN1FQEA==,https://iapps.courts.state.ny.us/nyscef/DocumentList?docketId=Uaf5GXkLJcQ3BPGHN1FQEA==&display=all&courtType=New York County Supreme Court&resultsPageNum=16,561,561,560,859403,ORDER - COMPLIANCE CONFERENCE,Processed,09/20/2018,09/20/2018,https://iapps.courts.state.ny.us/nyscef/ViewDocument?docIndex=5jz8QaSc/35pbGKuARimmw==,https://iapps.courts.state.ny.us/nyscef/ConfirmationNotice?docId=5jz8QaSc/35pbGKuARimmw==,"SELECT id, document_name, document_status, filed_create, document_link, document_bucket_link, document_confirmation_link, document_confirmation_bucket_link FROM courts_final.ny_docket_documents WHERE docket_id = 'Uaf5GXkLJcQ3BPGHN1FQEA==' ORDER BY id;"
case_17634,E142456/2010,JHyAUq6mTf1VbxiYmju7Kg==,https://iapps.courts.state.ny.us/nyscef/DocumentList?docketId=JHyAUq6mTf1VbxiYmju7Kg==&display=all&courtType=Niagara County Supreme Court&resultsPageNum=21,155,155,154,864939,OTHER COURT FILED DOCUMENT,Processed,01/19/2022,07/31/2023,https://iapps.courts.state.ny.us/nyscef/ViewDocument?docIndex=pExRxyyVKA2s3Xol_PLUS_yQeig==,https://iapps.courts.state.ny.us/nyscef/ConfirmationNotice?docId=pExRxyyVKA2s3Xol_PLUS_yQeig==,"SELECT id, document_name, document_status, filed_create, document_link, document_bucket_link, document_confirmation_link, document_confirmation_bucket_link FROM courts_final.ny_docket_documents WHERE docket_id = 'JHyAUq6mTf1VbxiYmju7Kg==' ORDER BY id;"
case_19400,008927/2015,MRybf4yjomnYMBNkJbGR7g==,https://iapps.courts.state.ny.us/nyscef/DocumentList?docketId=MRybf4yjomnYMBNkJbGR7g==&display=all&courtType=Nassau County Supreme Court&resultsPageNum=10,156,156,155,900813,EXHIBIT(S),Processed,11/29/2022,11/29/2022,https://iapps.courts.state.ny.us/nyscef/ViewDocument?docIndex=pqo5ieZkUumZymdoxzAsJA==,https://iapps.courts.state.ny.us/nyscef/ConfirmationNotice?docId=pqo5ieZkUumZymdoxzAsJA==,"SELECT id, document_name, document_status, filed_create, document_link, document_bucket_link, document_confirmation_link, document_confirmation_bucket_link FROM courts_final.ny_docket_documents WHERE docket_id = 'MRybf4yjomnYMBNkJbGR7g==' ORDER BY id;"
case_19441,028197/2013,CfX4CVj1Ytro7Vx5XdtsjA==,https://iapps.courts.state.ny.us/nyscef/DocumentList?docketId=CfX4CVj1Ytro7Vx5XdtsjA==&display=all&courtType=Suffolk County Supreme Court&resultsPageNum=12,13,13,12,902206,LETTER / CORRESPONDENCE TO JUDGE,Processed,08/12/2022,08/12/2022,https://iapps.courts.state.ny.us/nyscef/ViewDocument?docIndex=Tkdrtn5VGrIPrtp8OTYoWA==,https://iapps.courts.state.ny.us/nyscef/ConfirmationNotice?docId=Tkdrtn5VGrIPrtp8OTYoWA==,"SELECT id, document_name, document_status, filed_create, document_link, document_bucket_link, document_confirmation_link, document_confirmation_bucket_link FROM courts_final.ny_docket_documents WHERE docket_id = 'CfX4CVj1Ytro7Vx5XdtsjA==' ORDER BY id;"
case_19444,030002/2012,3iqR21fZNFA8jr4njr4Mfg==,https://iapps.courts.state.ny.us/nyscef/DocumentList?docketId=3iqR21fZNFA8jr4njr4Mfg==&display=all&courtType=Rockland County Supreme Court&resultsPageNum=12,4,4,3,902254,SUMMONS + COMPLAINT,Processed,01/02/2012,01/02/2012,https://iapps.courts.state.ny.us/nyscef/ViewDocument?docIndex=jGahEkM3YU9XpZV/e7Tq7w==,https://iapps.courts.state.ny.us/nyscef/ConfirmationNotice?docId=jGahEkM3YU9XpZV/e7Tq7w==,"SELECT id, document_name, document_status, filed_create, document_link, document_bucket_link, document_confirmation_link, document_confirmation_bucket_link FROM courts_final.ny_docket_documents WHERE docket_id = '3iqR21fZNFA8jr4njr4Mfg==' ORDER BY id;"
case_19692,061510/2014,5X11sL223duh_PLUS_jFL3vWSyQ==,https://iapps.courts.state.ny.us/nyscef/DocumentList?docketId=5X11sL223duh_PLUS_jFL3vWSyQ==&display=all&courtType=Suffolk County Supreme Court&resultsPageNum=22,169,169,168,907286,AFFIRMATION,Processed,05/20/2019,05/20/2019,https://iapps.courts.state.ny.us/nyscef/ViewDocument?docIndex=3uJK_PLUS_yPiIU7kwaNFlbLItw==,https://iapps.courts.state.ny.us/nyscef/ConfirmationNotice?docId=3uJK_PLUS_yPiIU7kwaNFlbLItw==,"SELECT id, document_name, document_status, filed_create, document_link, document_bucket_link, document_confirmation_link, document_confirmation_bucket_link FROM courts_final.ny_docket_documents WHERE docket_id = '5X11sL223duh_PLUS_jFL3vWSyQ==' ORDER BY id;"
case_19833,130115/2013,dl0Hu6trzv_PLUS_JMsQYdiHHew==,https://iapps.courts.state.ny.us/nyscef/DocumentList?docketId=dl0Hu6trzv_PLUS_JMsQYdiHHew==&display=all&courtType=Richmond County Supreme Court&resultsPageNum=28,180,180,178,913213,AFFIDAVIT,Processed,05/25/2022,05/25/2022,https://iapps.courts.state.ny.us/nyscef/ViewDocument?docIndex=igqikpqjw2MVXUNnqm5PMw==,https://iapps.courts.state.ny.us/nyscef/ConfirmationNotice?docId=igqikpqjw2MVXUNnqm5PMw==,"SELECT id, document_name, document_status, filed_create, document_link, document_bucket_link, document_confirmation_link, document_confirmation_bucket_link FROM courts_final.ny_docket_documents WHERE docket_id = 'dl0Hu6trzv_PLUS_JMsQYdiHHew==' ORDER BY id;"
case_19833,130115/2013,dl0Hu6trzv_PLUS_JMsQYdiHHew==,https://iapps.courts.state.ny.us/nyscef/DocumentList?docketId=dl0Hu6trzv_PLUS_JMsQYdiHHew==&display=all&courtType=Richmond County Supreme Court&resultsPageNum=28,180,180,178,913236,EXHIBIT(S),Processed,06/28/2022,06/28/2022,https://iapps.courts.state.ny.us/nyscef/ViewDocument?docIndex=fbNPFUZ/HD31UaEhD7a1pw==,https://iapps.courts.state.ny.us/nyscef/ConfirmationNotice?docId=fbNPFUZ/HD31UaEhD7a1pw==,"SELECT id, document_name, document_status, filed_create, document_link, document_bucket_link, document_confirmation_link, document_confirmation_bucket_link FROM courts_final.ny_docket_documents WHERE docket_id = 'dl0Hu6trzv_PLUS_JMsQYdiHHew==' ORDER BY id;"
case_20024,157450/2019,I1HwjOQUgh9bioRXwY4GJw==,https://iapps.courts.state.ny.us/nyscef/DocumentList?docketId=I1HwjOQUgh9bioRXwY4GJw==&display=all&courtType=New York County Supreme Court&resultsPageNum=8,65,65,64,920293,DEMAND FOR:,Processed,05/06/2024,05/06/2024,https://iapps.courts.state.ny.us/nyscef/ViewDocument?docIndex=raO/HEXjNYwVf2wHlO2KGg==,https://iapps.courts.state.ny.us/nyscef/ConfirmationNotice?docId=raO/HEXjNYwVf2wHlO2KGg==,"SELECT id, document_name, document_status, filed_create, document_link, document_bucket_link, document_confirmation_link, document_confirmation_bucket_link FROM courts_final.ny_docket_documents WHERE docket_id = 'I1HwjOQUgh9bioRXwY4GJw==' ORDER BY id;"
case_20444,718545/2022,4q1eGMLL20g16iGAjng4IA==,https://iapps.courts.state.ny.us/nyscef/DocumentList?docketId=4q1eGMLL20g16iGAjng4IA==&display=all&courtType=Queens County Supreme Court&resultsPageNum=15,36,36,35,932565,DEMAND FOR:,Processed,11/04/2022,11/04/2022,https://iapps.courts.state.ny.us/nyscef/ViewDocument?docIndex=Iwk6SIyAJRHwJK0M9IcHUw==,https://iapps.courts.state.ny.us/nyscef/ConfirmationNotice?docId=Iwk6SIyAJRHwJK0M9IcHUw==,"SELECT id, document_name, document_status, filed_create, document_link, document_bucket_link, document_confirmation_link, document_confirmation_bucket_link FROM courts_final.ny_docket_documents WHERE docket_id = '4q1eGMLL20g16iGAjng4IA==' ORDER BY id;"
case_20468,802389/2024E,9xTFr3/dlzdD5oj_PLUS_1xG2ng==,https://iapps.courts.state.ny.us/nyscef/DocumentList?docketId=9xTFr3/dlzdD5oj_PLUS_1xG2ng==&display=all&courtType=Bronx County Supreme Court&resultsPageNum=16,115,115,113,933207,ANSWER,Processed,03/21/2024,03/21/2024,https://iapps.courts.state.ny.us/nyscef/ViewDocument?docIndex=d69B/n58iZiLq2SrwYlC7A==,https://iapps.courts.state.ny.us/nyscef/ConfirmationNotice?docId=d69B/n58iZiLq2SrwYlC7A==,"SELECT id, document_name, document_status, filed_create, document_link, document_bucket_link, document_confirmation_link, document_confirmation_bucket_link FROM courts_final.ny_docket_documents WHERE docket_id = '9xTFr3/dlzdD5oj_PLUS_1xG2ng==' ORDER BY id;"
case_20468,802389/2024E,9xTFr3/dlzdD5oj_PLUS_1xG2ng==,https://iapps.courts.state.ny.us/nyscef/DocumentList?docketId=9xTFr3/dlzdD5oj_PLUS_1xG2ng==&display=all&courtType=Bronx County Supreme Court&resultsPageNum=16,115,115,113,933209,STIPULATION - TIME TO ANSWER,Processed,04/08/2024,04/08/2024,https://iapps.courts.state.ny.us/nyscef/ViewDocument?docIndex=iwXAkNh_PLUS_v0gYmdxXs8m0JA==,https://iapps.courts.state.ny.us/nyscef/ConfirmationNotice?docId=iwXAkNh_PLUS_v0gYmdxXs8m0JA==,"SELECT id, document_name, document_status, filed_create, document_link, document_bucket_link, document_confirmation_link, document_confirmation_bucket_link FROM courts_final.ny_docket_documents WHERE docket_id = '9xTFr3/dlzdD5oj_PLUS_1xG2ng==' ORDER BY id;"
case_21129,EF001287-2020,R71EQ2syxoF6hDosJMS9vA==,https://iapps.courts.state.ny.us/nyscef/DocumentList?docketId=R71EQ2syxoF6hDosJMS9vA==&display=all&courtType=Orange County Supreme Court&resultsPageNum=19,5,5,4,948028,STIPULATION - DISCONTINUANCE (PRE RJI),Processed,09/02/2020,09/02/2020,https://iapps.courts.state.ny.us/nyscef/ViewDocument?docIndex=VMp19HZXTwiLvCISM5ZDmQ==,https://iapps.courts.state.ny.us/nyscef/ConfirmationNotice?docId=VMp19HZXTwiLvCISM5ZDmQ==,"SELECT id, document_name, document_status, filed_create, document_link, document_bucket_link, document_confirmation_link, document_confirmation_bucket_link FROM courts_final.ny_docket_documents WHERE docket_id = 'R71EQ2syxoF6hDosJMS9vA==' ORDER BY id;"
case_22214,600335/2010,sOpICYNNAGnSvOic0E3E6w==,https://iapps.courts.state.ny.us/nyscef/DocumentList?docketId=sOpICYNNAGnSvOic0E3E6w==&display=all&courtType=New York County Supreme Court&resultsPageNum=5,13,13,12,972012,STIPULATION - ADJOURNMENT OF MOTION,Processed,07/13/2010,07/13/2010,https://iapps.courts.state.ny.us/nyscef/ViewDocument?docIndex=C2MH/pPmqpQnk2O3lgMrjw==,https://iapps.courts.state.ny.us/nyscef/ConfirmationNotice?docId=C2MH/pPmqpQnk2O3lgMrjw==,"SELECT id, document_name, document_status, filed_create, document_link, document_bucket_link, document_confirmation_link, document_confirmation_bucket_link FROM courts_final.ny_docket_documents WHERE docket_id = 'sOpICYNNAGnSvOic0E3E6w==' ORDER BY id;"
case_22227,765000/2006,YTENWa2zoTGPiVwKArSERQ==,https://iapps.courts.state.ny.us/nyscef/DocumentList?docketId=YTENWa2zoTGPiVwKArSERQ==&display=all&courtType=New York County Supreme Court&resultsPageNum=8,126,126,124,972177,Letter / Correspondence,Processed,02/23/2010,02/23/2010,https://iapps.courts.state.ny.us/nyscef/ViewDocument?docIndex=qclr2iqsIZRs4PTUcWyOaA==,https://iapps.courts.state.ny.us/nyscef/ConfirmationNotice?docId=qclr2iqsIZRs4PTUcWyOaA==,"SELECT id, document_name, document_status, filed_create, document_link, document_bucket_link, document_confirmation_link, document_confirmation_bucket_link FROM courts_final.ny_docket_documents WHERE docket_id = 'YTENWa2zoTGPiVwKArSERQ==' ORDER BY id;"
case_22227,765000/2006,YTENWa2zoTGPiVwKArSERQ==,https://iapps.courts.state.ny.us/nyscef/DocumentList?docketId=YTENWa2zoTGPiVwKArSERQ==&display=all&courtType=New York County Supreme Court&resultsPageNum=8,126,126,124,972186,EXHIBIT(S),Processed,01/28/2011,01/28/2011,https://iapps.courts.state.ny.us/nyscef/ViewDocument?docIndex=dkVBwZbgj20yoJLib_PLUS_WiPQ==,https://iapps.courts.state.ny.us/nyscef/ConfirmationNotice?docId=dkVBwZbgj20yoJLib_PLUS_WiPQ==,"SELECT id, document_name, document_status, filed_create, document_link, document_bucket_link, document_confirmation_link, document_confirmation_bucket_link FROM courts_final.ny_docket_documents WHERE docket_id = 'YTENWa2zoTGPiVwKArSERQ==' ORDER BY id;"
case_22298,620434/2023,f44XRUSQ/OgUiAQXoqt6jA==,https://iapps.courts.state.ny.us/nyscef/DocumentList?docketId=f44XRUSQ/OgUiAQXoqt6jA==&display=all&courtType=Nassau County Supreme Court&resultsPageNum=3,60,60,59,973470,ANSWER,Processed,08/08/2024,08/08/2024,https://iapps.courts.state.ny.us/nyscef/ViewDocument?docIndex=x0cq8bAvrzsMb/OmVqjSHA==,https://iapps.courts.state.ny.us/nyscef/ConfirmationNotice?docId=x0cq8bAvrzsMb/OmVqjSHA==,"SELECT id, document_name, document_status, filed_create, document_link, document_bucket_link, document_confirmation_link, document_confirmation_bucket_link FROM courts_final.ny_docket_documents WHERE docket_id = 'f44XRUSQ/OgUiAQXoqt6jA==' ORDER BY id;"
case_22308,800457/2023E,t09b_PLUS_d7KIHHOBgG7at8rwg==,https://iapps.courts.state.ny.us/nyscef/DocumentList?docketId=t09b_PLUS_d7KIHHOBgG7at8rwg==&display=all&courtType=Bronx County Supreme Court&resultsPageNum=3,45,45,44,973679,NOTICE OF APPEARANCE (PRE RJI),Processed,02/07/2023,02/07/2023,https://iapps.courts.state.ny.us/nyscef/ViewDocument?docIndex=XzQvE003m4KUx8qVxSGTiA==,https://iapps.courts.state.ny.us/nyscef/ConfirmationNotice?docId=XzQvE003m4KUx8qVxSGTiA==,"SELECT id, document_name, document_status, filed_create, document_link, document_bucket_link, document_confirmation_link, document_confirmation_bucket_link FROM courts_final.ny_docket_documents WHERE docket_id = 't09b_PLUS_d7KIHHOBgG7at8rwg==' ORDER BY id;"
case_22330,524993/2022,1slOOHWMPQrpD_PLUS_gYPY91Bw==,https://iapps.courts.state.ny.us/nyscef/DocumentList?docketId=1slOOHWMPQrpD_PLUS_gYPY91Bw==&display=all&courtType=Kings County Supreme Court&resultsPageNum=1,127,127,125,973915,EXHIBIT(S),Processed,03/24/2025,03/24/2025,https://iapps.courts.state.ny.us/nyscef/ViewDocument?docIndex=BWp2tvVcR5DvT_PLUS_MbkkxpOA==,https://iapps.courts.state.ny.us/nyscef/ConfirmationNotice?docId=BWp2tvVcR5DvT_PLUS_MbkkxpOA==,"SELECT id, document_name, document_status, filed_create, document_link, document_bucket_link, document_confirmation_link, document_confirmation_bucket_link FROM courts_final.ny_docket_documents WHERE docket_id = '1slOOHWMPQrpD_PLUS_gYPY91Bw==' ORDER BY id;"
case_22330,524993/2022,1slOOHWMPQrpD_PLUS_gYPY91Bw==,https://iapps.courts.state.ny.us/nyscef/DocumentList?docketId=1slOOHWMPQrpD_PLUS_gYPY91Bw==&display=all&courtType=Kings County Supreme Court&resultsPageNum=1,127,127,125,973916,STIPULATION - ADJOURNMENT OF MOTION,Processed,04/08/2025,04/08/2025,https://iapps.courts.state.ny.us/nyscef/ViewDocument?docIndex=lpjh8O8tlTVGaqw0JPcEZw==,https://iapps.courts.state.ny.us/nyscef/ConfirmationNotice?docId=lpjh8O8tlTVGaqw0JPcEZw==,"SELECT id, document_name, document_status, filed_create, document_link, document_bucket_link, document_confirmation_link, document_confirmation_bucket_link FROM courts_final.ny_docket_documents WHERE docket_id = '1slOOHWMPQrpD_PLUS_gYPY91Bw==' ORDER BY id;"
case_22389,518790/2025,fSQSlpu89N_PLUS_D75fpqJ0HKQ==,https://iapps.courts.state.ny.us/nyscef/DocumentList?docketId=fSQSlpu89N_PLUS_D75fpqJ0HKQ==&display=all&courtType=Kings County Supreme Court&resultsPageNum=1,34,34,33,975799,EXHIBIT(S),Processed,03/24/2026,03/24/2026,https://iapps.courts.state.ny.us/nyscef/ViewDocument?docIndex=_PLUS_JZbPjlUIbMlwBeT26UP4A==,https://iapps.courts.state.ny.us/nyscef/ConfirmationNotice?docId=_PLUS_JZbPjlUIbMlwBeT26UP4A==,"SELECT id, document_name, document_status, filed_create, document_link, document_bucket_link, document_confirmation_link, document_confirmation_bucket_link FROM courts_final.ny_docket_documents WHERE docket_id = 'fSQSlpu89N_PLUS_D75fpqJ0HKQ==' ORDER BY id;"
case_22392,605155/2024,Kr/8JbmSKh3qKGuDVEd/4g==,https://iapps.courts.state.ny.us/nyscef/DocumentList?docketId=Kr/8JbmSKh3qKGuDVEd/4g==&display=all&courtType=Nassau County Supreme Court&resultsPageNum=1,111,111,108,975954,AFFIRMATION/AFFIDAVIT OF SERVICE,Processed,04/16/2024,04/16/2024,https://iapps.courts.state.ny.us/nyscef/ViewDocument?docIndex=6B2AQeDMBgM03xciUujxtg==,https://iapps.courts.state.ny.us/nyscef/ConfirmationNotice?docId=6B2AQeDMBgM03xciUujxtg==,"SELECT id, document_name, document_status, filed_create, document_link, document_bucket_link, document_confirmation_link, document_confirmation_bucket_link FROM courts_final.ny_docket_documents WHERE docket_id = 'Kr/8JbmSKh3qKGuDVEd/4g==' ORDER BY id;"
case_22392,605155/2024,Kr/8JbmSKh3qKGuDVEd/4g==,https://iapps.courts.state.ny.us/nyscef/DocumentList?docketId=Kr/8JbmSKh3qKGuDVEd/4g==&display=all&courtType=Nassau County Supreme Court&resultsPageNum=1,111,111,108,975955,AFFIRMATION/AFFIDAVIT OF SERVICE,Processed,04/16/2024,04/16/2024,https://iapps.courts.state.ny.us/nyscef/ViewDocument?docIndex=QYwLNEV0RDYxRIrofMtucg==,https://iapps.courts.state.ny.us/nyscef/ConfirmationNotice?docId=QYwLNEV0RDYxRIrofMtucg==,"SELECT id, document_name, document_status, filed_create, document_link, document_bucket_link, document_confirmation_link, document_confirmation_bucket_link FROM courts_final.ny_docket_documents WHERE docket_id = 'Kr/8JbmSKh3qKGuDVEd/4g==' ORDER BY id;"
case_22392,605155/2024,Kr/8JbmSKh3qKGuDVEd/4g==,https://iapps.courts.state.ny.us/nyscef/DocumentList?docketId=Kr/8JbmSKh3qKGuDVEd/4g==&display=all&courtType=Nassau County Supreme Court&resultsPageNum=1,111,111,108,976027,JUDGMENT -TO COURT (PROPOSED),Processed,04/28/2026,04/28/2026,https://iapps.courts.state.ny.us/nyscef/ViewDocument?docIndex=D8TOUDnPAvyrdZKH13dlbw==,https://iapps.courts.state.ny.us/nyscef/ConfirmationNotice?docId=D8TOUDnPAvyrdZKH13dlbw==&Corrected=Y,"SELECT id, document_name, document_status, filed_create, document_link, document_bucket_link, document_confirmation_link, document_confirmation_bucket_link FROM courts_final.ny_docket_documents WHERE docket_id = 'Kr/8JbmSKh3qKGuDVEd/4g==' ORDER BY id;"
case_23085,850224/2016,FFnyV2SQTaEVZ7onGKRTkw==,https://iapps.courts.state.ny.us/nyscef/DocumentList?docketId=FFnyV2SQTaEVZ7onGKRTkw==&display=all&courtType=New York County Supreme Court&resultsPageNum=13,49,49,48,989537,SUMMONS + COMPLAINT,Processed,11/18/2016,11/18/2016,https://iapps.courts.state.ny.us/nyscef/ViewDocument?docIndex=_PLUS_mlxMtIZQTrCqJFCSZLDIw==,https://iapps.courts.state.ny.us/nyscef/ConfirmationNotice?docId=_PLUS_mlxMtIZQTrCqJFCSZLDIw==,"SELECT id, document_name, document_status, filed_create, document_link, document_bucket_link, document_confirmation_link, document_confirmation_bucket_link FROM courts_final.ny_docket_documents WHERE docket_id = 'FFnyV2SQTaEVZ7onGKRTkw==' ORDER BY id;"
case_23131,850245/2013,1A8fEFN97WaZZTWBIUin8A==,https://iapps.courts.state.ny.us/nyscef/DocumentList?docketId=1A8fEFN97WaZZTWBIUin8A==&display=all&courtType=New York County Supreme Court&resultsPageNum=15,55,55,54,990547,AFFIRMATION OF ATTORNEY FEES,Processed,08/20/2018,08/20/2018,https://iapps.courts.state.ny.us/nyscef/ViewDocument?docIndex=l0OPyC95QT6tA/CHYJk_PLUS_kA==,https://iapps.courts.state.ny.us/nyscef/ConfirmationNotice?docId=l0OPyC95QT6tA/CHYJk_PLUS_kA==,"SELECT id, document_name, document_status, filed_create, document_link, document_bucket_link, document_confirmation_link, document_confirmation_bucket_link FROM courts_final.ny_docket_documents WHERE docket_id = '1A8fEFN97WaZZTWBIUin8A==' ORDER BY id;"
case_23132,850245/2018,8Yd9LgTffpzsjN6esomb0g==,https://iapps.courts.state.ny.us/nyscef/DocumentList?docketId=8Yd9LgTffpzsjN6esomb0g==&display=all&courtType=New York County Supreme Court&resultsPageNum=15,47,47,45,990600,EXHIBIT(S),Processed,11/23/2022,11/23/2022,https://iapps.courts.state.ny.us/nyscef/ViewDocument?docIndex=8dOqi_PLUS_Mmt9fUAA30rtLEUw==,https://iapps.courts.state.ny.us/nyscef/ConfirmationNotice?docId=8dOqi_PLUS_Mmt9fUAA30rtLEUw==,"SELECT id, document_name, document_status, filed_create, document_link, document_bucket_link, document_confirmation_link, document_confirmation_bucket_link FROM courts_final.ny_docket_documents WHERE docket_id = '8Yd9LgTffpzsjN6esomb0g==' ORDER BY id;"
case_23132,850245/2018,8Yd9LgTffpzsjN6esomb0g==,https://iapps.courts.state.ny.us/nyscef/DocumentList?docketId=8Yd9LgTffpzsjN6esomb0g==&display=all&courtType=New York County Supreme Court&resultsPageNum=15,47,47,45,990603,JUDGMENT,Processed,01/06/2023,01/06/2023,https://iapps.courts.state.ny.us/nyscef/ViewDocument?docIndex=/IjPWTq2EBOXVYiWr6mlYw==,https://iapps.courts.state.ny.us/nyscef/ConfirmationNotice?docId=/IjPWTq2EBOXVYiWr6mlYw==,"SELECT id, document_name, document_status, filed_create, document_link, document_bucket_link, document_confirmation_link, document_confirmation_bucket_link FROM courts_final.ny_docket_documents WHERE docket_id = '8Yd9LgTffpzsjN6esomb0g==' ORDER BY id;"
case_23133,850245/2023,/rHCNp9COou2gRE6Bfg90g==,https://iapps.courts.state.ny.us/nyscef/DocumentList?docketId=/rHCNp9COou2gRE6Bfg90g==&display=all&courtType=New York County Supreme Court&resultsPageNum=15,15,15,14,990621,EXHIBIT(S),Processed,08/26/2026,08/26/2026,https://iapps.courts.state.ny.us/nyscef/ViewDocument?docIndex=0aiDPuvXckXczNL9uyMhug==,https://iapps.courts.state.ny.us/nyscef/ConfirmationNotice?docId=0aiDPuvXckXczNL9uyMhug==,"SELECT id, document_name, document_status, filed_create, document_link, document_bucket_link, document_confirmation_link, document_confirmation_bucket_link FROM courts_final.ny_docket_documents WHERE docket_id = '/rHCNp9COou2gRE6Bfg90g==' ORDER BY id;"
case_23602,903652-20,wjJTFkHwIliOov0_PLUS_dE9qmg==,https://iapps.courts.state.ny.us/nyscef/DocumentList?docketId=wjJTFkHwIliOov0_PLUS_dE9qmg==&display=all&courtType=Albany County Supreme Court&resultsPageNum=1,435,435,433,1005162,EXHIBIT(S),Processed,07/09/2021,07/09/2021,https://iapps.courts.state.ny.us/nyscef/ViewDocument?docIndex=OAhbL_PLUS_WlmTwWUkk0F7n6TA==,https://iapps.courts.state.ny.us/nyscef/ConfirmationNotice?docId=OAhbL_PLUS_WlmTwWUkk0F7n6TA==,"SELECT id, document_name, document_status, filed_create, document_link, document_bucket_link, document_confirmation_link, document_confirmation_bucket_link FROM courts_final.ny_docket_documents WHERE docket_id = 'wjJTFkHwIliOov0_PLUS_dE9qmg==' ORDER BY id;"
case_23602,903652-20,wjJTFkHwIliOov0_PLUS_dE9qmg==,https://iapps.courts.state.ny.us/nyscef/DocumentList?docketId=wjJTFkHwIliOov0_PLUS_dE9qmg==&display=all&courtType=Albany County Supreme Court&resultsPageNum=1,435,435,433,1005163,EXHIBIT(S),Processed,07/09/2021,07/09/2021,https://iapps.courts.state.ny.us/nyscef/ViewDocument?docIndex=M5yoVvgYIZxO4TdOpsvliA==,https://iapps.courts.state.ny.us/nyscef/ConfirmationNotice?docId=M5yoVvgYIZxO4TdOpsvliA==,"SELECT id, document_name, document_status, filed_create, document_link, document_bucket_link, document_confirmation_link, document_confirmation_bucket_link FROM courts_final.ny_docket_documents WHERE docket_id = 'wjJTFkHwIliOov0_PLUS_dE9qmg==' ORDER BY id;"
case_24616,250649/2014,/UrNrTjK1tTjoB59MElHsQ==,https://iapps.courts.state.ny.us/nyscef/DocumentList?docketId=/UrNrTjK1tTjoB59MElHsQ==&display=all&courtType=New York County Supreme Court&resultsPageNum=5,1,1,0,1025738,TAX CERTIORARI PETITION -COMPUTER GENERATED,Processed,09/15/2014,09/15/2014,https://iapps.courts.state.ny.us/nyscef/ViewDocument?docIndex=w77yQ88LfH6YsNVs7wb1JA==,https://iapps.courts.state.ny.us/nyscef/ConfirmationNotice?docId=w77yQ88LfH6YsNVs7wb1JA==,"SELECT id, document_name, document_status, filed_create, document_link, document_bucket_link, document_confirmation_link, document_confirmation_bucket_link FROM courts_final.ny_docket_documents WHERE docket_id = '/UrNrTjK1tTjoB59MElHsQ==' ORDER BY id;"
case_26875,EF20201021,LWCI28s9w4MMESQvK//yYw==,https://iapps.courts.state.ny.us/nyscef/DocumentList?docketId=LWCI28s9w4MMESQvK//yYw==&display=all&courtType=Saratoga County Supreme Court&resultsPageNum=3,654,654,652,1065758,STATEMENT OF AUTHORIZATION FOR ELECTRONIC FILING,Processed,09/03/2020,09/03/2020,https://iapps.courts.state.ny.us/nyscef/ViewDocument?docIndex=fU2za73nsKgkjWdqq1jD7w==,https://iapps.courts.state.ny.us/nyscef/ConfirmationNotice?docId=fU2za73nsKgkjWdqq1jD7w==,"SELECT id, document_name, document_status, filed_create, document_link, document_bucket_link, document_confirmation_link, document_confirmation_bucket_link FROM courts_final.ny_docket_documents WHERE docket_id = 'LWCI28s9w4MMESQvK//yYw==' ORDER BY id;"
case_26875,EF20201021,LWCI28s9w4MMESQvK//yYw==,https://iapps.courts.state.ny.us/nyscef/DocumentList?docketId=LWCI28s9w4MMESQvK//yYw==&display=all&courtType=Saratoga County Supreme Court&resultsPageNum=3,654,654,652,1065865,EXHIBIT(S),Processed,11/12/2020,11/12/2020,https://iapps.courts.state.ny.us/nyscef/ViewDocument?docIndex=qOTE3L_PLUS_ooDtgKZjp5OV8sg==,https://iapps.courts.state.ny.us/nyscef/ConfirmationNotice?docId=qOTE3L_PLUS_ooDtgKZjp5OV8sg==,"SELECT id, document_name, document_status, filed_create, document_link, document_bucket_link, document_confirmation_link, document_confirmation_bucket_link FROM courts_final.ny_docket_documents WHERE docket_id = 'LWCI28s9w4MMESQvK//yYw==' ORDER BY id;"
case_26912,2024-1017,5aU7fGPIijHw7fdkUKilLg==,https://iapps.courts.state.ny.us/nyscef/DocumentList?docketId=5aU7fGPIijHw7fdkUKilLg==&display=all&courtType=Schenectady County Supreme Court&resultsPageNum=1,273,273,270,1070606,AFFIDAVIT OR AFFIRMATION IN SUPPORT OF MOTION,Processed,11/22/2024,11/22/2024,https://iapps.courts.state.ny.us/nyscef/ViewDocument?docIndex=O/zAJHtB9d07J7y0CaC3bQ==,https://iapps.courts.state.ny.us/nyscef/ConfirmationNotice?docId=O/zAJHtB9d07J7y0CaC3bQ==,"SELECT id, document_name, document_status, filed_create, document_link, document_bucket_link, document_confirmation_link, document_confirmation_bucket_link FROM courts_final.ny_docket_documents WHERE docket_id = '5aU7fGPIijHw7fdkUKilLg==' ORDER BY id;"
case_26912,2024-1017,5aU7fGPIijHw7fdkUKilLg==,https://iapps.courts.state.ny.us/nyscef/DocumentList?docketId=5aU7fGPIijHw7fdkUKilLg==&display=all&courtType=Schenectady County Supreme Court&resultsPageNum=1,273,273,270,1070695,EXHIBIT(S),Processed,03/13/2025,03/13/2025,https://iapps.courts.state.ny.us/nyscef/ViewDocument?docIndex=NU9mhp0RHfEO8ef_PLUS_fBG76g==,https://iapps.courts.state.ny.us/nyscef/ConfirmationNotice?docId=NU9mhp0RHfEO8ef_PLUS_fBG76g==,"SELECT id, document_name, document_status, filed_create, document_link, document_bucket_link, document_confirmation_link, document_confirmation_bucket_link FROM courts_final.ny_docket_documents WHERE docket_id = '5aU7fGPIijHw7fdkUKilLg==' ORDER BY id;"
case_26912,2024-1017,5aU7fGPIijHw7fdkUKilLg==,https://iapps.courts.state.ny.us/nyscef/DocumentList?docketId=5aU7fGPIijHw7fdkUKilLg==&display=all&courtType=Schenectady County Supreme Court&resultsPageNum=1,273,273,270,1070703,LETTER/CORRESPONDENCE - SO ORDERED,Processed,03/19/2025,03/17/2025,https://iapps.courts.state.ny.us/nyscef/ViewDocument?docIndex=8vi1z0OemYUOUNp_PLUS_vuTIaw==,https://iapps.courts.state.ny.us/nyscef/ConfirmationNotice?docId=8vi1z0OemYUOUNp_PLUS_vuTIaw==,"SELECT id, document_name, document_status, filed_create, document_link, document_bucket_link, document_confirmation_link, document_confirmation_bucket_link FROM courts_final.ny_docket_documents WHERE docket_id = '5aU7fGPIijHw7fdkUKilLg==' ORDER BY id;"
case_27191,012827/2012,tr943YE6RX8bezhN0mPZdQ==,https://iapps.courts.state.ny.us/nyscef/DocumentList?docketId=tr943YE6RX8bezhN0mPZdQ==&display=all&courtType=Suffolk County Supreme Court&resultsPageNum=10,32,32,30,1075021,ORDER ( PROPOSED ),Processed,06/30/2014,06/30/2014,https://iapps.courts.state.ny.us/nyscef/ViewDocument?docIndex=cZmkZgt7ZJGup3SqqrWJ7g==,https://iapps.courts.state.ny.us/nyscef/ConfirmationNotice?docId=cZmkZgt7ZJGup3SqqrWJ7g==,"SELECT id, document_name, document_status, filed_create, document_link, document_bucket_link, document_confirmation_link, document_confirmation_bucket_link FROM courts_final.ny_docket_documents WHERE docket_id = 'tr943YE6RX8bezhN0mPZdQ==' ORDER BY id;"
case_27191,012827/2012,tr943YE6RX8bezhN0mPZdQ==,https://iapps.courts.state.ny.us/nyscef/DocumentList?docketId=tr943YE6RX8bezhN0mPZdQ==&display=all&courtType=Suffolk County Supreme Court&resultsPageNum=10,32,32,30,1075024,EXHIBIT(S),Processed,07/29/2014,07/29/2014,https://iapps.courts.state.ny.us/nyscef/ViewDocument?docIndex=zf0Gi4_PLUS_c_PLUS_62RW8VfPqOyBA==,https://iapps.courts.state.ny.us/nyscef/ConfirmationNotice?docId=zf0Gi4_PLUS_c_PLUS_62RW8VfPqOyBA==,"SELECT id, document_name, document_status, filed_create, document_link, document_bucket_link, document_confirmation_link, document_confirmation_bucket_link FROM courts_final.ny_docket_documents WHERE docket_id = 'tr943YE6RX8bezhN0mPZdQ==' ORDER BY id;"
case_27196,024966/2014,kFLP7UvgN9Wd64dxZRi3ig==,https://iapps.courts.state.ny.us/nyscef/DocumentList?docketId=kFLP7UvgN9Wd64dxZRi3ig==&display=all&courtType=Suffolk County Supreme Court&resultsPageNum=10,79,79,78,1075113,EXHIBIT(S),Processed,04/22/2016,04/22/2016,https://iapps.courts.state.ny.us/nyscef/ViewDocument?docIndex=LOqeXivf6Zc3ImLQ6wBEYA==,https://iapps.courts.state.ny.us/nyscef/ConfirmationNotice?docId=LOqeXivf6Zc3ImLQ6wBEYA==,"SELECT id, document_name, document_status, filed_create, document_link, document_bucket_link, document_confirmation_link, document_confirmation_bucket_link FROM courts_final.ny_docket_documents WHERE docket_id = 'kFLP7UvgN9Wd64dxZRi3ig==' ORDER BY id;"
case_27231,030838/2012,u9djswvu_PLUS_SJjHYlXa_PLUS_phVg==,https://iapps.courts.state.ny.us/nyscef/DocumentList?docketId=u9djswvu_PLUS_SJjHYlXa_PLUS_phVg==&display=all&courtType=Rockland County Supreme Court&resultsPageNum=12,4,4,2,1075815,JUDGMENT,Processed,06/25/2012,06/25/2012,https://iapps.courts.state.ny.us/nyscef/ViewDocument?docIndex=aDze7JmGTkKIc00Wr9z2rQ==,https://iapps.courts.state.ny.us/nyscef/ConfirmationNotice?docId=aDze7JmGTkKIc00Wr9z2rQ==,"SELECT id, document_name, document_status, filed_create, document_link, document_bucket_link, document_confirmation_link, document_confirmation_bucket_link FROM courts_final.ny_docket_documents WHERE docket_id = 'u9djswvu_PLUS_SJjHYlXa_PLUS_phVg==' ORDER BY id;"
case_27231,030838/2012,u9djswvu_PLUS_SJjHYlXa_PLUS_phVg==,https://iapps.courts.state.ny.us/nyscef/DocumentList?docketId=u9djswvu_PLUS_SJjHYlXa_PLUS_phVg==&display=all&courtType=Rockland County Supreme Court&resultsPageNum=12,4,4,2,1075816,SATISFACTION OF JUDGMENT,Processed,05/11/2018,05/11/2018,https://iapps.courts.state.ny.us/nyscef/ViewDocument?docIndex=TBWB2tfxCAEKNh5M76bpGg==,https://iapps.courts.state.ny.us/nyscef/ConfirmationNotice?docId=TBWB2tfxCAEKNh5M76bpGg==,"SELECT id, document_name, document_status, filed_create, document_link, document_bucket_link, document_confirmation_link, document_confirmation_bucket_link FROM courts_final.ny_docket_documents WHERE docket_id = 'u9djswvu_PLUS_SJjHYlXa_PLUS_phVg==' ORDER BY id;"
case_27437,034920/2025,X1tCYAGzGAji9CK6I8uenQ==,https://iapps.courts.state.ny.us/nyscef/DocumentList?docketId=X1tCYAGzGAji9CK6I8uenQ==&display=all&courtType=Rockland County Supreme Court&resultsPageNum=20,11,11,9,1078390,ORDER ( PROPOSED ),Processed,12/15/2025,12/15/2025,https://iapps.courts.state.ny.us/nyscef/ViewDocument?docIndex=CZSC3zqFrZ5953cdYvmWqA==,https://iapps.courts.state.ny.us/nyscef/ConfirmationNotice?docId=CZSC3zqFrZ5953cdYvmWqA==,"SELECT id, document_name, document_status, filed_create, document_link, document_bucket_link, document_confirmation_link, document_confirmation_bucket_link FROM courts_final.ny_docket_documents WHERE docket_id = 'X1tCYAGzGAji9CK6I8uenQ==' ORDER BY id;"
case_27437,034920/2025,X1tCYAGzGAji9CK6I8uenQ==,https://iapps.courts.state.ny.us/nyscef/DocumentList?docketId=X1tCYAGzGAji9CK6I8uenQ==&display=all&courtType=Rockland County Supreme Court&resultsPageNum=20,11,11,9,1078394,ORDER - OTHER,Processed,12/30/2025,12/30/2025,https://iapps.courts.state.ny.us/nyscef/ViewDocument?docIndex=6GRh9BNht9FsoZbCGaA3Ng==,https://iapps.courts.state.ny.us/nyscef/ConfirmationNotice?docId=6GRh9BNht9FsoZbCGaA3Ng==,"SELECT id, document_name, document_status, filed_create, document_link, document_bucket_link, document_confirmation_link, document_confirmation_bucket_link FROM courts_final.ny_docket_documents WHERE docket_id = 'X1tCYAGzGAji9CK6I8uenQ==' ORDER BY id;"
case_27438,034923/2019,7BeFvEQG/GCL1p6vKiyU3A==,https://iapps.courts.state.ny.us/nyscef/DocumentList?docketId=7BeFvEQG/GCL1p6vKiyU3A==&display=all&courtType=Rockland County Supreme Court&resultsPageNum=20,156,156,155,1078543,EXHIBIT(S),Processed,09/15/2021,09/15/2021,https://iapps.courts.state.ny.us/nyscef/ViewDocument?docIndex=_PLUS_aM3KYXdiGO/LL8grHg7gg==,https://iapps.courts.state.ny.us/nyscef/ConfirmationNotice?docId=_PLUS_aM3KYXdiGO/LL8grHg7gg==,"SELECT id, document_name, document_status, filed_create, document_link, document_bucket_link, document_confirmation_link, document_confirmation_bucket_link FROM courts_final.ny_docket_documents WHERE docket_id = '7BeFvEQG/GCL1p6vKiyU3A==' ORDER BY id;"
case_27439,034978/2023,pxUc09h4qacbjcTVAMflDA==,https://iapps.courts.state.ny.us/nyscef/DocumentList?docketId=pxUc09h4qacbjcTVAMflDA==&display=all&courtType=Rockland County Supreme Court&resultsPageNum=20,107,107,106,1078561,AFFIDAVIT,Processed,10/23/2023,10/23/2023,https://iapps.courts.state.ny.us/nyscef/ViewDocument?docIndex=JU3wrEiVwHGysQykGQFHuw==,https://iapps.courts.state.ny.us/nyscef/ConfirmationNotice?docId=JU3wrEiVwHGysQykGQFHuw==,"SELECT id, document_name, document_status, filed_create, document_link, document_bucket_link, document_confirmation_link, document_confirmation_bucket_link FROM courts_final.ny_docket_documents WHERE docket_id = 'pxUc09h4qacbjcTVAMflDA==' ORDER BY id;"
case_27440,034998/2012,fJ6TaFuOp0xI2774cKy8IQ==,https://iapps.courts.state.ny.us/nyscef/DocumentList?docketId=fJ6TaFuOp0xI2774cKy8IQ==&display=all&courtType=Rockland County Supreme Court&resultsPageNum=20,17,17,16,1078674,ORDER TO SHOW CAUSE,Processed,04/15/2025,04/15/2025,https://iapps.courts.state.ny.us/nyscef/ViewDocument?docIndex=VruLiRGsvAPd3uBYFJzxQg==,https://iapps.courts.state.ny.us/nyscef/ConfirmationNotice?docId=VruLiRGsvAPd3uBYFJzxQg==,"SELECT id, document_name, document_status, filed_create, document_link, document_bucket_link, document_confirmation_link, document_confirmation_bucket_link FROM courts_final.ny_docket_documents WHERE docket_id = 'fJ6TaFuOp0xI2774cKy8IQ==' ORDER BY id;"
case_27522,065368/2014,d9u_PLUS_Oloo/iP32_PLUS_mSHi97WQ==,https://iapps.courts.state.ny.us/nyscef/DocumentList?docketId=d9u_PLUS_Oloo/iP32_PLUS_mSHi97WQ==&display=all&courtType=Suffolk County Supreme Court&resultsPageNum=23,64,64,63,1080102,EXHIBIT(S),Processed,08/13/2014,08/13/2014,https://iapps.courts.state.ny.us/nyscef/ViewDocument?docIndex=dTt7DmFHL/tMbK3GV3KcTA==,https://iapps.courts.state.ny.us/nyscef/ConfirmationNotice?docId=dTt7DmFHL/tMbK3GV3KcTA==,"SELECT id, document_name, document_status, filed_create, document_link, document_bucket_link, document_confirmation_link, document_confirmation_bucket_link FROM courts_final.ny_docket_documents WHERE docket_id = 'd9u_PLUS_Oloo/iP32_PLUS_mSHi97WQ==' ORDER BY id;"
case_27807,102222/2016,qN/bO9BiwwsyoNRAJjA5HA==,https://iapps.courts.state.ny.us/nyscef/DocumentList?docketId=qN/bO9BiwwsyoNRAJjA5HA==&display=all&courtType=Bronx County Supreme Court&resultsPageNum=35,3,3,2,1080908,TAX CERTIORARI STIPULATION OF DISCONTINUANCE - COMPUTER GENERATED,,05/16/2018,05/16/2018,https://iapps.courts.state.ny.us/nyscef/ViewDocument?docIndex=6_PLUS_L1wCln23JxHMYY49SAEg==,https://iapps.courts.state.ny.us/nyscef/ConfirmationNotice?docId=6_PLUS_L1wCln23JxHMYY49SAEg==,"SELECT id, document_name, document_status, filed_create, document_link, document_bucket_link, document_confirmation_link, document_confirmation_bucket_link FROM courts_final.ny_docket_documents WHERE docket_id = 'qN/bO9BiwwsyoNRAJjA5HA==' ORDER BY id;"
case_28223,061806/2014,ue_PLUS_sqxI_PLUS_mlMKs_PLUS_kqK/erJQ==,https://iapps.courts.state.ny.us/nyscef/DocumentList?docketId=ue_PLUS_sqxI_PLUS_mlMKs_PLUS_kqK/erJQ==&display=all&courtType=Suffolk County Supreme Court&resultsPageNum=13,450,450,449,1091134,MEMORANDUM OF LAW IN OPPOSITION,Processed,05/30/2018,05/30/2018,https://iapps.courts.state.ny.us/nyscef/ViewDocument?docIndex=1XKI_PLUS_S5JZGTcYO8Qazl6eQ==,https://iapps.courts.state.ny.us/nyscef/ConfirmationNotice?docId=1XKI_PLUS_S5JZGTcYO8Qazl6eQ==,"SELECT id, document_name, document_status, filed_create, document_link, document_bucket_link, document_confirmation_link, document_confirmation_bucket_link FROM courts_final.ny_docket_documents WHERE docket_id = 'ue_PLUS_sqxI_PLUS_mlMKs_PLUS_kqK/erJQ==' ORDER BY id;"
case_28345,102395/2015,bXXGj7z91f6XXcq9KW224Q==,https://iapps.courts.state.ny.us/nyscef/DocumentList?docketId=bXXGj7z91f6XXcq9KW224Q==&display=all&courtType=Bronx County Supreme Court&resultsPageNum=18,2,2,1,1093067,TAX CERTIORARI PETITION -COMPUTER GENERATED,Processed,10/16/2015,10/16/2015,https://iapps.courts.state.ny.us/nyscef/ViewDocument?docIndex=kehC5QNZo0VyTK0hH0sbOQ==,https://iapps.courts.state.ny.us/nyscef/ConfirmationNotice?docId=kehC5QNZo0VyTK0hH0sbOQ==,"SELECT id, document_name, document_status, filed_create, document_link, document_bucket_link, document_confirmation_link, document_confirmation_bucket_link FROM courts_final.ny_docket_documents WHERE docket_id = 'bXXGj7z91f6XXcq9KW224Q==' ORDER BY id;"
case_28508,151532/2019,b9SWYX_PLUS_l2kf4ui2lh9uspA==,https://iapps.courts.state.ny.us/nyscef/DocumentList?docketId=b9SWYX_PLUS_l2kf4ui2lh9uspA==&display=all&courtType=New York County Supreme Court&resultsPageNum=25,519,519,518,1100143,EXHIBIT(S),Processed,03/31/2026,03/31/2026,https://iapps.courts.state.ny.us/nyscef/ViewDocument?docIndex=x/nzbEc7PCATLMxCXE4Y4g==,https://iapps.courts.state.ny.us/nyscef/ConfirmationNotice?docId=x/nzbEc7PCATLMxCXE4Y4g==,"SELECT id, document_name, document_status, filed_create, document_link, document_bucket_link, document_confirmation_link, document_confirmation_bucket_link FROM courts_final.ny_docket_documents WHERE docket_id = 'b9SWYX_PLUS_l2kf4ui2lh9uspA==' ORDER BY id;"
case_28514,151547/2014,_PLUS_bHyqwHFzWSZKovcxSo1dw==,https://iapps.courts.state.ny.us/nyscef/DocumentList?docketId=_PLUS_bHyqwHFzWSZKovcxSo1dw==&display=all&courtType=New York County Supreme Court&resultsPageNum=25,134,134,132,1100741,AFFIRMATION/AFFIDAVIT OF SERVICE,Processed,10/23/2014,10/23/2014,https://iapps.courts.state.ny.us/nyscef/ViewDocument?docIndex=ZbRaaoX3YoD3XSw7zsU0Tg==,https://iapps.courts.state.ny.us/nyscef/ConfirmationNotice?docId=ZbRaaoX3YoD3XSw7zsU0Tg==,"SELECT id, document_name, document_status, filed_create, document_link, document_bucket_link, document_confirmation_link, document_confirmation_bucket_link FROM courts_final.ny_docket_documents WHERE docket_id = '_PLUS_bHyqwHFzWSZKovcxSo1dw==' ORDER BY id;"
case_28514,151547/2014,_PLUS_bHyqwHFzWSZKovcxSo1dw==,https://iapps.courts.state.ny.us/nyscef/DocumentList?docketId=_PLUS_bHyqwHFzWSZKovcxSo1dw==&display=all&courtType=New York County Supreme Court&resultsPageNum=25,134,134,132,1100835,DECISION + ORDER ON MOTION,Processed,08/14/2017,08/14/2017,https://iapps.courts.state.ny.us/nyscef/ViewDocument?docIndex=0TdCLxmVu0/agkKyjVbhQg==,https://iapps.courts.state.ny.us/nyscef/ConfirmationNotice?docId=0TdCLxmVu0/agkKyjVbhQg==,"SELECT id, document_name, document_status, filed_create, document_link, document_bucket_link, document_confirmation_link, document_confirmation_bucket_link FROM courts_final.ny_docket_documents WHERE docket_id = '_PLUS_bHyqwHFzWSZKovcxSo1dw==' ORDER BY id;"
case_28522,151657/2020,vt3SUaIXzrq4IqROX/T1oQ==,https://iapps.courts.state.ny.us/nyscef/DocumentList?docketId=vt3SUaIXzrq4IqROX/T1oQ==&display=all&courtType=New York County Supreme Court&resultsPageNum=25,325,325,324,1101157,AFFIRMATION/AFFIDAVIT OF SERVICE,Processed,05/03/2021,05/03/2021,https://iapps.courts.state.ny.us/nyscef/ViewDocument?docIndex=6W6Q1JA2DEXfvjaWMwF9KQ==,https://iapps.courts.state.ny.us/nyscef/ConfirmationNotice?docId=6W6Q1JA2DEXfvjaWMwF9KQ==,"SELECT id, document_name, document_status, filed_create, document_link, document_bucket_link, document_confirmation_link, document_confirmation_bucket_link FROM courts_final.ny_docket_documents WHERE docket_id = 'vt3SUaIXzrq4IqROX/T1oQ==' ORDER BY id;"
case_28570,152456/2018,9y3NSDxvUMoYsLPNz0ftuA==,https://iapps.courts.state.ny.us/nyscef/DocumentList?docketId=9y3NSDxvUMoYsLPNz0ftuA==&display=all&courtType=New York County Supreme Court&resultsPageNum=27,113,113,112,1104050,EXHIBIT(S),Processed,04/13/2021,04/13/2021,https://iapps.courts.state.ny.us/nyscef/ViewDocument?docIndex=DxlPTNmU2xlSPn_PLUS_tE/1Kuw==,https://iapps.courts.state.ny.us/nyscef/ConfirmationNotice?docId=DxlPTNmU2xlSPn_PLUS_tE/1Kuw==,"SELECT id, document_name, document_status, filed_create, document_link, document_bucket_link, document_confirmation_link, document_confirmation_bucket_link FROM courts_final.ny_docket_documents WHERE docket_id = '9y3NSDxvUMoYsLPNz0ftuA==' ORDER BY id;"
case_28577,152551/2015,QS9sKe7WujiMO/nu3eB3pw==,https://iapps.courts.state.ny.us/nyscef/DocumentList?docketId=QS9sKe7WujiMO/nu3eB3pw==&display=all&courtType=New York County Supreme Court&resultsPageNum=27,314,314,313,1104466,EXHIBIT(S),Processed,12/17/2018,12/17/2018,https://iapps.courts.state.ny.us/nyscef/ViewDocument?docIndex=9jeJT61rZq2O8lWaZLN9aw==,https://iapps.courts.state.ny.us/nyscef/ConfirmationNotice?docId=9jeJT61rZq2O8lWaZLN9aw==,"SELECT id, document_name, document_status, filed_create, document_link, document_bucket_link, document_confirmation_link, document_confirmation_bucket_link FROM courts_final.ny_docket_documents WHERE docket_id = 'QS9sKe7WujiMO/nu3eB3pw==' ORDER BY id;"
case_28810,Not Assigned,8lKy7o2QprTHpE2x6_PLUS_r_PLUS_Hg==,https://iapps.courts.state.ny.us/nyscef/DocumentList?docketId=8lKy7o2QprTHpE2x6_PLUS_r_PLUS_Hg==&display=all&courtType=New York County Supreme Court&resultsPageNum=1,2,2,1,1116831,JUDGMENT-FOREIGN (5402),,09/02/2026,09/02/2026,https://iapps.courts.state.ny.us/nyscef/ViewDocument?docIndex=5jXVKNH4D4JneLvvl7MySA==,https://iapps.courts.state.ny.us/nyscef/ConfirmationNotice?docId=5jXVKNH4D4JneLvvl7MySA==,"SELECT id, document_name, document_status, filed_create, document_link, document_bucket_link, document_confirmation_link, document_confirmation_bucket_link FROM courts_final.ny_docket_documents WHERE docket_id = '8lKy7o2QprTHpE2x6_PLUS_r_PLUS_Hg==' ORDER BY id;"
case_29923,CV-701161-26/RI,bbdkJz0x82L1mMZQlyN9qg==,https://iapps.courts.state.ny.us/nyscef/DocumentList?docketId=bbdkJz0x82L1mMZQlyN9qg==&display=all&courtType=Richmond County Civil Court - Civil Division&resultsPageNum=3,3,3,2,1155425,SUMMONS + COMPLAINT,Processed,01/05/2026,12/26/2025,https://iapps.courts.state.ny.us/nyscef/ViewDocument?docIndex=jaeHG7lBvZmFoXWZr_PLUS_kY0A==,https://iapps.courts.state.ny.us/nyscef/ConfirmationNotice?docId=jaeHG7lBvZmFoXWZr_PLUS_kY0A==,"SELECT id, document_name, document_status, filed_create, document_link, document_bucket_link, document_confirmation_link, document_confirmation_bucket_link FROM courts_final.ny_docket_documents WHERE docket_id = 'bbdkJz0x82L1mMZQlyN9qg==' ORDER BY id;"
case_31174,EF001120-2017,3GWLn_PLUS_dOaWovrdqmpVffQQ==,https://iapps.courts.state.ny.us/nyscef/DocumentList?docketId=3GWLn_PLUS_dOaWovrdqmpVffQQ==&display=all&courtType=Orange County Supreme Court&resultsPageNum=3,22,22,21,1172744,COMPLAINT (AMENDED),Processed,03/27/2017,03/27/2017,https://iapps.courts.state.ny.us/nyscef/ViewDocument?docIndex=Mnl8djtT88/WuHukGtSpFw==,https://iapps.courts.state.ny.us/nyscef/ConfirmationNotice?docId=Mnl8djtT88/WuHukGtSpFw==,"SELECT id, document_name, document_status, filed_create, document_link, document_bucket_link, document_confirmation_link, document_confirmation_bucket_link FROM courts_final.ny_docket_documents WHERE docket_id = '3GWLn_PLUS_dOaWovrdqmpVffQQ==' ORDER BY id;"
case_31514,510803/2025,0vCfh7e/3E1C5GD0iCUS2w==,https://iapps.courts.state.ny.us/nyscef/DocumentList?docketId=0vCfh7e/3E1C5GD0iCUS2w==&display=all&courtType=Kings County Supreme Court&resultsPageNum=2,54,54,53,1176118,ORDER - OTHER,Processed,06/25/2026,06/25/2026,https://iapps.courts.state.ny.us/nyscef/ViewDocument?docIndex=IznflxZOItu4/QLs8xVFeg==,https://iapps.courts.state.ny.us/nyscef/ConfirmationNotice?docId=IznflxZOItu4/QLs8xVFeg==,"SELECT id, document_name, document_status, filed_create, document_link, document_bucket_link, document_confirmation_link, document_confirmation_bucket_link FROM courts_final.ny_docket_documents WHERE docket_id = '0vCfh7e/3E1C5GD0iCUS2w==' ORDER BY id;"
case_32806,190033/2014,4SM6nSclbVT8xwiimbla/A==,https://iapps.courts.state.ny.us/nyscef/DocumentList?docketId=4SM6nSclbVT8xwiimbla/A==&display=all&courtType=New York County Supreme Court&resultsPageNum=1,605,605,604,1184283,EXHIBIT(S),Processed,09/09/2015,09/09/2015,https://iapps.courts.state.ny.us/nyscef/ViewDocument?docIndex=jrAnA70mnOPs0q0L3WG/Rw==,https://iapps.courts.state.ny.us/nyscef/ConfirmationNotice?docId=jrAnA70mnOPs0q0L3WG/Rw==,"SELECT id, document_name, document_status, filed_create, document_link, document_bucket_link, document_confirmation_link, document_confirmation_bucket_link FROM courts_final.ny_docket_documents WHERE docket_id = '4SM6nSclbVT8xwiimbla/A==' ORDER BY id;"
case_34006,154615/2013,AToUygkF1XdBBUy/OzPQHw==,https://iapps.courts.state.ny.us/nyscef/DocumentList?docketId=AToUygkF1XdBBUy/OzPQHw==&display=all&courtType=New York County Supreme Court&resultsPageNum=2,11,11,8,1187963,AFFIDAVIT OR AFFIRMATION IN SUPPORT,Processed,05/20/2013,05/20/2013,https://iapps.courts.state.ny.us/nyscef/ViewDocument?docIndex=nF4mgry5VKupNo7P6lOckA==,https://iapps.courts.state.ny.us/nyscef/ConfirmationNotice?docId=nF4mgry5VKupNo7P6lOckA==,"SELECT id, document_name, document_status, filed_create, document_link, document_bucket_link, document_confirmation_link, document_confirmation_bucket_link FROM courts_final.ny_docket_documents WHERE docket_id = 'AToUygkF1XdBBUy/OzPQHw==' ORDER BY id;"
case_34006,154615/2013,AToUygkF1XdBBUy/OzPQHw==,https://iapps.courts.state.ny.us/nyscef/DocumentList?docketId=AToUygkF1XdBBUy/OzPQHw==&display=all&courtType=New York County Supreme Court&resultsPageNum=2,11,11,8,1187964,EXHIBIT(S),Processed,05/20/2013,05/20/2013,https://iapps.courts.state.ny.us/nyscef/ViewDocument?docIndex=IclDh1iKh_PLUS_XxQznmVYgZeg==,https://iapps.courts.state.ny.us/nyscef/ConfirmationNotice?docId=IclDh1iKh_PLUS_XxQznmVYgZeg==,"SELECT id, document_name, document_status, filed_create, document_link, document_bucket_link, document_confirmation_link, document_confirmation_bucket_link FROM courts_final.ny_docket_documents WHERE docket_id = 'AToUygkF1XdBBUy/OzPQHw==' ORDER BY id;"
case_34006,154615/2013,AToUygkF1XdBBUy/OzPQHw==,https://iapps.courts.state.ny.us/nyscef/DocumentList?docketId=AToUygkF1XdBBUy/OzPQHw==&display=all&courtType=New York County Supreme Court&resultsPageNum=2,11,11,8,1187969,RJI -RE: 202.6(b),Processed,05/20/2013,05/20/2013,https://iapps.courts.state.ny.us/nyscef/ViewDocument?docIndex=Cnqxn6mpWLayuy2LnYKWSg==,https://iapps.courts.state.ny.us/nyscef/ConfirmationNotice?docId=Cnqxn6mpWLayuy2LnYKWSg==,"SELECT id, document_name, document_status, filed_create, document_link, document_bucket_link, document_confirmation_link, document_confirmation_bucket_link FROM courts_final.ny_docket_documents WHERE docket_id = 'AToUygkF1XdBBUy/OzPQHw==' ORDER BY id;"
case_34016,2020-04561,qb01Abn10YI22q0hmpTciw==,https://iapps.courts.state.ny.us/nyscef/DocumentList?docketId=qb01Abn10YI22q0hmpTciw==&display=all&courtType=Appellate Division - 1st Dept&resultsPageNum=2,17,17,14,1187977,RECORD ON APPEAL,Processed,02/08/2021,02/08/2021,https://iapps.courts.state.ny.us/nyscef/ViewDocument?docIndex=foCNhJ7dDy6534Fk6pI/_PLUS_w==,https://iapps.courts.state.ny.us/nyscef/ConfirmationNotice?docId=foCNhJ7dDy6534Fk6pI/_PLUS_w==,"SELECT id, document_name, document_status, filed_create, document_link, document_bucket_link, document_confirmation_link, document_confirmation_bucket_link FROM courts_final.ny_docket_documents WHERE docket_id = 'qb01Abn10YI22q0hmpTciw==' ORDER BY id;"
case_34016,2020-04561,qb01Abn10YI22q0hmpTciw==,https://iapps.courts.state.ny.us/nyscef/DocumentList?docketId=qb01Abn10YI22q0hmpTciw==&display=all&courtType=Appellate Division - 1st Dept&resultsPageNum=2,17,17,14,1187979,APPELLANT'S BRIEF,Processed,02/08/2021,02/08/2021,https://iapps.courts.state.ny.us/nyscef/ViewDocument?docIndex=AtA3iKmjZt4FgmHlRIYvbw==,https://iapps.courts.state.ny.us/nyscef/ConfirmationNotice?docId=AtA3iKmjZt4FgmHlRIYvbw==,"SELECT id, document_name, document_status, filed_create, document_link, document_bucket_link, document_confirmation_link, document_confirmation_bucket_link FROM courts_final.ny_docket_documents WHERE docket_id = 'qb01Abn10YI22q0hmpTciw==' ORDER BY id;"
case_34016,2020-04561,qb01Abn10YI22q0hmpTciw==,https://iapps.courts.state.ny.us/nyscef/DocumentList?docketId=qb01Abn10YI22q0hmpTciw==&display=all&courtType=Appellate Division - 1st Dept&resultsPageNum=2,17,17,14,1187983,APPELLANT'S REPLY BRIEF,Processed,06/18/2021,06/18/2021,https://iapps.courts.state.ny.us/nyscef/ViewDocument?docIndex=GfVjfLEHQTxMhj4bYumvZg==,https://iapps.courts.state.ny.us/nyscef/ConfirmationNotice?docId=GfVjfLEHQTxMhj4bYumvZg==,"SELECT id, document_name, document_status, filed_create, document_link, document_bucket_link, document_confirmation_link, document_confirmation_bucket_link FROM courts_final.ny_docket_documents WHERE docket_id = 'qb01Abn10YI22q0hmpTciw==' ORDER BY id;"
case_34055,151183/2013,Bn/hOyGsL5jhkHRWmQrsbQ==,https://iapps.courts.state.ny.us/nyscef/DocumentList?docketId=Bn/hOyGsL5jhkHRWmQrsbQ==&display=all&courtType=New York County Supreme Court&resultsPageNum=1,375,375,372,1188299,SUMMONS + COMPLAINT,Processed,02/07/2013,02/07/2013,https://iapps.courts.state.ny.us/nyscef/ViewDocument?docIndex=rm2R4Tl11YZCBH2wQjC_PLUS_vg==,https://iapps.courts.state.ny.us/nyscef/ConfirmationNotice?docId=rm2R4Tl11YZCBH2wQjC_PLUS_vg==,"SELECT id, document_name, document_status, filed_create, document_link, document_bucket_link, document_confirmation_link, document_confirmation_bucket_link FROM courts_final.ny_docket_documents WHERE docket_id = 'Bn/hOyGsL5jhkHRWmQrsbQ==' ORDER BY id;"
case_34055,151183/2013,Bn/hOyGsL5jhkHRWmQrsbQ==,https://iapps.courts.state.ny.us/nyscef/DocumentList?docketId=Bn/hOyGsL5jhkHRWmQrsbQ==&display=all&courtType=New York County Supreme Court&resultsPageNum=1,375,375,372,1188301,EXHIBIT(S),Processed,02/07/2013,02/07/2013,https://iapps.courts.state.ny.us/nyscef/ViewDocument?docIndex=4A42aBF/f8OOx8sqYRRfUQ==,https://iapps.courts.state.ny.us/nyscef/ConfirmationNotice?docId=4A42aBF/f8OOx8sqYRRfUQ==,"SELECT id, document_name, document_status, filed_create, document_link, document_bucket_link, document_confirmation_link, document_confirmation_bucket_link FROM courts_final.ny_docket_documents WHERE docket_id = 'Bn/hOyGsL5jhkHRWmQrsbQ==' ORDER BY id;"
case_34055,151183/2013,Bn/hOyGsL5jhkHRWmQrsbQ==,https://iapps.courts.state.ny.us/nyscef/DocumentList?docketId=Bn/hOyGsL5jhkHRWmQrsbQ==&display=all&courtType=New York County Supreme Court&resultsPageNum=1,375,375,372,1188394,MEMORANDUM OF LAW IN OPPOSITION,Processed,06/26/2013,06/26/2013,https://iapps.courts.state.ny.us/nyscef/ViewDocument?docIndex=WQRfSb/YDA5YHVUJQtnbEA==,https://iapps.courts.state.ny.us/nyscef/ConfirmationNotice?docId=WQRfSb/YDA5YHVUJQtnbEA==,"SELECT id, document_name, document_status, filed_create, document_link, document_bucket_link, document_confirmation_link, document_confirmation_bucket_link FROM courts_final.ny_docket_documents WHERE docket_id = 'Bn/hOyGsL5jhkHRWmQrsbQ==' ORDER BY id;"
case_34056,653214/2022,9hTeY6P4uZWJPoHGbCP6Lg==,https://iapps.courts.state.ny.us/nyscef/DocumentList?docketId=9hTeY6P4uZWJPoHGbCP6Lg==&display=all&courtType=New York County Supreme Court&resultsPageNum=1,109,109,106,1188682,STIPULATION - TIME TO ANSWER,Processed,10/11/2022,10/11/2022,https://iapps.courts.state.ny.us/nyscef/ViewDocument?docIndex=MWtB3m0Bk8s5JZpyp6nsPQ==,https://iapps.courts.state.ny.us/nyscef/ConfirmationNotice?docId=MWtB3m0Bk8s5JZpyp6nsPQ==,"SELECT id, document_name, document_status, filed_create, document_link, document_bucket_link, document_confirmation_link, document_confirmation_bucket_link FROM courts_final.ny_docket_documents WHERE docket_id = '9hTeY6P4uZWJPoHGbCP6Lg==' ORDER BY id;"
case_34056,653214/2022,9hTeY6P4uZWJPoHGbCP6Lg==,https://iapps.courts.state.ny.us/nyscef/DocumentList?docketId=9hTeY6P4uZWJPoHGbCP6Lg==&display=all&courtType=New York County Supreme Court&resultsPageNum=1,109,109,106,1188689,EXHIBIT(S),Processed,10/17/2022,10/17/2022,https://iapps.courts.state.ny.us/nyscef/ViewDocument?docIndex=/H3aZ0a8cK_PLUS_iDzLIDFTnxw==,https://iapps.courts.state.ny.us/nyscef/ConfirmationNotice?docId=/H3aZ0a8cK_PLUS_iDzLIDFTnxw==,"SELECT id, document_name, document_status, filed_create, document_link, document_bucket_link, document_confirmation_link, document_confirmation_bucket_link FROM courts_final.ny_docket_documents WHERE docket_id = '9hTeY6P4uZWJPoHGbCP6Lg==' ORDER BY id;"
case_34056,653214/2022,9hTeY6P4uZWJPoHGbCP6Lg==,https://iapps.courts.state.ny.us/nyscef/DocumentList?docketId=9hTeY6P4uZWJPoHGbCP6Lg==&display=all&courtType=New York County Supreme Court&resultsPageNum=1,109,109,106,1188697,STIPULATION - TIME TO ANSWER,Processed,11/02/2022,11/02/2022,https://iapps.courts.state.ny.us/nyscef/ViewDocument?docIndex=yoQePIufZsm5yvr7HVj9iQ==,https://iapps.courts.state.ny.us/nyscef/ConfirmationNotice?docId=yoQePIufZsm5yvr7HVj9iQ==,"SELECT id, document_name, document_status, filed_create, document_link, document_bucket_link, document_confirmation_link, document_confirmation_bucket_link FROM courts_final.ny_docket_documents WHERE docket_id = '9hTeY6P4uZWJPoHGbCP6Lg==' ORDER BY id;"
case_34219,604913/2021,vluOlIET5VJ7pvLMwh0AeQ==,https://iapps.courts.state.ny.us/nyscef/DocumentList?docketId=vluOlIET5VJ7pvLMwh0AeQ==&display=all&courtType=Nassau County Supreme Court&resultsPageNum=1,25,25,19,1188788,DEMAND FOR BILL OF PARTICULARS,Processed,07/13/2021,07/13/2021,https://iapps.courts.state.ny.us/nyscef/ViewDocument?docIndex=ZJdXul0trvCR_PLUS_6GwsijeeA==,https://iapps.courts.state.ny.us/nyscef/ConfirmationNotice?docId=ZJdXul0trvCR_PLUS_6GwsijeeA==,"SELECT id, document_name, document_status, filed_create, document_link, document_bucket_link, document_confirmation_link, document_confirmation_bucket_link FROM courts_final.ny_docket_documents WHERE docket_id = 'vluOlIET5VJ7pvLMwh0AeQ==' ORDER BY id;"
case_34219,604913/2021,vluOlIET5VJ7pvLMwh0AeQ==,https://iapps.courts.state.ny.us/nyscef/DocumentList?docketId=vluOlIET5VJ7pvLMwh0AeQ==&display=all&courtType=Nassau County Supreme Court&resultsPageNum=1,25,25,19,1188795,STATEMENT OF AUTHORIZATION FOR ELECTRONIC FILING,Processed,08/27/2021,08/27/2021,https://iapps.courts.state.ny.us/nyscef/ViewDocument?docIndex=T73lptaJcheYgA07O_PLUS_r5Ng==,https://iapps.courts.state.ny.us/nyscef/ConfirmationNotice?docId=T73lptaJcheYgA07O_PLUS_r5Ng==,"SELECT id, document_name, document_status, filed_create, document_link, document_bucket_link, document_confirmation_link, document_confirmation_bucket_link FROM courts_final.ny_docket_documents WHERE docket_id = 'vluOlIET5VJ7pvLMwh0AeQ==' ORDER BY id;"
case_34219,604913/2021,vluOlIET5VJ7pvLMwh0AeQ==,https://iapps.courts.state.ny.us/nyscef/DocumentList?docketId=vluOlIET5VJ7pvLMwh0AeQ==&display=all&courtType=Nassau County Supreme Court&resultsPageNum=1,25,25,19,1188796,ANSWER,Processed,08/27/2021,08/27/2021,https://iapps.courts.state.ny.us/nyscef/ViewDocument?docIndex=MjWImHiZiYzRkwOOlXARpw==,https://iapps.courts.state.ny.us/nyscef/ConfirmationNotice?docId=MjWImHiZiYzRkwOOlXARpw==,"SELECT id, document_name, document_status, filed_create, document_link, document_bucket_link, document_confirmation_link, document_confirmation_bucket_link FROM courts_final.ny_docket_documents WHERE docket_id = 'vluOlIET5VJ7pvLMwh0AeQ==' ORDER BY id;"
case_34219,604913/2021,vluOlIET5VJ7pvLMwh0AeQ==,https://iapps.courts.state.ny.us/nyscef/DocumentList?docketId=vluOlIET5VJ7pvLMwh0AeQ==&display=all&courtType=Nassau County Supreme Court&resultsPageNum=1,25,25,19,1188798,PRELIMINARY CONFERENCE REQUEST,Processed,12/06/2021,12/06/2021,https://iapps.courts.state.ny.us/nyscef/ViewDocument?docIndex=v3ppDaBZ7EJEcZZUeS7/YQ==,https://iapps.courts.state.ny.us/nyscef/ConfirmationNotice?docId=v3ppDaBZ7EJEcZZUeS7/YQ==,"SELECT id, document_name, document_status, filed_create, document_link, document_bucket_link, document_confirmation_link, document_confirmation_bucket_link FROM courts_final.ny_docket_documents WHERE docket_id = 'vluOlIET5VJ7pvLMwh0AeQ==' ORDER BY id;"
case_34219,604913/2021,vluOlIET5VJ7pvLMwh0AeQ==,https://iapps.courts.state.ny.us/nyscef/DocumentList?docketId=vluOlIET5VJ7pvLMwh0AeQ==&display=all&courtType=Nassau County Supreme Court&resultsPageNum=1,25,25,19,1188799,RJI -RE: REQUEST FOR PRELIMINARY CONFERENCE,Processed,12/06/2021,12/06/2021,https://iapps.courts.state.ny.us/nyscef/ViewDocument?docIndex=Zqq_PLUS_adgvPHkP7iRgF4SJgg==,https://iapps.courts.state.ny.us/nyscef/ConfirmationNotice?docId=Zqq_PLUS_adgvPHkP7iRgF4SJgg==,"SELECT id, document_name, document_status, filed_create, document_link, document_bucket_link, document_confirmation_link, document_confirmation_bucket_link FROM courts_final.ny_docket_documents WHERE docket_id = 'vluOlIET5VJ7pvLMwh0AeQ==' ORDER BY id;"
case_34219,604913/2021,vluOlIET5VJ7pvLMwh0AeQ==,https://iapps.courts.state.ny.us/nyscef/DocumentList?docketId=vluOlIET5VJ7pvLMwh0AeQ==&display=all&courtType=Nassau County Supreme Court&resultsPageNum=1,25,25,19,1188801,PRELIMINARY CONFERENCE ORDER (PROPOSED),Processed,01/18/2022,01/18/2022,https://iapps.courts.state.ny.us/nyscef/ViewDocument?docIndex=AFYL2sjKH9mjZqH0ZoEBgA==,https://iapps.courts.state.ny.us/nyscef/ConfirmationNotice?docId=AFYL2sjKH9mjZqH0ZoEBgA==,"SELECT id, document_name, document_status, filed_create, document_link, document_bucket_link, document_confirmation_link, document_confirmation_bucket_link FROM courts_final.ny_docket_documents WHERE docket_id = 'vluOlIET5VJ7pvLMwh0AeQ==' ORDER BY id;"
case_35038,25791/2014E,XoM7PG5B1561tDtYCsZnBA==,https://iapps.courts.state.ny.us/nyscef/DocumentList?docketId=XoM7PG5B1561tDtYCsZnBA==&display=all&courtType=Bronx County Supreme Court&resultsPageNum=1,195,195,193,1190028,NOTICE OF MOTION,Processed,04/17/2019,04/17/2019,https://iapps.courts.state.ny.us/nyscef/ViewDocument?docIndex=MYarzwTRwXgwk/kjNGDfUA==,https://iapps.courts.state.ny.us/nyscef/ConfirmationNotice?docId=MYarzwTRwXgwk/kjNGDfUA==,"SELECT id, document_name, document_status, filed_create, document_link, document_bucket_link, document_confirmation_link, document_confirmation_bucket_link FROM courts_final.ny_docket_documents WHERE docket_id = 'XoM7PG5B1561tDtYCsZnBA==' ORDER BY id;"
case_35038,25791/2014E,XoM7PG5B1561tDtYCsZnBA==,https://iapps.courts.state.ny.us/nyscef/DocumentList?docketId=XoM7PG5B1561tDtYCsZnBA==&display=all&courtType=Bronx County Supreme Court&resultsPageNum=1,195,195,193,1190036,AFFIDAVIT OR AFFIRMATION IN REPLY,Processed,05/07/2019,05/07/2019,https://iapps.courts.state.ny.us/nyscef/ViewDocument?docIndex=WLt64lWafpqe/fi4sE1SOA==,https://iapps.courts.state.ny.us/nyscef/ConfirmationNotice?docId=WLt64lWafpqe/fi4sE1SOA==,"SELECT id, document_name, document_status, filed_create, document_link, document_bucket_link, document_confirmation_link, document_confirmation_bucket_link FROM courts_final.ny_docket_documents WHERE docket_id = 'XoM7PG5B1561tDtYCsZnBA==' ORDER BY id;"
case_35097,190289/2013,QHL6JzWMblQJRF6V7muIyA==,https://iapps.courts.state.ny.us/nyscef/DocumentList?docketId=QHL6JzWMblQJRF6V7muIyA==&display=all&courtType=New York County Supreme Court&resultsPageNum=1,123,123,121,1190384,STATEMENT OF AUTHORIZATION FOR ELECTRONIC FILING,Processed,09/03/2013,09/03/2013,https://iapps.courts.state.ny.us/nyscef/ViewDocument?docIndex=rtU2029eubQYDM5H0Ebu6g==,https://iapps.courts.state.ny.us/nyscef/ConfirmationNotice?docId=rtU2029eubQYDM5H0Ebu6g==,"SELECT id, document_name, document_status, filed_create, document_link, document_bucket_link, document_confirmation_link, document_confirmation_bucket_link FROM courts_final.ny_docket_documents WHERE docket_id = 'QHL6JzWMblQJRF6V7muIyA==' ORDER BY id;"
case_35097,190289/2013,QHL6JzWMblQJRF6V7muIyA==,https://iapps.courts.state.ny.us/nyscef/DocumentList?docketId=QHL6JzWMblQJRF6V7muIyA==&display=all&courtType=New York County Supreme Court&resultsPageNum=1,123,123,121,1190387,NOTICE OF APPEARANCE (POST RJI),Processed,09/09/2013,09/09/2013,https://iapps.courts.state.ny.us/nyscef/ViewDocument?docIndex=58LwkWI_PLUS_Nwp7iTnOIOcMdw==,https://iapps.courts.state.ny.us/nyscef/ConfirmationNotice?docId=58LwkWI_PLUS_Nwp7iTnOIOcMdw==,"SELECT id, document_name, document_status, filed_create, document_link, document_bucket_link, document_confirmation_link, document_confirmation_bucket_link FROM courts_final.ny_docket_documents WHERE docket_id = 'QHL6JzWMblQJRF6V7muIyA==' ORDER BY id;"
case_35157,50385/2011,pqOEQal2d4UrrvsmfhwcMw==,https://iapps.courts.state.ny.us/nyscef/DocumentList?docketId=pqOEQal2d4UrrvsmfhwcMw==&display=all&courtType=Westchester County Supreme Court&resultsPageNum=1,213,213,208,1190725,COMPLAINT (AMENDED),Processed,04/21/2011,04/21/2011,https://iapps.courts.state.ny.us/nyscef/ViewDocument?docIndex=eitkDbDYAanIy8gYEYb_PLUS_/Q==,https://iapps.courts.state.ny.us/nyscef/ConfirmationNotice?docId=eitkDbDYAanIy8gYEYb_PLUS_/Q==,"SELECT id, document_name, document_status, filed_create, document_link, document_bucket_link, document_confirmation_link, document_confirmation_bucket_link FROM courts_final.ny_docket_documents WHERE docket_id = 'pqOEQal2d4UrrvsmfhwcMw==' ORDER BY id;"
case_35157,50385/2011,pqOEQal2d4UrrvsmfhwcMw==,https://iapps.courts.state.ny.us/nyscef/DocumentList?docketId=pqOEQal2d4UrrvsmfhwcMw==&display=all&courtType=Westchester County Supreme Court&resultsPageNum=1,213,213,208,1190726,AFFIRMATION/AFFIDAVIT OF SERVICE,Processed,04/27/2011,04/27/2011,https://iapps.courts.state.ny.us/nyscef/ViewDocument?docIndex=embF8o//W1etAIBbe6tvgg==,https://iapps.courts.state.ny.us/nyscef/ConfirmationNotice?docId=embF8o//W1etAIBbe6tvgg==,"SELECT id, document_name, document_status, filed_create, document_link, document_bucket_link, document_confirmation_link, document_confirmation_bucket_link FROM courts_final.ny_docket_documents WHERE docket_id = 'pqOEQal2d4UrrvsmfhwcMw==' ORDER BY id;"
case_35157,50385/2011,pqOEQal2d4UrrvsmfhwcMw==,https://iapps.courts.state.ny.us/nyscef/DocumentList?docketId=pqOEQal2d4UrrvsmfhwcMw==&display=all&courtType=Westchester County Supreme Court&resultsPageNum=1,213,213,208,1190796,EXHIBIT(S),Processed,01/26/2012,01/26/2012,https://iapps.courts.state.ny.us/nyscef/ViewDocument?docIndex=S8BHfva0JX7Y5vIJJuQy4w==,https://iapps.courts.state.ny.us/nyscef/ConfirmationNotice?docId=S8BHfva0JX7Y5vIJJuQy4w==,"SELECT id, document_name, document_status, filed_create, document_link, document_bucket_link, document_confirmation_link, document_confirmation_bucket_link FROM courts_final.ny_docket_documents WHERE docket_id = 'pqOEQal2d4UrrvsmfhwcMw==' ORDER BY id;"
case_35157,50385/2011,pqOEQal2d4UrrvsmfhwcMw==,https://iapps.courts.state.ny.us/nyscef/DocumentList?docketId=pqOEQal2d4UrrvsmfhwcMw==&display=all&courtType=Westchester County Supreme Court&resultsPageNum=1,213,213,208,1190802,EXHIBIT(S),Processed,01/26/2012,01/26/2012,https://iapps.courts.state.ny.us/nyscef/ViewDocument?docIndex=tkv4cC1xbw1ufpNn5QXWQw==,https://iapps.courts.state.ny.us/nyscef/ConfirmationNotice?docId=tkv4cC1xbw1ufpNn5QXWQw==,"SELECT id, document_name, document_status, filed_create, document_link, document_bucket_link, document_confirmation_link, document_confirmation_bucket_link FROM courts_final.ny_docket_documents WHERE docket_id = 'pqOEQal2d4UrrvsmfhwcMw==' ORDER BY id;"
case_35157,50385/2011,pqOEQal2d4UrrvsmfhwcMw==,https://iapps.courts.state.ny.us/nyscef/DocumentList?docketId=pqOEQal2d4UrrvsmfhwcMw==&display=all&courtType=Westchester County Supreme Court&resultsPageNum=1,213,213,208,1190840,AFFIRMATION/AFFIDAVIT OF SERVICE,Processed,01/26/2012,01/26/2012,https://iapps.courts.state.ny.us/nyscef/ViewDocument?docIndex=FeulahsSuUuyIlee4QlfhQ==,https://iapps.courts.state.ny.us/nyscef/ConfirmationNotice?docId=FeulahsSuUuyIlee4QlfhQ==,"SELECT id, document_name, document_status, filed_create, document_link, document_bucket_link, document_confirmation_link, document_confirmation_bucket_link FROM courts_final.ny_docket_documents WHERE docket_id = 'pqOEQal2d4UrrvsmfhwcMw==' ORDER BY id;"
case_36295,607659/2021,g7IiccJgLD0ziiS6PlA_PLUS_cg==,https://iapps.courts.state.ny.us/nyscef/DocumentList?docketId=g7IiccJgLD0ziiS6PlA_PLUS_cg==&display=all&courtType=Nassau County Supreme Court&resultsPageNum=1,83,83,80,1191540,EXHIBIT(S),Processed,10/18/2023,10/18/2023,https://iapps.courts.state.ny.us/nyscef/ViewDocument?docIndex=tt_PLUS_mCnyHfydrK49DO4oOXw==,https://iapps.courts.state.ny.us/nyscef/ConfirmationNotice?docId=tt_PLUS_mCnyHfydrK49DO4oOXw==,"SELECT id, document_name, document_status, filed_create, document_link, document_bucket_link, document_confirmation_link, document_confirmation_bucket_link FROM courts_final.ny_docket_documents WHERE docket_id = 'g7IiccJgLD0ziiS6PlA_PLUS_cg==' ORDER BY id;"
case_36295,607659/2021,g7IiccJgLD0ziiS6PlA_PLUS_cg==,https://iapps.courts.state.ny.us/nyscef/DocumentList?docketId=g7IiccJgLD0ziiS6PlA_PLUS_cg==&display=all&courtType=Nassau County Supreme Court&resultsPageNum=1,83,83,80,1191542,AFFIRMATION,Processed,11/03/2023,11/03/2023,https://iapps.courts.state.ny.us/nyscef/ViewDocument?docIndex=5dbJLBG0V4/a0YYhRPd74A==,https://iapps.courts.state.ny.us/nyscef/ConfirmationNotice?docId=5dbJLBG0V4/a0YYhRPd74A==,"SELECT id, document_name, document_status, filed_create, document_link, document_bucket_link, document_confirmation_link, document_confirmation_bucket_link FROM courts_final.ny_docket_documents WHERE docket_id = 'g7IiccJgLD0ziiS6PlA_PLUS_cg==' ORDER BY id;"
case_36295,607659/2021,g7IiccJgLD0ziiS6PlA_PLUS_cg==,https://iapps.courts.state.ny.us/nyscef/DocumentList?docketId=g7IiccJgLD0ziiS6PlA_PLUS_cg==&display=all&courtType=Nassau County Supreme Court&resultsPageNum=1,83,83,80,1191548,NOTICE OF ENTRY,Processed,02/29/2024,02/29/2024,https://iapps.courts.state.ny.us/nyscef/ViewDocument?docIndex=v2ekVZFTlBlb2xwgAo1IDg==,https://iapps.courts.state.ny.us/nyscef/ConfirmationNotice?docId=v2ekVZFTlBlb2xwgAo1IDg==,"SELECT id, document_name, document_status, filed_create, document_link, document_bucket_link, document_confirmation_link, document_confirmation_bucket_link FROM courts_final.ny_docket_documents WHERE docket_id = 'g7IiccJgLD0ziiS6PlA_PLUS_cg==' ORDER BY id;"
case_36296,608568/2024,TY4Hkr_PLUS_Ar9_PLUS_2N_PLUS_dzka2LGw==,https://iapps.courts.state.ny.us/nyscef/DocumentList?docketId=TY4Hkr_PLUS_Ar9_PLUS_2N_PLUS_dzka2LGw==&display=all&courtType=Suffolk County Supreme Court&resultsPageNum=1,53,53,52,1191572,CERTIFICATE OF MERIT,Processed,04/05/2024,04/05/2024,https://iapps.courts.state.ny.us/nyscef/ViewDocument?docIndex=LmYU701DJyrJs40YHOtqQg==,https://iapps.courts.state.ny.us/nyscef/ConfirmationNotice?docId=LmYU701DJyrJs40YHOtqQg==,"SELECT id, document_name, document_status, filed_create, document_link, document_bucket_link, document_confirmation_link, document_confirmation_bucket_link FROM courts_final.ny_docket_documents WHERE docket_id = 'TY4Hkr_PLUS_Ar9_PLUS_2N_PLUS_dzka2LGw==' ORDER BY id;"
case_36297,609063/2023,eV2wYMPAjftwh6Yeor3DNw==,https://iapps.courts.state.ny.us/nyscef/DocumentList?docketId=eV2wYMPAjftwh6Yeor3DNw==&display=all&courtType=Nassau County Supreme Court&resultsPageNum=1,52,52,51,1191651,ORDER TO SHOW CAUSE,Processed,04/04/2024,04/04/2024,https://iapps.courts.state.ny.us/nyscef/ViewDocument?docIndex=pOOEsEOBdra27/cCxEepSg==,https://iapps.courts.state.ny.us/nyscef/ConfirmationNotice?docId=pOOEsEOBdra27/cCxEepSg==,"SELECT id, document_name, document_status, filed_create, document_link, document_bucket_link, document_confirmation_link, document_confirmation_bucket_link FROM courts_final.ny_docket_documents WHERE docket_id = 'eV2wYMPAjftwh6Yeor3DNw==' ORDER BY id;"
case_38333,150808/2018,O0z/uH11yh1x4IV2p3R/fQ==,https://iapps.courts.state.ny.us/nyscef/DocumentList?docketId=O0z/uH11yh1x4IV2p3R/fQ==&display=all&courtType=New York County Supreme Court&resultsPageNum=2,94,94,91,1195399,EXHIBIT(S),Processed,08/22/2018,08/22/2018,https://iapps.courts.state.ny.us/nyscef/ViewDocument?docIndex=Gm3fJa917DWHHpCeSpVLeA==,https://iapps.courts.state.ny.us/nyscef/ConfirmationNotice?docId=Gm3fJa917DWHHpCeSpVLeA==,"SELECT id, document_name, document_status, filed_create, document_link, document_bucket_link, document_confirmation_link, document_confirmation_bucket_link FROM courts_final.ny_docket_documents WHERE docket_id = 'O0z/uH11yh1x4IV2p3R/fQ==' ORDER BY id;"
case_38333,150808/2018,O0z/uH11yh1x4IV2p3R/fQ==,https://iapps.courts.state.ny.us/nyscef/DocumentList?docketId=O0z/uH11yh1x4IV2p3R/fQ==&display=all&courtType=New York County Supreme Court&resultsPageNum=2,94,94,91,1195400,EXHIBIT(S),Processed,08/22/2018,08/22/2018,https://iapps.courts.state.ny.us/nyscef/ViewDocument?docIndex=myrxe1YLCZdX7NIkiPJodg==,https://iapps.courts.state.ny.us/nyscef/ConfirmationNotice?docId=myrxe1YLCZdX7NIkiPJodg==,"SELECT id, document_name, document_status, filed_create, document_link, document_bucket_link, document_confirmation_link, document_confirmation_bucket_link FROM courts_final.ny_docket_documents WHERE docket_id = 'O0z/uH11yh1x4IV2p3R/fQ==' ORDER BY id;"
case_38333,150808/2018,O0z/uH11yh1x4IV2p3R/fQ==,https://iapps.courts.state.ny.us/nyscef/DocumentList?docketId=O0z/uH11yh1x4IV2p3R/fQ==&display=all&courtType=New York County Supreme Court&resultsPageNum=2,94,94,91,1195405,AFFIDAVIT OR AFFIRMATION IN SUPPORT,Processed,08/22/2018,08/22/2018,https://iapps.courts.state.ny.us/nyscef/ViewDocument?docIndex=Suh8lVJtzRaReI//8bWtRQ==,https://iapps.courts.state.ny.us/nyscef/ConfirmationNotice?docId=Suh8lVJtzRaReI//8bWtRQ==,"SELECT id, document_name, document_status, filed_create, document_link, document_bucket_link, document_confirmation_link, document_confirmation_bucket_link FROM courts_final.ny_docket_documents WHERE docket_id = 'O0z/uH11yh1x4IV2p3R/fQ==' ORDER BY id;"
case_38491,452877/2017,88ivqCf2kuFa5iD_PLUS_amnLlQ==,https://iapps.courts.state.ny.us/nyscef/DocumentList?docketId=88ivqCf2kuFa5iD_PLUS_amnLlQ==&display=all&courtType=New York County Supreme Court&resultsPageNum=8,3765,3765,3761,1198706,EXHIBIT(S),Processed,02/24/2023,02/24/2023,https://iapps.courts.state.ny.us/nyscef/ViewDocument?docIndex=iGxDNUj8vjd9A6_PLUS_HLvY8rQ==,https://iapps.courts.state.ny.us/nyscef/ConfirmationNotice?docId=iGxDNUj8vjd9A6_PLUS_HLvY8rQ==,"SELECT id, document_name, document_status, filed_create, document_link, document_bucket_link, document_confirmation_link, document_confirmation_bucket_link FROM courts_final.ny_docket_documents WHERE docket_id = '88ivqCf2kuFa5iD_PLUS_amnLlQ==' ORDER BY id;"
case_38491,452877/2017,88ivqCf2kuFa5iD_PLUS_amnLlQ==,https://iapps.courts.state.ny.us/nyscef/DocumentList?docketId=88ivqCf2kuFa5iD_PLUS_amnLlQ==&display=all&courtType=New York County Supreme Court&resultsPageNum=8,3765,3765,3761,1199316,ORDER - EXPARTE,Processed,10/12/2023,10/12/2023,https://iapps.courts.state.ny.us/nyscef/ViewDocument?docIndex=cCyAHRoB1iQmy8QaLdtACQ==,https://iapps.courts.state.ny.us/nyscef/ConfirmationNotice?docId=cCyAHRoB1iQmy8QaLdtACQ==,"SELECT id, document_name, document_status, filed_create, document_link, document_bucket_link, document_confirmation_link, document_confirmation_bucket_link FROM courts_final.ny_docket_documents WHERE docket_id = '88ivqCf2kuFa5iD_PLUS_amnLlQ==' ORDER BY id;"
case_38491,452877/2017,88ivqCf2kuFa5iD_PLUS_amnLlQ==,https://iapps.courts.state.ny.us/nyscef/DocumentList?docketId=88ivqCf2kuFa5iD_PLUS_amnLlQ==&display=all&courtType=New York County Supreme Court&resultsPageNum=8,3765,3765,3761,1199522,EXHIBIT(S),Processed,11/27/2023,11/27/2023,https://iapps.courts.state.ny.us/nyscef/ViewDocument?docIndex=8tFP/4MxjvbRMvpuBNfUpQ==,https://iapps.courts.state.ny.us/nyscef/ConfirmationNotice?docId=8tFP/4MxjvbRMvpuBNfUpQ==,"SELECT id, document_name, document_status, filed_create, document_link, document_bucket_link, document_confirmation_link, document_confirmation_bucket_link FROM courts_final.ny_docket_documents WHERE docket_id = '88ivqCf2kuFa5iD_PLUS_amnLlQ==' ORDER BY id;"
case_38491,452877/2017,88ivqCf2kuFa5iD_PLUS_amnLlQ==,https://iapps.courts.state.ny.us/nyscef/DocumentList?docketId=88ivqCf2kuFa5iD_PLUS_amnLlQ==&display=all&courtType=New York County Supreme Court&resultsPageNum=8,3765,3765,3761,1199556,AFFIRMATION,Processed,12/11/2023,12/11/2023,https://iapps.courts.state.ny.us/nyscef/ViewDocument?docIndex=vjW3F1qTX9QreBILtRniZg==,https://iapps.courts.state.ny.us/nyscef/ConfirmationNotice?docId=vjW3F1qTX9QreBILtRniZg==,"SELECT id, document_name, document_status, filed_create, document_link, document_bucket_link, document_confirmation_link, document_confirmation_bucket_link FROM courts_final.ny_docket_documents WHERE docket_id = '88ivqCf2kuFa5iD_PLUS_amnLlQ==' ORDER BY id;"
case_38493,500460/2011,MHc_PLUS_PqJDVMr3yEieB3l4/w==,https://iapps.courts.state.ny.us/nyscef/DocumentList?docketId=MHc_PLUS_PqJDVMr3yEieB3l4/w==&display=all&courtType=Kings County Supreme Court&resultsPageNum=8,713,713,704,1201608,AFFIRMATION/AFFIDAVIT OF SERVICE,Processed,11/09/2011,11/09/2011,https://iapps.courts.state.ny.us/nyscef/ViewDocument?docIndex=emQgDgEDd3o/Bo/WbL809g==,https://iapps.courts.state.ny.us/nyscef/ConfirmationNotice?docId=emQgDgEDd3o/Bo/WbL809g==,"SELECT id, document_name, document_status, filed_create, document_link, document_bucket_link, document_confirmation_link, document_confirmation_bucket_link FROM courts_final.ny_docket_documents WHERE docket_id = 'MHc_PLUS_PqJDVMr3yEieB3l4/w==' ORDER BY id;"
case_38493,500460/2011,MHc_PLUS_PqJDVMr3yEieB3l4/w==,https://iapps.courts.state.ny.us/nyscef/DocumentList?docketId=MHc_PLUS_PqJDVMr3yEieB3l4/w==&display=all&courtType=Kings County Supreme Court&resultsPageNum=8,713,713,704,1201612,AFFIRMATION/AFFIDAVIT OF SERVICE,Processed,11/15/2011,11/15/2011,https://iapps.courts.state.ny.us/nyscef/ViewDocument?docIndex=W6FESVoEqj9QCF1skJJDFA==,https://iapps.courts.state.ny.us/nyscef/ConfirmationNotice?docId=W6FESVoEqj9QCF1skJJDFA==,"SELECT id, document_name, document_status, filed_create, document_link, document_bucket_link, document_confirmation_link, document_confirmation_bucket_link FROM courts_final.ny_docket_documents WHERE docket_id = 'MHc_PLUS_PqJDVMr3yEieB3l4/w==' ORDER BY id;"
case_38493,500460/2011,MHc_PLUS_PqJDVMr3yEieB3l4/w==,https://iapps.courts.state.ny.us/nyscef/DocumentList?docketId=MHc_PLUS_PqJDVMr3yEieB3l4/w==&display=all&courtType=Kings County Supreme Court&resultsPageNum=8,713,713,704,1201924,EXHIBIT(S),Processed,04/06/2015,04/06/2015,https://iapps.courts.state.ny.us/nyscef/ViewDocument?docIndex=ryocL7dGN2074DedIZpvQg==,https://iapps.courts.state.ny.us/nyscef/ConfirmationNotice?docId=ryocL7dGN2074DedIZpvQg==,"SELECT id, document_name, document_status, filed_create, document_link, document_bucket_link, document_confirmation_link, document_confirmation_bucket_link FROM courts_final.ny_docket_documents WHERE docket_id = 'MHc_PLUS_PqJDVMr3yEieB3l4/w==' ORDER BY id;"
case_38493,500460/2011,MHc_PLUS_PqJDVMr3yEieB3l4/w==,https://iapps.courts.state.ny.us/nyscef/DocumentList?docketId=MHc_PLUS_PqJDVMr3yEieB3l4/w==&display=all&courtType=Kings County Supreme Court&resultsPageNum=8,713,713,704,1202018,NOTICE OF HARD COPY EXHIBIT FILING,Processed,04/25/2016,04/25/2016,https://iapps.courts.state.ny.us/nyscef/ViewDocument?docIndex=wv_PLUS_Ji8amM4h80ljeM9CsNw==,https://iapps.courts.state.ny.us/nyscef/ConfirmationNotice?docId=wv_PLUS_Ji8amM4h80ljeM9CsNw==,"SELECT id, document_name, document_status, filed_create, document_link, document_bucket_link, document_confirmation_link, document_confirmation_bucket_link FROM courts_final.ny_docket_documents WHERE docket_id = 'MHc_PLUS_PqJDVMr3yEieB3l4/w==' ORDER BY id;"
case_38493,500460/2011,MHc_PLUS_PqJDVMr3yEieB3l4/w==,https://iapps.courts.state.ny.us/nyscef/DocumentList?docketId=MHc_PLUS_PqJDVMr3yEieB3l4/w==&display=all&courtType=Kings County Supreme Court&resultsPageNum=8,713,713,704,1202019,LETTER / CORRESPONDENCE TO JUDGE,Processed,05/06/2016,05/06/2016,https://iapps.courts.state.ny.us/nyscef/ViewDocument?docIndex=sD5T4ONATPU2YYesAEv_PLUS_RA==,https://iapps.courts.state.ny.us/nyscef/ConfirmationNotice?docId=sD5T4ONATPU2YYesAEv_PLUS_RA==,"SELECT id, document_name, document_status, filed_create, document_link, document_bucket_link, document_confirmation_link, document_confirmation_bucket_link FROM courts_final.ny_docket_documents WHERE docket_id = 'MHc_PLUS_PqJDVMr3yEieB3l4/w==' ORDER BY id;"
case_38493,500460/2011,MHc_PLUS_PqJDVMr3yEieB3l4/w==,https://iapps.courts.state.ny.us/nyscef/DocumentList?docketId=MHc_PLUS_PqJDVMr3yEieB3l4/w==&display=all&courtType=Kings County Supreme Court&resultsPageNum=8,713,713,704,1202023,LETTER / CORRESPONDENCE TO JUDGE,Processed,05/06/2016,05/06/2016,https://iapps.courts.state.ny.us/nyscef/ViewDocument?docIndex=NysTFzOX1viF8gdS7d8qUQ==,https://iapps.courts.state.ny.us/nyscef/ConfirmationNotice?docId=NysTFzOX1viF8gdS7d8qUQ==,"SELECT id, document_name, document_status, filed_create, document_link, document_bucket_link, document_confirmation_link, document_confirmation_bucket_link FROM courts_final.ny_docket_documents WHERE docket_id = 'MHc_PLUS_PqJDVMr3yEieB3l4/w==' ORDER BY id;"
case_38493,500460/2011,MHc_PLUS_PqJDVMr3yEieB3l4/w==,https://iapps.courts.state.ny.us/nyscef/DocumentList?docketId=MHc_PLUS_PqJDVMr3yEieB3l4/w==&display=all&courtType=Kings County Supreme Court&resultsPageNum=8,713,713,704,1202128,EXHIBIT(S),Processed,09/13/2016,09/13/2016,https://iapps.courts.state.ny.us/nyscef/ViewDocument?docIndex=gCoRZbWH8SrUGbluJGERZw==,https://iapps.courts.state.ny.us/nyscef/ConfirmationNotice?docId=gCoRZbWH8SrUGbluJGERZw==,"SELECT id, document_name, document_status, filed_create, document_link, document_bucket_link, document_confirmation_link, document_confirmation_bucket_link FROM courts_final.ny_docket_documents WHERE docket_id = 'MHc_PLUS_PqJDVMr3yEieB3l4/w==' ORDER BY id;"
case_38493,500460/2011,MHc_PLUS_PqJDVMr3yEieB3l4/w==,https://iapps.courts.state.ny.us/nyscef/DocumentList?docketId=MHc_PLUS_PqJDVMr3yEieB3l4/w==&display=all&courtType=Kings County Supreme Court&resultsPageNum=8,713,713,704,1202129,EXHIBIT(S),Processed,09/13/2016,09/13/2016,https://iapps.courts.state.ny.us/nyscef/ViewDocument?docIndex=NtJnQDA7ZIJKOJe2nAtJvA==,https://iapps.courts.state.ny.us/nyscef/ConfirmationNotice?docId=NtJnQDA7ZIJKOJe2nAtJvA==,"SELECT id, document_name, document_status, filed_create, document_link, document_bucket_link, document_confirmation_link, document_confirmation_bucket_link FROM courts_final.ny_docket_documents WHERE docket_id = 'MHc_PLUS_PqJDVMr3yEieB3l4/w==' ORDER BY id;"
case_38493,500460/2011,MHc_PLUS_PqJDVMr3yEieB3l4/w==,https://iapps.courts.state.ny.us/nyscef/DocumentList?docketId=MHc_PLUS_PqJDVMr3yEieB3l4/w==&display=all&courtType=Kings County Supreme Court&resultsPageNum=8,713,713,704,1202155,PROOF OF SERVICE,Processed,09/16/2016,09/16/2016,https://iapps.courts.state.ny.us/nyscef/ViewDocument?docIndex=0Z5bMe9hPQw/K3hm9YWgOQ==,https://iapps.courts.state.ny.us/nyscef/ConfirmationNotice?docId=0Z5bMe9hPQw/K3hm9YWgOQ==,"SELECT id, document_name, document_status, filed_create, document_link, document_bucket_link, document_confirmation_link, document_confirmation_bucket_link FROM courts_final.ny_docket_documents WHERE docket_id = 'MHc_PLUS_PqJDVMr3yEieB3l4/w==' ORDER BY id;"
case_38505,505923/2017,3Om52Y_PLUS_olTxkn13LuxO3dA==,https://iapps.courts.state.ny.us/nyscef/DocumentList?docketId=3Om52Y_PLUS_olTxkn13LuxO3dA==&display=all&courtType=Kings County Supreme Court&resultsPageNum=9,19,19,18,1203075,ORDER - COMPLIANCE CONFERENCE,Processed,09/27/2018,09/27/2018,https://iapps.courts.state.ny.us/nyscef/ViewDocument?docIndex=K0DLkbquJAAy/Z6tMYftlQ==,https://iapps.courts.state.ny.us/nyscef/ConfirmationNotice?docId=K0DLkbquJAAy/Z6tMYftlQ==,"SELECT id, document_name, document_status, filed_create, document_link, document_bucket_link, document_confirmation_link, document_confirmation_bucket_link FROM courts_final.ny_docket_documents WHERE docket_id = '3Om52Y_PLUS_olTxkn13LuxO3dA==' ORDER BY id;"
case_38516,519323/2017,MJcbOtNmbV0IW1Xyo08K2Q==,https://iapps.courts.state.ny.us/nyscef/DocumentList?docketId=MJcbOtNmbV0IW1Xyo08K2Q==&display=all&courtType=Kings County Supreme Court&resultsPageNum=9,141,141,137,1203178,EXHIBIT(S),Processed,11/27/2019,11/27/2019,https://iapps.courts.state.ny.us/nyscef/ViewDocument?docIndex=UzYHRhEhQdLOlzwUkkxUPQ==,https://iapps.courts.state.ny.us/nyscef/ConfirmationNotice?docId=UzYHRhEhQdLOlzwUkkxUPQ==,"SELECT id, document_name, document_status, filed_create, document_link, document_bucket_link, document_confirmation_link, document_confirmation_bucket_link FROM courts_final.ny_docket_documents WHERE docket_id = 'MJcbOtNmbV0IW1Xyo08K2Q==' ORDER BY id;"
case_38516,519323/2017,MJcbOtNmbV0IW1Xyo08K2Q==,https://iapps.courts.state.ny.us/nyscef/DocumentList?docketId=MJcbOtNmbV0IW1Xyo08K2Q==&display=all&courtType=Kings County Supreme Court&resultsPageNum=9,141,141,137,1203209,EXHIBIT(S),Processed,06/22/2020,06/22/2020,https://iapps.courts.state.ny.us/nyscef/ViewDocument?docIndex=q5U5hOGTYPcyEslRv22kTQ==,https://iapps.courts.state.ny.us/nyscef/ConfirmationNotice?docId=q5U5hOGTYPcyEslRv22kTQ==,"SELECT id, document_name, document_status, filed_create, document_link, document_bucket_link, document_confirmation_link, document_confirmation_bucket_link FROM courts_final.ny_docket_documents WHERE docket_id = 'MJcbOtNmbV0IW1Xyo08K2Q==' ORDER BY id;"
case_38516,519323/2017,MJcbOtNmbV0IW1Xyo08K2Q==,https://iapps.courts.state.ny.us/nyscef/DocumentList?docketId=MJcbOtNmbV0IW1Xyo08K2Q==&display=all&courtType=Kings County Supreme Court&resultsPageNum=9,141,141,137,1203216,EXHIBIT(S),Processed,06/22/2020,06/22/2020,https://iapps.courts.state.ny.us/nyscef/ViewDocument?docIndex=PlrzkRyapjf4ZlksYYyHng==,https://iapps.courts.state.ny.us/nyscef/ConfirmationNotice?docId=PlrzkRyapjf4ZlksYYyHng==,"SELECT id, document_name, document_status, filed_create, document_link, document_bucket_link, document_confirmation_link, document_confirmation_bucket_link FROM courts_final.ny_docket_documents WHERE docket_id = 'MJcbOtNmbV0IW1Xyo08K2Q==' ORDER BY id;"
case_38516,519323/2017,MJcbOtNmbV0IW1Xyo08K2Q==,https://iapps.courts.state.ny.us/nyscef/DocumentList?docketId=MJcbOtNmbV0IW1Xyo08K2Q==&display=all&courtType=Kings County Supreme Court&resultsPageNum=9,141,141,137,1203243,AFFIRMATION/AFFIDAVIT OF SERVICE,Processed,06/23/2020,06/23/2020,https://iapps.courts.state.ny.us/nyscef/ViewDocument?docIndex=CFAMP3WRJXsYRycYl/Hv1g==,https://iapps.courts.state.ny.us/nyscef/ConfirmationNotice?docId=CFAMP3WRJXsYRycYl/Hv1g==,"SELECT id, document_name, document_status, filed_create, document_link, document_bucket_link, document_confirmation_link, document_confirmation_bucket_link FROM courts_final.ny_docket_documents WHERE docket_id = 'MJcbOtNmbV0IW1Xyo08K2Q==' ORDER BY id;"
case_38517,519512/2016,cVF7nX6xaTjusofj1HszDQ==,https://iapps.courts.state.ny.us/nyscef/DocumentList?docketId=cVF7nX6xaTjusofj1HszDQ==&display=all&courtType=Kings County Supreme Court&resultsPageNum=9,92,92,91,1203366,AFFIDAVIT OR AFFIRMATION IN REPLY,Processed,02/14/2018,02/14/2018,https://iapps.courts.state.ny.us/nyscef/ViewDocument?docIndex=DxPllCZHar/AghHtLUhf1Q==,https://iapps.courts.state.ny.us/nyscef/ConfirmationNotice?docId=DxPllCZHar/AghHtLUhf1Q==,"SELECT id, document_name, document_status, filed_create, document_link, document_bucket_link, document_confirmation_link, document_confirmation_bucket_link FROM courts_final.ny_docket_documents WHERE docket_id = 'cVF7nX6xaTjusofj1HszDQ==' ORDER BY id;"
case_39727,E2024-575,H9DyGQ_PLUS_6WAwSkviKMiKnfg==,https://iapps.courts.state.ny.us/nyscef/DocumentList?docketId=H9DyGQ_PLUS_6WAwSkviKMiKnfg==&display=all&courtType=Sullivan County Supreme Court&resultsPageNum=32,28,28,27,1204351,STATEMENT OF AUTHORIZATION FOR ELECTRONIC FILING,Processed,04/10/2024,04/10/2024,https://iapps.courts.state.ny.us/nyscef/ViewDocument?docIndex=ObX8Qy/AFwgbL5bzg1AvaQ==,https://iapps.courts.state.ny.us/nyscef/ConfirmationNotice?docId=ObX8Qy/AFwgbL5bzg1AvaQ==,"SELECT id, document_name, document_status, filed_create, document_link, document_bucket_link, document_confirmation_link, document_confirmation_bucket_link FROM courts_final.ny_docket_documents WHERE docket_id = 'H9DyGQ_PLUS_6WAwSkviKMiKnfg==' ORDER BY id;"
case_40855,51723/2021,KdpIkKBc5c6ENJnfRrYwkQ==,https://iapps.courts.state.ny.us/nyscef/DocumentList?docketId=KdpIkKBc5c6ENJnfRrYwkQ==&display=all&courtType=Westchester County Supreme Court&resultsPageNum=3,333,333,328,1209111,EXHIBIT(S),Processed,08/16/2024,08/16/2024,https://iapps.courts.state.ny.us/nyscef/ViewDocument?docIndex=VynEIsQHEoz0_PLUS_0xFdSGbgw==,https://iapps.courts.state.ny.us/nyscef/ConfirmationNotice?docId=VynEIsQHEoz0_PLUS_0xFdSGbgw==,"SELECT id, document_name, document_status, filed_create, document_link, document_bucket_link, document_confirmation_link, document_confirmation_bucket_link FROM courts_final.ny_docket_documents WHERE docket_id = 'KdpIkKBc5c6ENJnfRrYwkQ==' ORDER BY id;"
case_40855,51723/2021,KdpIkKBc5c6ENJnfRrYwkQ==,https://iapps.courts.state.ny.us/nyscef/DocumentList?docketId=KdpIkKBc5c6ENJnfRrYwkQ==&display=all&courtType=Westchester County Supreme Court&resultsPageNum=3,333,333,328,1209116,EXHIBIT(S),Processed,08/16/2024,08/16/2024,https://iapps.courts.state.ny.us/nyscef/ViewDocument?docIndex=VGLDXEZP0J4BY5fn0FlW5A==,https://iapps.courts.state.ny.us/nyscef/ConfirmationNotice?docId=VGLDXEZP0J4BY5fn0FlW5A==,"SELECT id, document_name, document_status, filed_create, document_link, document_bucket_link, document_confirmation_link, document_confirmation_bucket_link FROM courts_final.ny_docket_documents WHERE docket_id = 'KdpIkKBc5c6ENJnfRrYwkQ==' ORDER BY id;"
case_40855,51723/2021,KdpIkKBc5c6ENJnfRrYwkQ==,https://iapps.courts.state.ny.us/nyscef/DocumentList?docketId=KdpIkKBc5c6ENJnfRrYwkQ==&display=all&courtType=Westchester County Supreme Court&resultsPageNum=3,333,333,328,1209121,EXHIBIT(S),Processed,08/16/2024,08/16/2024,https://iapps.courts.state.ny.us/nyscef/ViewDocument?docIndex=Oak1AZhO7H_PLUS_bRR35ukULqA==,https://iapps.courts.state.ny.us/nyscef/ConfirmationNotice?docId=Oak1AZhO7H_PLUS_bRR35ukULqA==,"SELECT id, document_name, document_status, filed_create, document_link, document_bucket_link, document_confirmation_link, document_confirmation_bucket_link FROM courts_final.ny_docket_documents WHERE docket_id = 'KdpIkKBc5c6ENJnfRrYwkQ==' ORDER BY id;"
case_40855,51723/2021,KdpIkKBc5c6ENJnfRrYwkQ==,https://iapps.courts.state.ny.us/nyscef/DocumentList?docketId=KdpIkKBc5c6ENJnfRrYwkQ==&display=all&courtType=Westchester County Supreme Court&resultsPageNum=3,333,333,328,1209123,EXHIBIT(S),Processed,08/16/2024,08/16/2024,https://iapps.courts.state.ny.us/nyscef/ViewDocument?docIndex=2lgLb0XrV8A4K4uB0uMGOw==,https://iapps.courts.state.ny.us/nyscef/ConfirmationNotice?docId=2lgLb0XrV8A4K4uB0uMGOw==,"SELECT id, document_name, document_status, filed_create, document_link, document_bucket_link, document_confirmation_link, document_confirmation_bucket_link FROM courts_final.ny_docket_documents WHERE docket_id = 'KdpIkKBc5c6ENJnfRrYwkQ==' ORDER BY id;"
case_40855,51723/2021,KdpIkKBc5c6ENJnfRrYwkQ==,https://iapps.courts.state.ny.us/nyscef/DocumentList?docketId=KdpIkKBc5c6ENJnfRrYwkQ==&display=all&courtType=Westchester County Supreme Court&resultsPageNum=3,333,333,328,1209127,EXHIBIT(S),Processed,08/16/2024,08/16/2024,https://iapps.courts.state.ny.us/nyscef/ViewDocument?docIndex=GUJxhpo5_PLUS_KifTj2G7_PLUS_MPzA==,https://iapps.courts.state.ny.us/nyscef/ConfirmationNotice?docId=GUJxhpo5_PLUS_KifTj2G7_PLUS_MPzA==,"SELECT id, document_name, document_status, filed_create, document_link, document_bucket_link, document_confirmation_link, document_confirmation_bucket_link FROM courts_final.ny_docket_documents WHERE docket_id = 'KdpIkKBc5c6ENJnfRrYwkQ==' ORDER BY id;"
case_40861,57913/2020,IhgPVI3ZAdXxBtQJPYwARA==,https://iapps.courts.state.ny.us/nyscef/DocumentList?docketId=IhgPVI3ZAdXxBtQJPYwARA==&display=all&courtType=Westchester County Supreme Court&resultsPageNum=3,57,57,55,1209725,LETTER / CORRESPONDENCE TO JUDGE,Processed,12/20/2023,12/20/2023,https://iapps.courts.state.ny.us/nyscef/ViewDocument?docIndex=7AKWqkJlTqgwN4pgJwl/Xg==,https://iapps.courts.state.ny.us/nyscef/ConfirmationNotice?docId=7AKWqkJlTqgwN4pgJwl/Xg==,"SELECT id, document_name, document_status, filed_create, document_link, document_bucket_link, document_confirmation_link, document_confirmation_bucket_link FROM courts_final.ny_docket_documents WHERE docket_id = 'IhgPVI3ZAdXxBtQJPYwARA==' ORDER BY id;"
case_40861,57913/2020,IhgPVI3ZAdXxBtQJPYwARA==,https://iapps.courts.state.ny.us/nyscef/DocumentList?docketId=IhgPVI3ZAdXxBtQJPYwARA==&display=all&courtType=Westchester County Supreme Court&resultsPageNum=3,57,57,55,1209734,COURT NOTICE,Processed,07/22/2024,07/22/2024,https://iapps.courts.state.ny.us/nyscef/ViewDocument?docIndex=gaHZuu6wNEmVHQoOmCkDVQ==,https://iapps.courts.state.ny.us/nyscef/ConfirmationNotice?docId=gaHZuu6wNEmVHQoOmCkDVQ==,"SELECT id, document_name, document_status, filed_create, document_link, document_bucket_link, document_confirmation_link, document_confirmation_bucket_link FROM courts_final.ny_docket_documents WHERE docket_id = 'IhgPVI3ZAdXxBtQJPYwARA==' ORDER BY id;"
case_40874,604423/2015,orLhJSWAKpgQEkGI7EeIQQ==,https://iapps.courts.state.ny.us/nyscef/DocumentList?docketId=orLhJSWAKpgQEkGI7EeIQQ==&display=all&courtType=Nassau County Supreme Court&resultsPageNum=3,123,123,122,1210521,EXHIBIT(S),Processed,01/06/2017,01/06/2017,https://iapps.courts.state.ny.us/nyscef/ViewDocument?docIndex=ingOGWkxErWNM9x2hKY55Q==,https://iapps.courts.state.ny.us/nyscef/ConfirmationNotice?docId=ingOGWkxErWNM9x2hKY55Q==,"SELECT id, document_name, document_status, filed_create, document_link, document_bucket_link, document_confirmation_link, document_confirmation_bucket_link FROM courts_final.ny_docket_documents WHERE docket_id = 'orLhJSWAKpgQEkGI7EeIQQ==' ORDER BY id;"
case_40878,610994/2022,Xx4xAO7VIviGaZCfAJD3Xg==,https://iapps.courts.state.ny.us/nyscef/DocumentList?docketId=Xx4xAO7VIviGaZCfAJD3Xg==&display=all&courtType=Nassau County Supreme Court&resultsPageNum=4,58,58,57,1210761,AFFIDAVIT OR AFFIRMATION IN REPLY,Processed,08/24/2023,08/24/2023,https://iapps.courts.state.ny.us/nyscef/ViewDocument?docIndex=VPYPMzxxMwmCg5yCRnUc5Q==,https://iapps.courts.state.ny.us/nyscef/ConfirmationNotice?docId=VPYPMzxxMwmCg5yCRnUc5Q==,"SELECT id, document_name, document_status, filed_create, document_link, document_bucket_link, document_confirmation_link, document_confirmation_bucket_link FROM courts_final.ny_docket_documents WHERE docket_id = 'Xx4xAO7VIviGaZCfAJD3Xg==' ORDER BY id;"
case_40890,650139/2012,L7ushzZo7rXIkJcSbVYJig==,https://iapps.courts.state.ny.us/nyscef/DocumentList?docketId=L7ushzZo7rXIkJcSbVYJig==&display=all&courtType=New York County Supreme Court&resultsPageNum=4,20,20,19,1212099,AFFIDAVIT,Processed,10/10/2014,10/10/2014,https://iapps.courts.state.ny.us/nyscef/ViewDocument?docIndex=8dZXBFIbwl4gNJtriymRww==,https://iapps.courts.state.ny.us/nyscef/ConfirmationNotice?docId=8dZXBFIbwl4gNJtriymRww==,"SELECT id, document_name, document_status, filed_create, document_link, document_bucket_link, document_confirmation_link, document_confirmation_bucket_link FROM courts_final.ny_docket_documents WHERE docket_id = 'L7ushzZo7rXIkJcSbVYJig==' ORDER BY id;"
case_40901,69613/2015,01HX7ntmA3XySo626QcR5A==,https://iapps.courts.state.ny.us/nyscef/DocumentList?docketId=01HX7ntmA3XySo626QcR5A==&display=all&courtType=Westchester County Supreme Court&resultsPageNum=5,258,258,256,1212939,LETTER / CORRESPONDENCE TO JUDGE,Processed,08/23/2019,08/23/2019,https://iapps.courts.state.ny.us/nyscef/ViewDocument?docIndex=doZAilfTjQxSQmgKAdlFjg==,https://iapps.courts.state.ny.us/nyscef/ConfirmationNotice?docId=doZAilfTjQxSQmgKAdlFjg==,"SELECT id, document_name, document_status, filed_create, document_link, document_bucket_link, document_confirmation_link, document_confirmation_bucket_link FROM courts_final.ny_docket_documents WHERE docket_id = '01HX7ntmA3XySo626QcR5A==' ORDER BY id;"
case_40901,69613/2015,01HX7ntmA3XySo626QcR5A==,https://iapps.courts.state.ny.us/nyscef/DocumentList?docketId=01HX7ntmA3XySo626QcR5A==&display=all&courtType=Westchester County Supreme Court&resultsPageNum=5,258,258,256,1212945,AFFIRMATION/AFFIDAVIT OF SERVICE,Processed,08/23/2019,08/23/2019,https://iapps.courts.state.ny.us/nyscef/ViewDocument?docIndex=Jml9i8/7TAtNVIVcPGc5aQ==,https://iapps.courts.state.ny.us/nyscef/ConfirmationNotice?docId=Jml9i8/7TAtNVIVcPGc5aQ==,"SELECT id, document_name, document_status, filed_create, document_link, document_bucket_link, document_confirmation_link, document_confirmation_bucket_link FROM courts_final.ny_docket_documents WHERE docket_id = '01HX7ntmA3XySo626QcR5A==' ORDER BY id;"
case_40904,70565/2015,crahW3S_PLUS_/_PLUS_Oh6ppJ66hCrg==,https://iapps.courts.state.ny.us/nyscef/DocumentList?docketId=crahW3S_PLUS_/_PLUS_Oh6ppJ66hCrg==&display=all&courtType=Westchester County Supreme Court&resultsPageNum=5,172,172,171,1212965,ANSWER,Processed,01/29/2016,01/29/2016,https://iapps.courts.state.ny.us/nyscef/ViewDocument?docIndex=FTgP3zLdOIKVOF1ic3DPfg==,https://iapps.courts.state.ny.us/nyscef/ConfirmationNotice?docId=FTgP3zLdOIKVOF1ic3DPfg==,"SELECT id, document_name, document_status, filed_create, document_link, document_bucket_link, document_confirmation_link, document_confirmation_bucket_link FROM courts_final.ny_docket_documents WHERE docket_id = 'crahW3S_PLUS_/_PLUS_Oh6ppJ66hCrg==' ORDER BY id;"
case_40916,83247,6ODGt7gaHT2jts81Fyb4Vg==,https://iapps.courts.state.ny.us/nyscef/DocumentList?docketId=6ODGt7gaHT2jts81Fyb4Vg==&display=all&courtType=Cattaraugus County Supreme Court&resultsPageNum=5,18,18,17,1213652,EXECUTION,Processed,04/02/2021,04/02/2021,https://iapps.courts.state.ny.us/nyscef/ViewDocument?docIndex=mdIaPzLJmnZ08OlauBGVew==,https://iapps.courts.state.ny.us/nyscef/ConfirmationNotice?docId=mdIaPzLJmnZ08OlauBGVew==,"SELECT id, document_name, document_status, filed_create, document_link, document_bucket_link, document_confirmation_link, document_confirmation_bucket_link FROM courts_final.ny_docket_documents WHERE docket_id = '6ODGt7gaHT2jts81Fyb4Vg==' ORDER BY id;"
case_40917,850143/2022,vqzioxgDp50WZs/wQ47mng==,https://iapps.courts.state.ny.us/nyscef/DocumentList?docketId=vqzioxgDp50WZs/wQ47mng==&display=all&courtType=New York County Supreme Court&resultsPageNum=5,121,121,120,1213752,NOTICE OF MOTION,Processed,01/08/2025,01/08/2025,https://iapps.courts.state.ny.us/nyscef/ViewDocument?docIndex=eNBpVfR1t6alG7f0a8HcbA==,https://iapps.courts.state.ny.us/nyscef/ConfirmationNotice?docId=eNBpVfR1t6alG7f0a8HcbA==,"SELECT id, document_name, document_status, filed_create, document_link, document_bucket_link, document_confirmation_link, document_confirmation_bucket_link FROM courts_final.ny_docket_documents WHERE docket_id = 'vqzioxgDp50WZs/wQ47mng==' ORDER BY id;"
case_41770,612367/2019,wtXr3F9n1gdWhVUxm2el5A==,https://iapps.courts.state.ny.us/nyscef/DocumentList?docketId=wtXr3F9n1gdWhVUxm2el5A==&display=all&courtType=Nassau County Supreme Court&resultsPageNum=28,97,97,96,1225345,AFFIRMATION/AFFIDAVIT OF SERVICE,Processed,04/04/2022,04/04/2022,https://iapps.courts.state.ny.us/nyscef/ViewDocument?docIndex=hGLW7EobwyaeVqb0y3FZzQ==,https://iapps.courts.state.ny.us/nyscef/ConfirmationNotice?docId=hGLW7EobwyaeVqb0y3FZzQ==,"SELECT id, document_name, document_status, filed_create, document_link, document_bucket_link, document_confirmation_link, document_confirmation_bucket_link FROM courts_final.ny_docket_documents WHERE docket_id = 'wtXr3F9n1gdWhVUxm2el5A==' ORDER BY id;"
case_41772,612665/2019,SQOBj_PLUS_C9oyYMKUXIAPvA9Q==,https://iapps.courts.state.ny.us/nyscef/DocumentList?docketId=SQOBj_PLUS_C9oyYMKUXIAPvA9Q==&display=all&courtType=Nassau County Supreme Court&resultsPageNum=29,20,20,19,1225372,AFFIRMATION/AFFIDAVIT OF SERVICE,Processed,09/26/2019,09/26/2019,https://iapps.courts.state.ny.us/nyscef/ViewDocument?docIndex=Rqbqbj/I6FhvbjadpX927Q==,https://iapps.courts.state.ny.us/nyscef/ConfirmationNotice?docId=Rqbqbj/I6FhvbjadpX927Q==,"SELECT id, document_name, document_status, filed_create, document_link, document_bucket_link, document_confirmation_link, document_confirmation_bucket_link FROM courts_final.ny_docket_documents WHERE docket_id = 'SQOBj_PLUS_C9oyYMKUXIAPvA9Q==' ORDER BY id;"
case_41777,613779/2025,tFhhmhl/lHelozqTBXQn/g==,https://iapps.courts.state.ny.us/nyscef/DocumentList?docketId=tFhhmhl/lHelozqTBXQn/g==&display=all&courtType=Suffolk County Supreme Court&resultsPageNum=29,29,29,28,1225457,DEMAND FOR:,Processed,08/19/2025,08/19/2025,https://iapps.courts.state.ny.us/nyscef/ViewDocument?docIndex=76AspLBR_PLUS_lLkfHxm6_PLUS_Dz2Q==,https://iapps.courts.state.ny.us/nyscef/ConfirmationNotice?docId=76AspLBR_PLUS_lLkfHxm6_PLUS_Dz2Q==,"SELECT id, document_name, document_status, filed_create, document_link, document_bucket_link, document_confirmation_link, document_confirmation_bucket_link FROM courts_final.ny_docket_documents WHERE docket_id = 'tFhhmhl/lHelozqTBXQn/g==' ORDER BY id;"
case_41867,701313/2021,ti6OgTapX43e3nHkAf7WcA==,https://iapps.courts.state.ny.us/nyscef/DocumentList?docketId=ti6OgTapX43e3nHkAf7WcA==&display=all&courtType=Queens County Supreme Court&resultsPageNum=33,85,85,82,1226967,AFFIRMATION/AFFIDAVIT OF SERVICE,Processed,06/12/2024,06/12/2024,https://iapps.courts.state.ny.us/nyscef/ViewDocument?docIndex=8jR7WhOajRO6DEwmKdrn9A==,https://iapps.courts.state.ny.us/nyscef/ConfirmationNotice?docId=8jR7WhOajRO6DEwmKdrn9A==,"SELECT id, document_name, document_status, filed_create, document_link, document_bucket_link, document_confirmation_link, document_confirmation_bucket_link FROM courts_final.ny_docket_documents WHERE docket_id = 'ti6OgTapX43e3nHkAf7WcA==' ORDER BY id;"
case_41867,701313/2021,ti6OgTapX43e3nHkAf7WcA==,https://iapps.courts.state.ny.us/nyscef/DocumentList?docketId=ti6OgTapX43e3nHkAf7WcA==&display=all&courtType=Queens County Supreme Court&resultsPageNum=33,85,85,82,1226970,EXHIBIT(S),Processed,12/05/2024,12/05/2024,https://iapps.courts.state.ny.us/nyscef/ViewDocument?docIndex=wR4NiY40A3ulZG_PLUS_btPv5dA==,https://iapps.courts.state.ny.us/nyscef/ConfirmationNotice?docId=wR4NiY40A3ulZG_PLUS_btPv5dA==,"SELECT id, document_name, document_status, filed_create, document_link, document_bucket_link, document_confirmation_link, document_confirmation_bucket_link FROM courts_final.ny_docket_documents WHERE docket_id = 'ti6OgTapX43e3nHkAf7WcA==' ORDER BY id;"
case_41867,701313/2021,ti6OgTapX43e3nHkAf7WcA==,https://iapps.courts.state.ny.us/nyscef/DocumentList?docketId=ti6OgTapX43e3nHkAf7WcA==&display=all&courtType=Queens County Supreme Court&resultsPageNum=33,85,85,82,1226971,EXHIBIT(S),Processed,12/05/2024,12/05/2024,https://iapps.courts.state.ny.us/nyscef/ViewDocument?docIndex=kRv3pKE3vgUDlzE3dDRumg==,https://iapps.courts.state.ny.us/nyscef/ConfirmationNotice?docId=kRv3pKE3vgUDlzE3dDRumg==,"SELECT id, document_name, document_status, filed_create, document_link, document_bucket_link, document_confirmation_link, document_confirmation_bucket_link FROM courts_final.ny_docket_documents WHERE docket_id = 'ti6OgTapX43e3nHkAf7WcA==' ORDER BY id;"
case_41875,702130/2022,n/aRGI8/Kxi0RP4CEJGmNQ==,https://iapps.courts.state.ny.us/nyscef/DocumentList?docketId=n/aRGI8/Kxi0RP4CEJGmNQ==&display=all&courtType=Queens County Supreme Court&resultsPageNum=34,19,19,18,1227130,AFFIRMATION,Processed,06/21/2022,06/21/2022,https://iapps.courts.state.ny.us/nyscef/ViewDocument?docIndex=Bga4TPg3NuioR4w_PLUS_LJr1SQ==,https://iapps.courts.state.ny.us/nyscef/ConfirmationNotice?docId=Bga4TPg3NuioR4w_PLUS_LJr1SQ==,"SELECT id, document_name, document_status, filed_create, document_link, document_bucket_link, document_confirmation_link, document_confirmation_bucket_link FROM courts_final.ny_docket_documents WHERE docket_id = 'n/aRGI8/Kxi0RP4CEJGmNQ==' ORDER BY id;"
case_43368,609715/2022,1klhpDY16alh0KDka39kcQ==,https://iapps.courts.state.ny.us/nyscef/DocumentList?docketId=1klhpDY16alh0KDka39kcQ==&display=all&courtType=Nassau County Supreme Court&resultsPageNum=1,225,225,222,1231598,AFFIRMATION/AFFIDAVIT OF SERVICE,Processed,10/13/2022,10/13/2022,https://iapps.courts.state.ny.us/nyscef/ViewDocument?docIndex=wqmcCDFHTRivHeSkhebxRw==,https://iapps.courts.state.ny.us/nyscef/ConfirmationNotice?docId=wqmcCDFHTRivHeSkhebxRw==,"SELECT id, document_name, document_status, filed_create, document_link, document_bucket_link, document_confirmation_link, document_confirmation_bucket_link FROM courts_final.ny_docket_documents WHERE docket_id = '1klhpDY16alh0KDka39kcQ==' ORDER BY id;"
case_43368,609715/2022,1klhpDY16alh0KDka39kcQ==,https://iapps.courts.state.ny.us/nyscef/DocumentList?docketId=1klhpDY16alh0KDka39kcQ==&display=all&courtType=Nassau County Supreme Court&resultsPageNum=1,225,225,222,1231688,EXHIBIT(S),Processed,09/21/2023,09/21/2023,https://iapps.courts.state.ny.us/nyscef/ViewDocument?docIndex=ftR0FU0zc_PLUS_Y3QYAH4NYzfA==,https://iapps.courts.state.ny.us/nyscef/ConfirmationNotice?docId=ftR0FU0zc_PLUS_Y3QYAH4NYzfA==,"SELECT id, document_name, document_status, filed_create, document_link, document_bucket_link, document_confirmation_link, document_confirmation_bucket_link FROM courts_final.ny_docket_documents WHERE docket_id = '1klhpDY16alh0KDka39kcQ==' ORDER BY id;"
case_43368,609715/2022,1klhpDY16alh0KDka39kcQ==,https://iapps.courts.state.ny.us/nyscef/DocumentList?docketId=1klhpDY16alh0KDka39kcQ==&display=all&courtType=Nassau County Supreme Court&resultsPageNum=1,225,225,222,1231696,AFFIRMATION,Processed,11/03/2023,11/03/2023,https://iapps.courts.state.ny.us/nyscef/ViewDocument?docIndex=ybSMmprf3VWXyQyX2lR3Kw==,https://iapps.courts.state.ny.us/nyscef/ConfirmationNotice?docId=ybSMmprf3VWXyQyX2lR3Kw==,"SELECT id, document_name, document_status, filed_create, document_link, document_bucket_link, document_confirmation_link, document_confirmation_bucket_link FROM courts_final.ny_docket_documents WHERE docket_id = '1klhpDY16alh0KDka39kcQ==' ORDER BY id;"
case_43374,651477/2022,_PLUS_e6l8cT42RMgkBHYDh3gvQ==,https://iapps.courts.state.ny.us/nyscef/DocumentList?docketId=_PLUS_e6l8cT42RMgkBHYDh3gvQ==&display=all&courtType=New York County Supreme Court&resultsPageNum=2,46,46,45,1232042,EXHIBIT(S),Processed,12/23/2022,12/23/2022,https://iapps.courts.state.ny.us/nyscef/ViewDocument?docIndex=9lQsbdmV_PLUS_7REl3Xql8bhAw==,https://iapps.courts.state.ny.us/nyscef/ConfirmationNotice?docId=9lQsbdmV_PLUS_7REl3Xql8bhAw==,"SELECT id, document_name, document_status, filed_create, document_link, document_bucket_link, document_confirmation_link, document_confirmation_bucket_link FROM courts_final.ny_docket_documents WHERE docket_id = '_PLUS_e6l8cT42RMgkBHYDh3gvQ==' ORDER BY id;"
case_43386,713509/2022,qpCAS0jWnEAVWdIV7FVvhQ==,https://iapps.courts.state.ny.us/nyscef/DocumentList?docketId=qpCAS0jWnEAVWdIV7FVvhQ==&display=all&courtType=Queens County Supreme Court&resultsPageNum=2,151,151,150,1232740,PROOF OF SERVICE,Processed,01/05/2023,01/05/2023,https://iapps.courts.state.ny.us/nyscef/ViewDocument?docIndex=ZoogjQtUw_PLUS_7ySXd2L2CmLQ==,https://iapps.courts.state.ny.us/nyscef/ConfirmationNotice?docId=ZoogjQtUw_PLUS_7ySXd2L2CmLQ==,"SELECT id, document_name, document_status, filed_create, document_link, document_bucket_link, document_confirmation_link, document_confirmation_bucket_link FROM courts_final.ny_docket_documents WHERE docket_id = 'qpCAS0jWnEAVWdIV7FVvhQ==' ORDER BY id;"
case_43387,713515/2022,T31aDoU0FxKlT_PLUS_PNoxlCyA==,https://iapps.courts.state.ny.us/nyscef/DocumentList?docketId=T31aDoU0FxKlT_PLUS_PNoxlCyA==&display=all&courtType=Queens County Supreme Court&resultsPageNum=2,117,117,115,1232833,AFFIRMATION/AFFIDAVIT OF SERVICE,Processed,07/18/2022,07/18/2022,https://iapps.courts.state.ny.us/nyscef/ViewDocument?docIndex=PRbjbgYFP_PLUS_M5OBQIgWcC1g==,https://iapps.courts.state.ny.us/nyscef/ConfirmationNotice?docId=PRbjbgYFP_PLUS_M5OBQIgWcC1g==,"SELECT id, document_name, document_status, filed_create, document_link, document_bucket_link, document_confirmation_link, document_confirmation_bucket_link FROM courts_final.ny_docket_documents WHERE docket_id = 'T31aDoU0FxKlT_PLUS_PNoxlCyA==' ORDER BY id;"
case_43387,713515/2022,T31aDoU0FxKlT_PLUS_PNoxlCyA==,https://iapps.courts.state.ny.us/nyscef/DocumentList?docketId=T31aDoU0FxKlT_PLUS_PNoxlCyA==&display=all&courtType=Queens County Supreme Court&resultsPageNum=2,117,117,115,1232847,AFFIRMATION/AFFIDAVIT OF SERVICE,Processed,08/09/2022,08/09/2022,https://iapps.courts.state.ny.us/nyscef/ViewDocument?docIndex=NkbPm2h_PLUS_xNrgThWtzIOC1g==,https://iapps.courts.state.ny.us/nyscef/ConfirmationNotice?docId=NkbPm2h_PLUS_xNrgThWtzIOC1g==,"SELECT id, document_name, document_status, filed_create, document_link, document_bucket_link, document_confirmation_link, document_confirmation_bucket_link FROM courts_final.ny_docket_documents WHERE docket_id = 'T31aDoU0FxKlT_PLUS_PNoxlCyA==' ORDER BY id;"
case_43478,156337/2020,W0aFQ17JstZ7RuSzNpMxsg==,https://iapps.courts.state.ny.us/nyscef/DocumentList?docketId=W0aFQ17JstZ7RuSzNpMxsg==&display=all&courtType=New York County Supreme Court&resultsPageNum=1,121,121,114,1234160,AFFIRMATION/AFFIDAVIT OF SERVICE,Processed,10/15/2020,10/15/2020,https://iapps.courts.state.ny.us/nyscef/ViewDocument?docIndex=r5RGeqq1GoQKfLGHdkMl0w==,https://iapps.courts.state.ny.us/nyscef/ConfirmationNotice?docId=r5RGeqq1GoQKfLGHdkMl0w==,"SELECT id, document_name, document_status, filed_create, document_link, document_bucket_link, document_confirmation_link, document_confirmation_bucket_link FROM courts_final.ny_docket_documents WHERE docket_id = 'W0aFQ17JstZ7RuSzNpMxsg==' ORDER BY id;"
case_43478,156337/2020,W0aFQ17JstZ7RuSzNpMxsg==,https://iapps.courts.state.ny.us/nyscef/DocumentList?docketId=W0aFQ17JstZ7RuSzNpMxsg==&display=all&courtType=New York County Supreme Court&resultsPageNum=1,121,121,114,1234161,AFFIRMATION/AFFIDAVIT OF SERVICE,Processed,10/15/2020,10/15/2020,https://iapps.courts.state.ny.us/nyscef/ViewDocument?docIndex=DTjzQc3Vvtn52bBQDkgy9Q==,https://iapps.courts.state.ny.us/nyscef/ConfirmationNotice?docId=DTjzQc3Vvtn52bBQDkgy9Q==,"SELECT id, document_name, document_status, filed_create, document_link, document_bucket_link, document_confirmation_link, document_confirmation_bucket_link FROM courts_final.ny_docket_documents WHERE docket_id = 'W0aFQ17JstZ7RuSzNpMxsg==' ORDER BY id;"
case_43478,156337/2020,W0aFQ17JstZ7RuSzNpMxsg==,https://iapps.courts.state.ny.us/nyscef/DocumentList?docketId=W0aFQ17JstZ7RuSzNpMxsg==&display=all&courtType=New York County Supreme Court&resultsPageNum=1,121,121,114,1234165,AFFIRMATION/AFFIDAVIT OF SERVICE,Processed,10/15/2020,10/15/2020,https://iapps.courts.state.ny.us/nyscef/ViewDocument?docIndex=HNb2geQXJJe_PLUS_OdJXdxqifw==,https://iapps.courts.state.ny.us/nyscef/ConfirmationNotice?docId=HNb2geQXJJe_PLUS_OdJXdxqifw==,"SELECT id, document_name, document_status, filed_create, document_link, document_bucket_link, document_confirmation_link, document_confirmation_bucket_link FROM courts_final.ny_docket_documents WHERE docket_id = 'W0aFQ17JstZ7RuSzNpMxsg==' ORDER BY id;"
case_43478,156337/2020,W0aFQ17JstZ7RuSzNpMxsg==,https://iapps.courts.state.ny.us/nyscef/DocumentList?docketId=W0aFQ17JstZ7RuSzNpMxsg==&display=all&courtType=New York County Supreme Court&resultsPageNum=1,121,121,114,1234171,AFFIRMATION/AFFIDAVIT OF SERVICE,Processed,10/15/2020,10/15/2020,https://iapps.courts.state.ny.us/nyscef/ViewDocument?docIndex=dP9bwFCSOH3IeYr/1m7eSQ==,https://iapps.courts.state.ny.us/nyscef/ConfirmationNotice?docId=dP9bwFCSOH3IeYr/1m7eSQ==,"SELECT id, document_name, document_status, filed_create, document_link, document_bucket_link, document_confirmation_link, document_confirmation_bucket_link FROM courts_final.ny_docket_documents WHERE docket_id = 'W0aFQ17JstZ7RuSzNpMxsg==' ORDER BY id;"
case_43478,156337/2020,W0aFQ17JstZ7RuSzNpMxsg==,https://iapps.courts.state.ny.us/nyscef/DocumentList?docketId=W0aFQ17JstZ7RuSzNpMxsg==&display=all&courtType=New York County Supreme Court&resultsPageNum=1,121,121,114,1234179,ANSWER WITH COUNTER-CLAIM(S),Processed,12/04/2020,12/04/2020,https://iapps.courts.state.ny.us/nyscef/ViewDocument?docIndex=zHYq12YerbfgTdi8wLgM2Q==,https://iapps.courts.state.ny.us/nyscef/ConfirmationNotice?docId=zHYq12YerbfgTdi8wLgM2Q==,"SELECT id, document_name, document_status, filed_create, document_link, document_bucket_link, document_confirmation_link, document_confirmation_bucket_link FROM courts_final.ny_docket_documents WHERE docket_id = 'W0aFQ17JstZ7RuSzNpMxsg==' ORDER BY id;"
case_43478,156337/2020,W0aFQ17JstZ7RuSzNpMxsg==,https://iapps.courts.state.ny.us/nyscef/DocumentList?docketId=W0aFQ17JstZ7RuSzNpMxsg==&display=all&courtType=New York County Supreme Court&resultsPageNum=1,121,121,114,1234181,NOTICE OF REJECTION,Processed,12/10/2020,12/10/2020,https://iapps.courts.state.ny.us/nyscef/ViewDocument?docIndex=B/SfeK2FEKtbtd4jgAnMhA==,https://iapps.courts.state.ny.us/nyscef/ConfirmationNotice?docId=B/SfeK2FEKtbtd4jgAnMhA==,"SELECT id, document_name, document_status, filed_create, document_link, document_bucket_link, document_confirmation_link, document_confirmation_bucket_link FROM courts_final.ny_docket_documents WHERE docket_id = 'W0aFQ17JstZ7RuSzNpMxsg==' ORDER BY id;"
case_43478,156337/2020,W0aFQ17JstZ7RuSzNpMxsg==,https://iapps.courts.state.ny.us/nyscef/DocumentList?docketId=W0aFQ17JstZ7RuSzNpMxsg==&display=all&courtType=New York County Supreme Court&resultsPageNum=1,121,121,114,1234189,EXHIBIT(S),Processed,05/27/2021,05/27/2021,https://iapps.courts.state.ny.us/nyscef/ViewDocument?docIndex=pTACxNGgRMIcteAowuaWjg==,https://iapps.courts.state.ny.us/nyscef/ConfirmationNotice?docId=pTACxNGgRMIcteAowuaWjg==,"SELECT id, document_name, document_status, filed_create, document_link, document_bucket_link, document_confirmation_link, document_confirmation_bucket_link FROM courts_final.ny_docket_documents WHERE docket_id = 'W0aFQ17JstZ7RuSzNpMxsg==' ORDER BY id;"
case_43480,157813/2023,eHoBzSpfq3anN8d8CFFCxA==,https://iapps.courts.state.ny.us/nyscef/DocumentList?docketId=eHoBzSpfq3anN8d8CFFCxA==&display=all&courtType=New York County Supreme Court&resultsPageNum=1,170,170,165,1234271,AFFIDAVIT,Processed,11/03/2023,11/03/2023,https://iapps.courts.state.ny.us/nyscef/ViewDocument?docIndex=u5ODpq1FM1H7gpZITT5fqw==,https://iapps.courts.state.ny.us/nyscef/ConfirmationNotice?docId=u5ODpq1FM1H7gpZITT5fqw==,"SELECT id, document_name, document_status, filed_create, document_link, document_bucket_link, document_confirmation_link, document_confirmation_bucket_link FROM courts_final.ny_docket_documents WHERE docket_id = 'eHoBzSpfq3anN8d8CFFCxA==' ORDER BY id;"
case_43480,157813/2023,eHoBzSpfq3anN8d8CFFCxA==,https://iapps.courts.state.ny.us/nyscef/DocumentList?docketId=eHoBzSpfq3anN8d8CFFCxA==&display=all&courtType=New York County Supreme Court&resultsPageNum=1,170,170,165,1234285,AFFIDAVIT,Processed,11/03/2023,11/03/2023,https://iapps.courts.state.ny.us/nyscef/ViewDocument?docIndex=vFUmSAvNNO_PLUS_ilAaPRV98Dg==,https://iapps.courts.state.ny.us/nyscef/ConfirmationNotice?docId=vFUmSAvNNO_PLUS_ilAaPRV98Dg==,"SELECT id, document_name, document_status, filed_create, document_link, document_bucket_link, document_confirmation_link, document_confirmation_bucket_link FROM courts_final.ny_docket_documents WHERE docket_id = 'eHoBzSpfq3anN8d8CFFCxA==' ORDER BY id;"
case_43480,157813/2023,eHoBzSpfq3anN8d8CFFCxA==,https://iapps.courts.state.ny.us/nyscef/DocumentList?docketId=eHoBzSpfq3anN8d8CFFCxA==&display=all&courtType=New York County Supreme Court&resultsPageNum=1,170,170,165,1234295,AFFIDAVIT,Processed,11/03/2023,11/03/2023,https://iapps.courts.state.ny.us/nyscef/ViewDocument?docIndex=UaKkDocCcBEDWAlQxC3yvw==,https://iapps.courts.state.ny.us/nyscef/ConfirmationNotice?docId=UaKkDocCcBEDWAlQxC3yvw==,"SELECT id, document_name, document_status, filed_create, document_link, document_bucket_link, document_confirmation_link, document_confirmation_bucket_link FROM courts_final.ny_docket_documents WHERE docket_id = 'eHoBzSpfq3anN8d8CFFCxA==' ORDER BY id;"
case_43480,157813/2023,eHoBzSpfq3anN8d8CFFCxA==,https://iapps.courts.state.ny.us/nyscef/DocumentList?docketId=eHoBzSpfq3anN8d8CFFCxA==&display=all&courtType=New York County Supreme Court&resultsPageNum=1,170,170,165,1234296,AFFIRMATION/AFFIDAVIT OF SERVICE,Processed,11/03/2023,11/03/2023,https://iapps.courts.state.ny.us/nyscef/ViewDocument?docIndex=0QtQkEFJz0Wn_PLUS_3XtdMlcKA==,https://iapps.courts.state.ny.us/nyscef/ConfirmationNotice?docId=0QtQkEFJz0Wn_PLUS_3XtdMlcKA==,"SELECT id, document_name, document_status, filed_create, document_link, document_bucket_link, document_confirmation_link, document_confirmation_bucket_link FROM courts_final.ny_docket_documents WHERE docket_id = 'eHoBzSpfq3anN8d8CFFCxA==' ORDER BY id;"
case_43480,157813/2023,eHoBzSpfq3anN8d8CFFCxA==,https://iapps.courts.state.ny.us/nyscef/DocumentList?docketId=eHoBzSpfq3anN8d8CFFCxA==&display=all&courtType=New York County Supreme Court&resultsPageNum=1,170,170,165,1234380,EXHIBIT(S),Processed,09/30/2024,09/30/2024,https://iapps.courts.state.ny.us/nyscef/ViewDocument?docIndex=YSFgoiwHbdvWZuVn9VmUJw==,https://iapps.courts.state.ny.us/nyscef/ConfirmationNotice?docId=YSFgoiwHbdvWZuVn9VmUJw==,"SELECT id, document_name, document_status, filed_create, document_link, document_bucket_link, document_confirmation_link, document_confirmation_bucket_link FROM courts_final.ny_docket_documents WHERE docket_id = 'eHoBzSpfq3anN8d8CFFCxA==' ORDER BY id;"
case_43497,59883/2016,jAgivU73Lw3TAiiIdFJdeg==,https://iapps.courts.state.ny.us/nyscef/DocumentList?docketId=jAgivU73Lw3TAiiIdFJdeg==&display=all&courtType=Westchester County Supreme Court&resultsPageNum=2,52,52,49,1235006,NOTICE TO TAKE DEPOSITION,Processed,10/05/2016,10/05/2016,https://iapps.courts.state.ny.us/nyscef/ViewDocument?docIndex=/1kP9zjV9AxvR2Z1XLZVxg==,https://iapps.courts.state.ny.us/nyscef/ConfirmationNotice?docId=/1kP9zjV9AxvR2Z1XLZVxg==,"SELECT id, document_name, document_status, filed_create, document_link, document_bucket_link, document_confirmation_link, document_confirmation_bucket_link FROM courts_final.ny_docket_documents WHERE docket_id = 'jAgivU73Lw3TAiiIdFJdeg==' ORDER BY id;"
case_43497,59883/2016,jAgivU73Lw3TAiiIdFJdeg==,https://iapps.courts.state.ny.us/nyscef/DocumentList?docketId=jAgivU73Lw3TAiiIdFJdeg==&display=all&courtType=Westchester County Supreme Court&resultsPageNum=2,52,52,49,1235008,NOTICE OF DISCOVERY AND INSPECTION,Processed,10/05/2016,10/05/2016,https://iapps.courts.state.ny.us/nyscef/ViewDocument?docIndex=7Jl8oQ7SpOu9_PLUS_rBr9nbe3A==,https://iapps.courts.state.ny.us/nyscef/ConfirmationNotice?docId=7Jl8oQ7SpOu9_PLUS_rBr9nbe3A==,"SELECT id, document_name, document_status, filed_create, document_link, document_bucket_link, document_confirmation_link, document_confirmation_bucket_link FROM courts_final.ny_docket_documents WHERE docket_id = 'jAgivU73Lw3TAiiIdFJdeg==' ORDER BY id;"
case_43497,59883/2016,jAgivU73Lw3TAiiIdFJdeg==,https://iapps.courts.state.ny.us/nyscef/DocumentList?docketId=jAgivU73Lw3TAiiIdFJdeg==&display=all&courtType=Westchester County Supreme Court&resultsPageNum=2,52,52,49,1235009,DEMAND FOR:,Processed,10/05/2016,10/05/2016,https://iapps.courts.state.ny.us/nyscef/ViewDocument?docIndex=KLb6XRxTSNeXeM8GmXyI5g==,https://iapps.courts.state.ny.us/nyscef/ConfirmationNotice?docId=KLb6XRxTSNeXeM8GmXyI5g==,"SELECT id, document_name, document_status, filed_create, document_link, document_bucket_link, document_confirmation_link, document_confirmation_bucket_link FROM courts_final.ny_docket_documents WHERE docket_id = 'jAgivU73Lw3TAiiIdFJdeg==' ORDER BY id;"
case_43499,602133/2009,30U_PLUS_wULuZAtMlnJVC5ppyA==,https://iapps.courts.state.ny.us/nyscef/DocumentList?docketId=30U_PLUS_wULuZAtMlnJVC5ppyA==&display=all&courtType=New York County Supreme Court&resultsPageNum=2,68,68,67,1235119,AFFIRMATION/AFFIDAVIT OF SERVICE,Processed,09/07/2010,09/07/2010,https://iapps.courts.state.ny.us/nyscef/ViewDocument?docIndex=VywF1ZYSjGpejAPK3VksEQ==,https://iapps.courts.state.ny.us/nyscef/ConfirmationNotice?docId=VywF1ZYSjGpejAPK3VksEQ==,"SELECT id, document_name, document_status, filed_create, document_link, document_bucket_link, document_confirmation_link, document_confirmation_bucket_link FROM courts_final.ny_docket_documents WHERE docket_id = '30U_PLUS_wULuZAtMlnJVC5ppyA==' ORDER BY id;"
case_43500,602687/2023,BUcWh/18eIvUOzFExKtoiQ==,https://iapps.courts.state.ny.us/nyscef/DocumentList?docketId=BUcWh/18eIvUOzFExKtoiQ==&display=all&courtType=Nassau County Supreme Court&resultsPageNum=2,99,99,98,1235143,AFFIRMATION/AFFIDAVIT OF SERVICE,Processed,06/06/2023,06/06/2023,https://iapps.courts.state.ny.us/nyscef/ViewDocument?docIndex=pnDlMmMgxJhaPbmydNPCLg==,https://iapps.courts.state.ny.us/nyscef/ConfirmationNotice?docId=pnDlMmMgxJhaPbmydNPCLg==,"SELECT id, document_name, document_status, filed_create, document_link, document_bucket_link, document_confirmation_link, document_confirmation_bucket_link FROM courts_final.ny_docket_documents WHERE docket_id = 'BUcWh/18eIvUOzFExKtoiQ==' ORDER BY id;"
case_43501,604143/2020,x_PLUS_A3S9AatXfNP6ClDF4SIQ==,https://iapps.courts.state.ny.us/nyscef/DocumentList?docketId=x_PLUS_A3S9AatXfNP6ClDF4SIQ==&display=all&courtType=Nassau County Supreme Court&resultsPageNum=2,43,43,42,1235232,PROOF OF SERVICE,Processed,04/14/2020,04/14/2020,https://iapps.courts.state.ny.us/nyscef/ViewDocument?docIndex=CNIiU6VF0e0cwrtdxDTq2Q==,https://iapps.courts.state.ny.us/nyscef/ConfirmationNotice?docId=CNIiU6VF0e0cwrtdxDTq2Q==,"SELECT id, document_name, document_status, filed_create, document_link, document_bucket_link, document_confirmation_link, document_confirmation_bucket_link FROM courts_final.ny_docket_documents WHERE docket_id = 'x_PLUS_A3S9AatXfNP6ClDF4SIQ==' ORDER BY id;"
case_43504,607989/2018,DAr6FtMrN6TX_PLUS_cofTNLfEw==,https://iapps.courts.state.ny.us/nyscef/DocumentList?docketId=DAr6FtMrN6TX_PLUS_cofTNLfEw==&display=all&courtType=Nassau County Supreme Court&resultsPageNum=2,141,141,138,1235334,AFFIRMATION/AFFIDAVIT OF SERVICE,Processed,07/20/2018,07/20/2018,https://iapps.courts.state.ny.us/nyscef/ViewDocument?docIndex=K34PbW4jqFjJPrksUpO9JQ==,https://iapps.courts.state.ny.us/nyscef/ConfirmationNotice?docId=K34PbW4jqFjJPrksUpO9JQ==,"SELECT id, document_name, document_status, filed_create, document_link, document_bucket_link, document_confirmation_link, document_confirmation_bucket_link FROM courts_final.ny_docket_documents WHERE docket_id = 'DAr6FtMrN6TX_PLUS_cofTNLfEw==' ORDER BY id;"
case_43504,607989/2018,DAr6FtMrN6TX_PLUS_cofTNLfEw==,https://iapps.courts.state.ny.us/nyscef/DocumentList?docketId=DAr6FtMrN6TX_PLUS_cofTNLfEw==&display=all&courtType=Nassau County Supreme Court&resultsPageNum=2,141,141,138,1235335,AFFIRMATION/AFFIDAVIT OF SERVICE,Processed,07/20/2018,07/20/2018,https://iapps.courts.state.ny.us/nyscef/ViewDocument?docIndex=gmIC7TABelAvLe4auqFN0w==,https://iapps.courts.state.ny.us/nyscef/ConfirmationNotice?docId=gmIC7TABelAvLe4auqFN0w==,"SELECT id, document_name, document_status, filed_create, document_link, document_bucket_link, document_confirmation_link, document_confirmation_bucket_link FROM courts_final.ny_docket_documents WHERE docket_id = 'DAr6FtMrN6TX_PLUS_cofTNLfEw==' ORDER BY id;"
case_43504,607989/2018,DAr6FtMrN6TX_PLUS_cofTNLfEw==,https://iapps.courts.state.ny.us/nyscef/DocumentList?docketId=DAr6FtMrN6TX_PLUS_cofTNLfEw==&display=all&courtType=Nassau County Supreme Court&resultsPageNum=2,141,141,138,1235337,AFFIRMATION/AFFIDAVIT OF SERVICE,Processed,07/20/2018,07/20/2018,https://iapps.courts.state.ny.us/nyscef/ViewDocument?docIndex=8xIfN/H57tSWbXMGhA5VoQ==,https://iapps.courts.state.ny.us/nyscef/ConfirmationNotice?docId=8xIfN/H57tSWbXMGhA5VoQ==,"SELECT id, document_name, document_status, filed_create, document_link, document_bucket_link, document_confirmation_link, document_confirmation_bucket_link FROM courts_final.ny_docket_documents WHERE docket_id = 'DAr6FtMrN6TX_PLUS_cofTNLfEw==' ORDER BY id;"
case_43505,608292/2023,TEpN5u9LNQpkpZFAhvJoNQ==,https://iapps.courts.state.ny.us/nyscef/DocumentList?docketId=TEpN5u9LNQpkpZFAhvJoNQ==&display=all&courtType=Nassau County Supreme Court&resultsPageNum=2,199,199,192,1235628,EXHIBIT(S),Processed,03/28/2025,03/28/2025,https://iapps.courts.state.ny.us/nyscef/ViewDocument?docIndex=BKzZIjLegqVqPX5ogiNEPw==,https://iapps.courts.state.ny.us/nyscef/ConfirmationNotice?docId=BKzZIjLegqVqPX5ogiNEPw==,"SELECT id, document_name, document_status, filed_create, document_link, document_bucket_link, document_confirmation_link, document_confirmation_bucket_link FROM courts_final.ny_docket_documents WHERE docket_id = 'TEpN5u9LNQpkpZFAhvJoNQ==' ORDER BY id;"
case_43505,608292/2023,TEpN5u9LNQpkpZFAhvJoNQ==,https://iapps.courts.state.ny.us/nyscef/DocumentList?docketId=TEpN5u9LNQpkpZFAhvJoNQ==&display=all&courtType=Nassau County Supreme Court&resultsPageNum=2,199,199,192,1235633,EXHIBIT(S),Processed,04/17/2025,04/17/2025,https://iapps.courts.state.ny.us/nyscef/ViewDocument?docIndex=WxSIFg_PLUS_7iD2BymRhZiWuug==,https://iapps.courts.state.ny.us/nyscef/ConfirmationNotice?docId=WxSIFg_PLUS_7iD2BymRhZiWuug==,"SELECT id, document_name, document_status, filed_create, document_link, document_bucket_link, document_confirmation_link, document_confirmation_bucket_link FROM courts_final.ny_docket_documents WHERE docket_id = 'TEpN5u9LNQpkpZFAhvJoNQ==' ORDER BY id;"
case_43505,608292/2023,TEpN5u9LNQpkpZFAhvJoNQ==,https://iapps.courts.state.ny.us/nyscef/DocumentList?docketId=TEpN5u9LNQpkpZFAhvJoNQ==&display=all&courtType=Nassau County Supreme Court&resultsPageNum=2,199,199,192,1235637,EXHIBIT(S),Processed,04/17/2025,04/17/2025,https://iapps.courts.state.ny.us/nyscef/ViewDocument?docIndex=ZTXgtIINGuufGsNoo5MZpg==,https://iapps.courts.state.ny.us/nyscef/ConfirmationNotice?docId=ZTXgtIINGuufGsNoo5MZpg==,"SELECT id, document_name, document_status, filed_create, document_link, document_bucket_link, document_confirmation_link, document_confirmation_bucket_link FROM courts_final.ny_docket_documents WHERE docket_id = 'TEpN5u9LNQpkpZFAhvJoNQ==' ORDER BY id;"
case_43505,608292/2023,TEpN5u9LNQpkpZFAhvJoNQ==,https://iapps.courts.state.ny.us/nyscef/DocumentList?docketId=TEpN5u9LNQpkpZFAhvJoNQ==&display=all&courtType=Nassau County Supreme Court&resultsPageNum=2,199,199,192,1235638,STATEMENT OF MATERIAL FACTS,Processed,04/17/2025,04/17/2025,https://iapps.courts.state.ny.us/nyscef/ViewDocument?docIndex=fCMeuhCrmjrOgtDHBU_PLUS__PLUS__PLUS_A==,https://iapps.courts.state.ny.us/nyscef/ConfirmationNotice?docId=fCMeuhCrmjrOgtDHBU_PLUS__PLUS__PLUS_A==,"SELECT id, document_name, document_status, filed_create, document_link, document_bucket_link, document_confirmation_link, document_confirmation_bucket_link FROM courts_final.ny_docket_documents WHERE docket_id = 'TEpN5u9LNQpkpZFAhvJoNQ==' ORDER BY id;"
case_43505,608292/2023,TEpN5u9LNQpkpZFAhvJoNQ==,https://iapps.courts.state.ny.us/nyscef/DocumentList?docketId=TEpN5u9LNQpkpZFAhvJoNQ==&display=all&courtType=Nassau County Supreme Court&resultsPageNum=2,199,199,192,1235640,AFFIDAVIT OR AFFIRMATION IN OPPOSITION TO MOTION,Processed,04/23/2025,04/23/2025,https://iapps.courts.state.ny.us/nyscef/ViewDocument?docIndex=D3G7N1MctKAxBzU_PLUS_k/o4Sg==,https://iapps.courts.state.ny.us/nyscef/ConfirmationNotice?docId=D3G7N1MctKAxBzU_PLUS_k/o4Sg==,"SELECT id, document_name, document_status, filed_create, document_link, document_bucket_link, document_confirmation_link, document_confirmation_bucket_link FROM courts_final.ny_docket_documents WHERE docket_id = 'TEpN5u9LNQpkpZFAhvJoNQ==' ORDER BY id;"
case_43505,608292/2023,TEpN5u9LNQpkpZFAhvJoNQ==,https://iapps.courts.state.ny.us/nyscef/DocumentList?docketId=TEpN5u9LNQpkpZFAhvJoNQ==&display=all&courtType=Nassau County Supreme Court&resultsPageNum=2,199,199,192,1235641,STIPULATION - SO ORDERED,Processed,06/19/2025,06/17/2025,https://iapps.courts.state.ny.us/nyscef/ViewDocument?docIndex=kTOWfQOVvC5LuaNPgCb_PLUS_kA==,https://iapps.courts.state.ny.us/nyscef/ConfirmationNotice?docId=kTOWfQOVvC5LuaNPgCb_PLUS_kA==,"SELECT id, document_name, document_status, filed_create, document_link, document_bucket_link, document_confirmation_link, document_confirmation_bucket_link FROM courts_final.ny_docket_documents WHERE docket_id = 'TEpN5u9LNQpkpZFAhvJoNQ==' ORDER BY id;"
case_43505,608292/2023,TEpN5u9LNQpkpZFAhvJoNQ==,https://iapps.courts.state.ny.us/nyscef/DocumentList?docketId=TEpN5u9LNQpkpZFAhvJoNQ==&display=all&courtType=Nassau County Supreme Court&resultsPageNum=2,199,199,192,1235645,NOTICE OF ENTRY,Processed,07/25/2025,07/25/2025,https://iapps.courts.state.ny.us/nyscef/ViewDocument?docIndex=x4W40JK_PLUS_V7_PLUS_FUn9IBYCkSA==,https://iapps.courts.state.ny.us/nyscef/ConfirmationNotice?docId=x4W40JK_PLUS_V7_PLUS_FUn9IBYCkSA==,"SELECT id, document_name, document_status, filed_create, document_link, document_bucket_link, document_confirmation_link, document_confirmation_bucket_link FROM courts_final.ny_docket_documents WHERE docket_id = 'TEpN5u9LNQpkpZFAhvJoNQ==' ORDER BY id;"
case_43510,610316/2018,UClJYbGH9jepAAaiEVl/Vg==,https://iapps.courts.state.ny.us/nyscef/DocumentList?docketId=UClJYbGH9jepAAaiEVl/Vg==&display=all&courtType=Nassau County Supreme Court&resultsPageNum=2,236,236,234,1235990,EXHIBIT(S),Processed,08/07/2019,08/07/2019,https://iapps.courts.state.ny.us/nyscef/ViewDocument?docIndex=bS3gHgCxUQihD01CjyZeBQ==,https://iapps.courts.state.ny.us/nyscef/ConfirmationNotice?docId=bS3gHgCxUQihD01CjyZeBQ==,"SELECT id, document_name, document_status, filed_create, document_link, document_bucket_link, document_confirmation_link, document_confirmation_bucket_link FROM courts_final.ny_docket_documents WHERE docket_id = 'UClJYbGH9jepAAaiEVl/Vg==' ORDER BY id;"
case_43510,610316/2018,UClJYbGH9jepAAaiEVl/Vg==,https://iapps.courts.state.ny.us/nyscef/DocumentList?docketId=UClJYbGH9jepAAaiEVl/Vg==&display=all&courtType=Nassau County Supreme Court&resultsPageNum=2,236,236,234,1235991,EXHIBIT(S),Processed,08/07/2019,08/07/2019,https://iapps.courts.state.ny.us/nyscef/ViewDocument?docIndex=mPEqpWaeLsXX7clvxJ8mzw==,https://iapps.courts.state.ny.us/nyscef/ConfirmationNotice?docId=mPEqpWaeLsXX7clvxJ8mzw==,"SELECT id, document_name, document_status, filed_create, document_link, document_bucket_link, document_confirmation_link, document_confirmation_bucket_link FROM courts_final.ny_docket_documents WHERE docket_id = 'UClJYbGH9jepAAaiEVl/Vg==' ORDER BY id;"
case_43524,652105/2012,TBVBfVqqjeoDF9vdnZK_PLUS_8Q==,https://iapps.courts.state.ny.us/nyscef/DocumentList?docketId=TBVBfVqqjeoDF9vdnZK_PLUS_8Q==&display=all&courtType=New York County Supreme Court&resultsPageNum=3,26,26,25,1236690,AFFIRMATION/AFFIDAVIT OF SERVICE,Processed,05/10/2013,05/10/2013,https://iapps.courts.state.ny.us/nyscef/ViewDocument?docIndex=3LZkbkGC25y45fGfbncz7g==,https://iapps.courts.state.ny.us/nyscef/ConfirmationNotice?docId=3LZkbkGC25y45fGfbncz7g==,"SELECT id, document_name, document_status, filed_create, document_link, document_bucket_link, document_confirmation_link, document_confirmation_bucket_link FROM courts_final.ny_docket_documents WHERE docket_id = 'TBVBfVqqjeoDF9vdnZK_PLUS_8Q==' ORDER BY id;"
case_43525,652276/2023,QMIzfCafIvsLUbri0X30QA==,https://iapps.courts.state.ny.us/nyscef/DocumentList?docketId=QMIzfCafIvsLUbri0X30QA==&display=all&courtType=New York County Supreme Court&resultsPageNum=3,119,119,117,1236722,EXHIBIT(S),Processed,01/18/2024,01/18/2024,https://iapps.courts.state.ny.us/nyscef/ViewDocument?docIndex=rBLXglbp8psGH9FWw0YuUQ==,https://iapps.courts.state.ny.us/nyscef/ConfirmationNotice?docId=rBLXglbp8psGH9FWw0YuUQ==,"SELECT id, document_name, document_status, filed_create, document_link, document_bucket_link, document_confirmation_link, document_confirmation_bucket_link FROM courts_final.ny_docket_documents WHERE docket_id = 'QMIzfCafIvsLUbri0X30QA==' ORDER BY id;"
case_43525,652276/2023,QMIzfCafIvsLUbri0X30QA==,https://iapps.courts.state.ny.us/nyscef/DocumentList?docketId=QMIzfCafIvsLUbri0X30QA==&display=all&courtType=New York County Supreme Court&resultsPageNum=3,119,119,117,1236723,EXHIBIT(S),Processed,01/18/2024,01/18/2024,https://iapps.courts.state.ny.us/nyscef/ViewDocument?docIndex=AzFvyljoWvIF1NEecInRFQ==,https://iapps.courts.state.ny.us/nyscef/ConfirmationNotice?docId=AzFvyljoWvIF1NEecInRFQ==,"SELECT id, document_name, document_status, filed_create, document_link, document_bucket_link, document_confirmation_link, document_confirmation_bucket_link FROM courts_final.ny_docket_documents WHERE docket_id = 'QMIzfCafIvsLUbri0X30QA==' ORDER BY id;"
case_43526,652559/2024,7XjgNKO/vG8RTEQyWZvh1w==,https://iapps.courts.state.ny.us/nyscef/DocumentList?docketId=7XjgNKO/vG8RTEQyWZvh1w==&display=all&courtType=New York County Supreme Court&resultsPageNum=3,37,37,35,1236849,ORDER - CASE MANAGEMENT,Processed,02/06/2026,02/06/2026,https://iapps.courts.state.ny.us/nyscef/ViewDocument?docIndex=OfyEVnmdwPESb3tVvNzNQg==,https://iapps.courts.state.ny.us/nyscef/ConfirmationNotice?docId=OfyEVnmdwPESb3tVvNzNQg==,"SELECT id, document_name, document_status, filed_create, document_link, document_bucket_link, document_confirmation_link, document_confirmation_bucket_link FROM courts_final.ny_docket_documents WHERE docket_id = '7XjgNKO/vG8RTEQyWZvh1w==' ORDER BY id;"
case_43526,652559/2024,7XjgNKO/vG8RTEQyWZvh1w==,https://iapps.courts.state.ny.us/nyscef/DocumentList?docketId=7XjgNKO/vG8RTEQyWZvh1w==&display=all&courtType=New York County Supreme Court&resultsPageNum=3,37,37,35,1236853,ORDER - CASE MANAGEMENT,Processed,07/02/2026,07/02/2026,https://iapps.courts.state.ny.us/nyscef/ViewDocument?docIndex=5nUDnOjzpuaTGkOMDNvuCQ==,https://iapps.courts.state.ny.us/nyscef/ConfirmationNotice?docId=5nUDnOjzpuaTGkOMDNvuCQ==,"SELECT id, document_name, document_status, filed_create, document_link, document_bucket_link, document_confirmation_link, document_confirmation_bucket_link FROM courts_final.ny_docket_documents WHERE docket_id = '7XjgNKO/vG8RTEQyWZvh1w==' ORDER BY id;"
case_43527,652783/2018,0CjUrLFZbrKik4ftELFYAQ==,https://iapps.courts.state.ny.us/nyscef/DocumentList?docketId=0CjUrLFZbrKik4ftELFYAQ==&display=all&courtType=New York County Supreme Court&resultsPageNum=3,81,81,75,1236855,SUMMONS + COMPLAINT,Processed,06/05/2018,06/05/2018,https://iapps.courts.state.ny.us/nyscef/ViewDocument?docIndex=hzRWMLbnCqYrdsSR6CqvtQ==,https://iapps.courts.state.ny.us/nyscef/ConfirmationNotice?docId=hzRWMLbnCqYrdsSR6CqvtQ==,"SELECT id, document_name, document_status, filed_create, document_link, document_bucket_link, document_confirmation_link, document_confirmation_bucket_link FROM courts_final.ny_docket_documents WHERE docket_id = '0CjUrLFZbrKik4ftELFYAQ==' ORDER BY id;"
case_43527,652783/2018,0CjUrLFZbrKik4ftELFYAQ==,https://iapps.courts.state.ny.us/nyscef/DocumentList?docketId=0CjUrLFZbrKik4ftELFYAQ==&display=all&courtType=New York County Supreme Court&resultsPageNum=3,81,81,75,1236856,AFFIRMATION/AFFIDAVIT OF SERVICE,Processed,07/02/2018,07/02/2018,https://iapps.courts.state.ny.us/nyscef/ViewDocument?docIndex=lNLU31kL1M/iRxM0zJvNew==,https://iapps.courts.state.ny.us/nyscef/ConfirmationNotice?docId=lNLU31kL1M/iRxM0zJvNew==,"SELECT id, document_name, document_status, filed_create, document_link, document_bucket_link, document_confirmation_link, document_confirmation_bucket_link FROM courts_final.ny_docket_documents WHERE docket_id = '0CjUrLFZbrKik4ftELFYAQ==' ORDER BY id;"
case_43527,652783/2018,0CjUrLFZbrKik4ftELFYAQ==,https://iapps.courts.state.ny.us/nyscef/DocumentList?docketId=0CjUrLFZbrKik4ftELFYAQ==&display=all&courtType=New York County Supreme Court&resultsPageNum=3,81,81,75,1236860,AFFIRMATION/AFFIDAVIT OF SERVICE,Processed,07/02/2018,07/02/2018,https://iapps.courts.state.ny.us/nyscef/ViewDocument?docIndex=hD0HnGPczhaoL2Oi5lwB2g==,https://iapps.courts.state.ny.us/nyscef/ConfirmationNotice?docId=hD0HnGPczhaoL2Oi5lwB2g==,"SELECT id, document_name, document_status, filed_create, document_link, document_bucket_link, document_confirmation_link, document_confirmation_bucket_link FROM courts_final.ny_docket_documents WHERE docket_id = '0CjUrLFZbrKik4ftELFYAQ==' ORDER BY id;"
case_43527,652783/2018,0CjUrLFZbrKik4ftELFYAQ==,https://iapps.courts.state.ny.us/nyscef/DocumentList?docketId=0CjUrLFZbrKik4ftELFYAQ==&display=all&courtType=New York County Supreme Court&resultsPageNum=3,81,81,75,1236861,AFFIRMATION/AFFIDAVIT OF SERVICE,Processed,07/02/2018,07/02/2018,https://iapps.courts.state.ny.us/nyscef/ViewDocument?docIndex=ihBfyJzaFtUARtUVNHAuDA==,https://iapps.courts.state.ny.us/nyscef/ConfirmationNotice?docId=ihBfyJzaFtUARtUVNHAuDA==,"SELECT id, document_name, document_status, filed_create, document_link, document_bucket_link, document_confirmation_link, document_confirmation_bucket_link FROM courts_final.ny_docket_documents WHERE docket_id = '0CjUrLFZbrKik4ftELFYAQ==' ORDER BY id;"
case_43527,652783/2018,0CjUrLFZbrKik4ftELFYAQ==,https://iapps.courts.state.ny.us/nyscef/DocumentList?docketId=0CjUrLFZbrKik4ftELFYAQ==&display=all&courtType=New York County Supreme Court&resultsPageNum=3,81,81,75,1236863,EXHIBIT(S),Processed,07/03/2018,07/03/2018,https://iapps.courts.state.ny.us/nyscef/ViewDocument?docIndex=tUDilVRvF4daRtbzGrOvmg==,https://iapps.courts.state.ny.us/nyscef/ConfirmationNotice?docId=tUDilVRvF4daRtbzGrOvmg==,"SELECT id, document_name, document_status, filed_create, document_link, document_bucket_link, document_confirmation_link, document_confirmation_bucket_link FROM courts_final.ny_docket_documents WHERE docket_id = '0CjUrLFZbrKik4ftELFYAQ==' ORDER BY id;"
case_43527,652783/2018,0CjUrLFZbrKik4ftELFYAQ==,https://iapps.courts.state.ny.us/nyscef/DocumentList?docketId=0CjUrLFZbrKik4ftELFYAQ==&display=all&courtType=New York County Supreme Court&resultsPageNum=3,81,81,75,1236904,EXHIBIT(S),Processed,11/24/2020,11/24/2020,https://iapps.courts.state.ny.us/nyscef/ViewDocument?docIndex=axna5az0lOWUUAcgJXtAsQ==,https://iapps.courts.state.ny.us/nyscef/ConfirmationNotice?docId=axna5az0lOWUUAcgJXtAsQ==,"SELECT id, document_name, document_status, filed_create, document_link, document_bucket_link, document_confirmation_link, document_confirmation_bucket_link FROM courts_final.ny_docket_documents WHERE docket_id = '0CjUrLFZbrKik4ftELFYAQ==' ORDER BY id;"
case_43529,654057/2013,izbtIhTbXcGszKqdmWOXAA==,https://iapps.courts.state.ny.us/nyscef/DocumentList?docketId=izbtIhTbXcGszKqdmWOXAA==&display=all&courtType=New York County Supreme Court&resultsPageNum=3,282,282,281,1237017,AFFIDAVIT,Processed,08/25/2014,08/25/2014,https://iapps.courts.state.ny.us/nyscef/ViewDocument?docIndex=QUeXVLJU8tIyz02ujVJqjA==,https://iapps.courts.state.ny.us/nyscef/ConfirmationNotice?docId=QUeXVLJU8tIyz02ujVJqjA==,"SELECT id, document_name, document_status, filed_create, document_link, document_bucket_link, document_confirmation_link, document_confirmation_bucket_link FROM courts_final.ny_docket_documents WHERE docket_id = 'izbtIhTbXcGszKqdmWOXAA==' ORDER BY id;"
case_43539,657389/2019,aazvJ9xaKkW28kl4mnfpFQ==,https://iapps.courts.state.ny.us/nyscef/DocumentList?docketId=aazvJ9xaKkW28kl4mnfpFQ==&display=all&courtType=New York County Supreme Court&resultsPageNum=4,61,61,56,1237631,AFFIRMATION/AFFIDAVIT OF SERVICE,Processed,01/09/2020,01/09/2020,https://iapps.courts.state.ny.us/nyscef/ViewDocument?docIndex=4Uzt9lIZatGnF/QJEE2jhw==,https://iapps.courts.state.ny.us/nyscef/ConfirmationNotice?docId=4Uzt9lIZatGnF/QJEE2jhw==,"SELECT id, document_name, document_status, filed_create, document_link, document_bucket_link, document_confirmation_link, document_confirmation_bucket_link FROM courts_final.ny_docket_documents WHERE docket_id = 'aazvJ9xaKkW28kl4mnfpFQ==' ORDER BY id;"
case_43539,657389/2019,aazvJ9xaKkW28kl4mnfpFQ==,https://iapps.courts.state.ny.us/nyscef/DocumentList?docketId=aazvJ9xaKkW28kl4mnfpFQ==&display=all&courtType=New York County Supreme Court&resultsPageNum=4,61,61,56,1237634,AFFIRMATION/AFFIDAVIT OF SERVICE,Processed,01/09/2020,01/09/2020,https://iapps.courts.state.ny.us/nyscef/ViewDocument?docIndex=1hXDf9JiyFw0ZY2sIw8Wbw==,https://iapps.courts.state.ny.us/nyscef/ConfirmationNotice?docId=1hXDf9JiyFw0ZY2sIw8Wbw==,"SELECT id, document_name, document_status, filed_create, document_link, document_bucket_link, document_confirmation_link, document_confirmation_bucket_link FROM courts_final.ny_docket_documents WHERE docket_id = 'aazvJ9xaKkW28kl4mnfpFQ==' ORDER BY id;"
case_43539,657389/2019,aazvJ9xaKkW28kl4mnfpFQ==,https://iapps.courts.state.ny.us/nyscef/DocumentList?docketId=aazvJ9xaKkW28kl4mnfpFQ==&display=all&courtType=New York County Supreme Court&resultsPageNum=4,61,61,56,1237646,ANSWER,Processed,02/06/2020,02/06/2020,https://iapps.courts.state.ny.us/nyscef/ViewDocument?docIndex=1OqoqopNOGnaaCg_PLUS_XF7E3A==,https://iapps.courts.state.ny.us/nyscef/ConfirmationNotice?docId=1OqoqopNOGnaaCg_PLUS_XF7E3A==,"SELECT id, document_name, document_status, filed_create, document_link, document_bucket_link, document_confirmation_link, document_confirmation_bucket_link FROM courts_final.ny_docket_documents WHERE docket_id = 'aazvJ9xaKkW28kl4mnfpFQ==' ORDER BY id;"
case_43539,657389/2019,aazvJ9xaKkW28kl4mnfpFQ==,https://iapps.courts.state.ny.us/nyscef/DocumentList?docketId=aazvJ9xaKkW28kl4mnfpFQ==&display=all&courtType=New York County Supreme Court&resultsPageNum=4,61,61,56,1237651,EXHIBIT(S),Processed,03/17/2020,03/17/2020,https://iapps.courts.state.ny.us/nyscef/ViewDocument?docIndex=gRM0yA8vdnKzEXojGwsePQ==,https://iapps.courts.state.ny.us/nyscef/ConfirmationNotice?docId=gRM0yA8vdnKzEXojGwsePQ==,"SELECT id, document_name, document_status, filed_create, document_link, document_bucket_link, document_confirmation_link, document_confirmation_bucket_link FROM courts_final.ny_docket_documents WHERE docket_id = 'aazvJ9xaKkW28kl4mnfpFQ==' ORDER BY id;"
case_43539,657389/2019,aazvJ9xaKkW28kl4mnfpFQ==,https://iapps.courts.state.ny.us/nyscef/DocumentList?docketId=aazvJ9xaKkW28kl4mnfpFQ==&display=all&courtType=New York County Supreme Court&resultsPageNum=4,61,61,56,1237653,EXHIBIT(S),Processed,03/17/2020,03/17/2020,https://iapps.courts.state.ny.us/nyscef/ViewDocument?docIndex=LFj1oWYTm3gZA7JKTrUoAQ==,https://iapps.courts.state.ny.us/nyscef/ConfirmationNotice?docId=LFj1oWYTm3gZA7JKTrUoAQ==,"SELECT id, document_name, document_status, filed_create, document_link, document_bucket_link, document_confirmation_link, document_confirmation_bucket_link FROM courts_final.ny_docket_documents WHERE docket_id = 'aazvJ9xaKkW28kl4mnfpFQ==' ORDER BY id;"
case_43542,705527/2014,bL12gMgvjFdOQu5sPyWn1A==,https://iapps.courts.state.ny.us/nyscef/DocumentList?docketId=bL12gMgvjFdOQu5sPyWn1A==&display=all&courtType=Queens County Supreme Court&resultsPageNum=4,316,316,299,1237728,SUMMONS + COMPLAINT,Processed,08/07/2014,08/07/2014,https://iapps.courts.state.ny.us/nyscef/ViewDocument?docIndex=/0sB60beeo48u5I/AMhPbA==,https://iapps.courts.state.ny.us/nyscef/ConfirmationNotice?docId=/0sB60beeo48u5I/AMhPbA==,"SELECT id, document_name, document_status, filed_create, document_link, document_bucket_link, document_confirmation_link, document_confirmation_bucket_link FROM courts_final.ny_docket_documents WHERE docket_id = 'bL12gMgvjFdOQu5sPyWn1A==' ORDER BY id;"
case_43542,705527/2014,bL12gMgvjFdOQu5sPyWn1A==,https://iapps.courts.state.ny.us/nyscef/DocumentList?docketId=bL12gMgvjFdOQu5sPyWn1A==&display=all&courtType=Queens County Supreme Court&resultsPageNum=4,316,316,299,1237729,NOTICE OF PENDENCY,Processed,08/07/2014,08/07/2014,https://iapps.courts.state.ny.us/nyscef/ViewDocument?docIndex=2KO6e2D/m0frOXR3ne5akQ==,https://iapps.courts.state.ny.us/nyscef/ConfirmationNotice?docId=2KO6e2D/m0frOXR3ne5akQ==,"SELECT id, document_name, document_status, filed_create, document_link, document_bucket_link, document_confirmation_link, document_confirmation_bucket_link FROM courts_final.ny_docket_documents WHERE docket_id = 'bL12gMgvjFdOQu5sPyWn1A==' ORDER BY id;"
case_43542,705527/2014,bL12gMgvjFdOQu5sPyWn1A==,https://iapps.courts.state.ny.us/nyscef/DocumentList?docketId=bL12gMgvjFdOQu5sPyWn1A==&display=all&courtType=Queens County Supreme Court&resultsPageNum=4,316,316,299,1237730,AFFIRMATION/AFFIDAVIT OF SERVICE,Processed,08/29/2014,08/29/2014,https://iapps.courts.state.ny.us/nyscef/ViewDocument?docIndex=eOWU3xd3hkYvzZd4rBxr1A==,https://iapps.courts.state.ny.us/nyscef/ConfirmationNotice?docId=eOWU3xd3hkYvzZd4rBxr1A==,"SELECT id, document_name, document_status, filed_create, document_link, document_bucket_link, document_confirmation_link, document_confirmation_bucket_link FROM courts_final.ny_docket_documents WHERE docket_id = 'bL12gMgvjFdOQu5sPyWn1A==' ORDER BY id;"
case_43542,705527/2014,bL12gMgvjFdOQu5sPyWn1A==,https://iapps.courts.state.ny.us/nyscef/DocumentList?docketId=bL12gMgvjFdOQu5sPyWn1A==&display=all&courtType=Queens County Supreme Court&resultsPageNum=4,316,316,299,1237733,STATEMENT OF AUTHORIZATION FOR ELECTRONIC FILING,Processed,08/29/2014,08/29/2014,https://iapps.courts.state.ny.us/nyscef/ViewDocument?docIndex=CYSVqg6vy54rHrdzpVfhgA==,https://iapps.courts.state.ny.us/nyscef/ConfirmationNotice?docId=CYSVqg6vy54rHrdzpVfhgA==,"SELECT id, document_name, document_status, filed_create, document_link, document_bucket_link, document_confirmation_link, document_confirmation_bucket_link FROM courts_final.ny_docket_documents WHERE docket_id = 'bL12gMgvjFdOQu5sPyWn1A==' ORDER BY id;"
case_43542,705527/2014,bL12gMgvjFdOQu5sPyWn1A==,https://iapps.courts.state.ny.us/nyscef/DocumentList?docketId=bL12gMgvjFdOQu5sPyWn1A==&display=all&courtType=Queens County Supreme Court&resultsPageNum=4,316,316,299,1237734,AFFIRMATION/AFFIDAVIT OF SERVICE,Processed,08/29/2014,08/29/2014,https://iapps.courts.state.ny.us/nyscef/ViewDocument?docIndex=kLX_PLUS_Kwg2LwsiAP8zTXUaaQ==,https://iapps.courts.state.ny.us/nyscef/ConfirmationNotice?docId=kLX_PLUS_Kwg2LwsiAP8zTXUaaQ==,"SELECT id, document_name, document_status, filed_create, document_link, document_bucket_link, document_confirmation_link, document_confirmation_bucket_link FROM courts_final.ny_docket_documents WHERE docket_id = 'bL12gMgvjFdOQu5sPyWn1A==' ORDER BY id;"
case_43542,705527/2014,bL12gMgvjFdOQu5sPyWn1A==,https://iapps.courts.state.ny.us/nyscef/DocumentList?docketId=bL12gMgvjFdOQu5sPyWn1A==&display=all&courtType=Queens County Supreme Court&resultsPageNum=4,316,316,299,1237736,AFFIRMATION/AFFIDAVIT OF SERVICE,Processed,08/29/2014,08/29/2014,https://iapps.courts.state.ny.us/nyscef/ViewDocument?docIndex=MIoaUDPOp9ZcXp1Q9UVRdA==,https://iapps.courts.state.ny.us/nyscef/ConfirmationNotice?docId=MIoaUDPOp9ZcXp1Q9UVRdA==,"SELECT id, document_name, document_status, filed_create, document_link, document_bucket_link, document_confirmation_link, document_confirmation_bucket_link FROM courts_final.ny_docket_documents WHERE docket_id = 'bL12gMgvjFdOQu5sPyWn1A==' ORDER BY id;"
case_43542,705527/2014,bL12gMgvjFdOQu5sPyWn1A==,https://iapps.courts.state.ny.us/nyscef/DocumentList?docketId=bL12gMgvjFdOQu5sPyWn1A==&display=all&courtType=Queens County Supreme Court&resultsPageNum=4,316,316,299,1237737,AFFIRMATION/AFFIDAVIT OF SERVICE,Processed,08/29/2014,08/29/2014,https://iapps.courts.state.ny.us/nyscef/ViewDocument?docIndex=0PFLuLCM3_PLUS_GJ57sofbCXSg==,https://iapps.courts.state.ny.us/nyscef/ConfirmationNotice?docId=0PFLuLCM3_PLUS_GJ57sofbCXSg==,"SELECT id, document_name, document_status, filed_create, document_link, document_bucket_link, document_confirmation_link, document_confirmation_bucket_link FROM courts_final.ny_docket_documents WHERE docket_id = 'bL12gMgvjFdOQu5sPyWn1A==' ORDER BY id;"
case_43542,705527/2014,bL12gMgvjFdOQu5sPyWn1A==,https://iapps.courts.state.ny.us/nyscef/DocumentList?docketId=bL12gMgvjFdOQu5sPyWn1A==&display=all&courtType=Queens County Supreme Court&resultsPageNum=4,316,316,299,1237738,AFFIRMATION/AFFIDAVIT OF SERVICE,Processed,08/29/2014,08/29/2014,https://iapps.courts.state.ny.us/nyscef/ViewDocument?docIndex=d5gsn_PLUS_1n3mm3U7l8QQfStQ==,https://iapps.courts.state.ny.us/nyscef/ConfirmationNotice?docId=d5gsn_PLUS_1n3mm3U7l8QQfStQ==,"SELECT id, document_name, document_status, filed_create, document_link, document_bucket_link, document_confirmation_link, document_confirmation_bucket_link FROM courts_final.ny_docket_documents WHERE docket_id = 'bL12gMgvjFdOQu5sPyWn1A==' ORDER BY id;"
case_43542,705527/2014,bL12gMgvjFdOQu5sPyWn1A==,https://iapps.courts.state.ny.us/nyscef/DocumentList?docketId=bL12gMgvjFdOQu5sPyWn1A==&display=all&courtType=Queens County Supreme Court&resultsPageNum=4,316,316,299,1237740,AFFIRMATION/AFFIDAVIT OF SERVICE,Processed,09/05/2014,09/05/2014,https://iapps.courts.state.ny.us/nyscef/ViewDocument?docIndex=FciqeeBA/nIlo5DCrG3_PLUS_lg==,https://iapps.courts.state.ny.us/nyscef/ConfirmationNotice?docId=FciqeeBA/nIlo5DCrG3_PLUS_lg==,"SELECT id, document_name, document_status, filed_create, document_link, document_bucket_link, document_confirmation_link, document_confirmation_bucket_link FROM courts_final.ny_docket_documents WHERE docket_id = 'bL12gMgvjFdOQu5sPyWn1A==' ORDER BY id;"
case_43542,705527/2014,bL12gMgvjFdOQu5sPyWn1A==,https://iapps.courts.state.ny.us/nyscef/DocumentList?docketId=bL12gMgvjFdOQu5sPyWn1A==&display=all&courtType=Queens County Supreme Court&resultsPageNum=4,316,316,299,1237745,AFFIRMATION/AFFIDAVIT OF SERVICE,Processed,09/05/2014,09/05/2014,https://iapps.courts.state.ny.us/nyscef/ViewDocument?docIndex=sIGUQOWnyl0XBRMc/wf1Kw==,https://iapps.courts.state.ny.us/nyscef/ConfirmationNotice?docId=sIGUQOWnyl0XBRMc/wf1Kw==,"SELECT id, document_name, document_status, filed_create, document_link, document_bucket_link, document_confirmation_link, document_confirmation_bucket_link FROM courts_final.ny_docket_documents WHERE docket_id = 'bL12gMgvjFdOQu5sPyWn1A==' ORDER BY id;"
case_43542,705527/2014,bL12gMgvjFdOQu5sPyWn1A==,https://iapps.courts.state.ny.us/nyscef/DocumentList?docketId=bL12gMgvjFdOQu5sPyWn1A==&display=all&courtType=Queens County Supreme Court&resultsPageNum=4,316,316,299,1237747,STATEMENT OF AUTHORIZATION FOR ELECTRONIC FILING,Processed,09/08/2014,09/08/2014,https://iapps.courts.state.ny.us/nyscef/ViewDocument?docIndex=uCC1kZN_PLUS_wgOFrcAWZPAt/w==,https://iapps.courts.state.ny.us/nyscef/ConfirmationNotice?docId=uCC1kZN_PLUS_wgOFrcAWZPAt/w==,"SELECT id, document_name, document_status, filed_create, document_link, document_bucket_link, document_confirmation_link, document_confirmation_bucket_link FROM courts_final.ny_docket_documents WHERE docket_id = 'bL12gMgvjFdOQu5sPyWn1A==' ORDER BY id;"
case_43542,705527/2014,bL12gMgvjFdOQu5sPyWn1A==,https://iapps.courts.state.ny.us/nyscef/DocumentList?docketId=bL12gMgvjFdOQu5sPyWn1A==&display=all&courtType=Queens County Supreme Court&resultsPageNum=4,316,316,299,1237754,AFFIDAVIT OR AFFIRMATION IN SUPPORT OF PROPOSED OSC/EXPARTE APP,Processed,06/10/2015,06/10/2015,https://iapps.courts.state.ny.us/nyscef/ViewDocument?docIndex=f9W2CZMgwO1J0fmQyNtDzQ==,https://iapps.courts.state.ny.us/nyscef/ConfirmationNotice?docId=f9W2CZMgwO1J0fmQyNtDzQ==,"SELECT id, document_name, document_status, filed_create, document_link, document_bucket_link, document_confirmation_link, document_confirmation_bucket_link FROM courts_final.ny_docket_documents WHERE docket_id = 'bL12gMgvjFdOQu5sPyWn1A==' ORDER BY id;"
case_43542,705527/2014,bL12gMgvjFdOQu5sPyWn1A==,https://iapps.courts.state.ny.us/nyscef/DocumentList?docketId=bL12gMgvjFdOQu5sPyWn1A==&display=all&courtType=Queens County Supreme Court&resultsPageNum=4,316,316,299,1237869,AFFIRMATION,Processed,01/17/2018,01/18/2018,https://iapps.courts.state.ny.us/nyscef/ViewDocument?docIndex=3TkPBqW_PLUS_V2H5XPW1Lw0oBw==,https://iapps.courts.state.ny.us/nyscef/ConfirmationNotice?docId=3TkPBqW_PLUS_V2H5XPW1Lw0oBw==&Corrected=Y,"SELECT id, document_name, document_status, filed_create, document_link, document_bucket_link, document_confirmation_link, document_confirmation_bucket_link FROM courts_final.ny_docket_documents WHERE docket_id = 'bL12gMgvjFdOQu5sPyWn1A==' ORDER BY id;"
case_43542,705527/2014,bL12gMgvjFdOQu5sPyWn1A==,https://iapps.courts.state.ny.us/nyscef/DocumentList?docketId=bL12gMgvjFdOQu5sPyWn1A==&display=all&courtType=Queens County Supreme Court&resultsPageNum=4,316,316,299,1237870,EXHIBIT(S),Processed,01/17/2018,01/18/2018,https://iapps.courts.state.ny.us/nyscef/ViewDocument?docIndex=1BRANN5KcgmKDagUIuEHYg==,https://iapps.courts.state.ny.us/nyscef/ConfirmationNotice?docId=1BRANN5KcgmKDagUIuEHYg==&Corrected=Y,"SELECT id, document_name, document_status, filed_create, document_link, document_bucket_link, document_confirmation_link, document_confirmation_bucket_link FROM courts_final.ny_docket_documents WHERE docket_id = 'bL12gMgvjFdOQu5sPyWn1A==' ORDER BY id;"
case_43542,705527/2014,bL12gMgvjFdOQu5sPyWn1A==,https://iapps.courts.state.ny.us/nyscef/DocumentList?docketId=bL12gMgvjFdOQu5sPyWn1A==&display=all&courtType=Queens County Supreme Court&resultsPageNum=4,316,316,299,1237875,EXHIBIT(S),Processed,02/06/2018,02/06/2018,https://iapps.courts.state.ny.us/nyscef/ViewDocument?docIndex=DNPDTi0e/3vL22g7X1CSUQ==,https://iapps.courts.state.ny.us/nyscef/ConfirmationNotice?docId=DNPDTi0e/3vL22g7X1CSUQ==,"SELECT id, document_name, document_status, filed_create, document_link, document_bucket_link, document_confirmation_link, document_confirmation_bucket_link FROM courts_final.ny_docket_documents WHERE docket_id = 'bL12gMgvjFdOQu5sPyWn1A==' ORDER BY id;"
case_43542,705527/2014,bL12gMgvjFdOQu5sPyWn1A==,https://iapps.courts.state.ny.us/nyscef/DocumentList?docketId=bL12gMgvjFdOQu5sPyWn1A==&display=all&courtType=Queens County Supreme Court&resultsPageNum=4,316,316,299,1237877,EXHIBIT(S),Processed,02/06/2018,02/06/2018,https://iapps.courts.state.ny.us/nyscef/ViewDocument?docIndex=YA2Cqdu14Sh8ZDgl8ImBsw==,https://iapps.courts.state.ny.us/nyscef/ConfirmationNotice?docId=YA2Cqdu14Sh8ZDgl8ImBsw==,"SELECT id, document_name, document_status, filed_create, document_link, document_bucket_link, document_confirmation_link, document_confirmation_bucket_link FROM courts_final.ny_docket_documents WHERE docket_id = 'bL12gMgvjFdOQu5sPyWn1A==' ORDER BY id;"
case_43542,705527/2014,bL12gMgvjFdOQu5sPyWn1A==,https://iapps.courts.state.ny.us/nyscef/DocumentList?docketId=bL12gMgvjFdOQu5sPyWn1A==&display=all&courtType=Queens County Supreme Court&resultsPageNum=4,316,316,299,1238019,EXHIBIT(S),Processed,05/08/2026,05/08/2026,https://iapps.courts.state.ny.us/nyscef/ViewDocument?docIndex=KnGnV/v7Qp8ZEVzw9KWx0A==,https://iapps.courts.state.ny.us/nyscef/ConfirmationNotice?docId=KnGnV/v7Qp8ZEVzw9KWx0A==,"SELECT id, document_name, document_status, filed_create, document_link, document_bucket_link, document_confirmation_link, document_confirmation_bucket_link FROM courts_final.ny_docket_documents WHERE docket_id = 'bL12gMgvjFdOQu5sPyWn1A==' ORDER BY id;"
case_43544,712803/2019,_PLUS_6yTbmIwL69nEhoqi/rxPA==,https://iapps.courts.state.ny.us/nyscef/DocumentList?docketId=_PLUS_6yTbmIwL69nEhoqi/rxPA==&display=all&courtType=Queens County Supreme Court&resultsPageNum=4,205,205,194,1238114,AFFIRMATION/AFFIDAVIT OF SERVICE,Processed,10/07/2019,10/07/2019,https://iapps.courts.state.ny.us/nyscef/ViewDocument?docIndex=Vnhtjvk6eS4o3OLM9GlTbg==,https://iapps.courts.state.ny.us/nyscef/ConfirmationNotice?docId=Vnhtjvk6eS4o3OLM9GlTbg==,"SELECT id, document_name, document_status, filed_create, document_link, document_bucket_link, document_confirmation_link, document_confirmation_bucket_link FROM courts_final.ny_docket_documents WHERE docket_id = '_PLUS_6yTbmIwL69nEhoqi/rxPA==' ORDER BY id;"
case_43544,712803/2019,_PLUS_6yTbmIwL69nEhoqi/rxPA==,https://iapps.courts.state.ny.us/nyscef/DocumentList?docketId=_PLUS_6yTbmIwL69nEhoqi/rxPA==&display=all&courtType=Queens County Supreme Court&resultsPageNum=4,205,205,194,1238116,AFFIRMATION/AFFIDAVIT OF SERVICE,Processed,10/07/2019,10/07/2019,https://iapps.courts.state.ny.us/nyscef/ViewDocument?docIndex=LBl9QRE31yn51wMXX_PLUS_0ZEQ==,https://iapps.courts.state.ny.us/nyscef/ConfirmationNotice?docId=LBl9QRE31yn51wMXX_PLUS_0ZEQ==,"SELECT id, document_name, document_status, filed_create, document_link, document_bucket_link, document_confirmation_link, document_confirmation_bucket_link FROM courts_final.ny_docket_documents WHERE docket_id = '_PLUS_6yTbmIwL69nEhoqi/rxPA==' ORDER BY id;"
case_43544,712803/2019,_PLUS_6yTbmIwL69nEhoqi/rxPA==,https://iapps.courts.state.ny.us/nyscef/DocumentList?docketId=_PLUS_6yTbmIwL69nEhoqi/rxPA==&display=all&courtType=Queens County Supreme Court&resultsPageNum=4,205,205,194,1238118,AFFIRMATION/AFFIDAVIT OF SERVICE,Processed,10/15/2019,10/15/2019,https://iapps.courts.state.ny.us/nyscef/ViewDocument?docIndex=QRUQTx8tK0i4jYkfFb_PLUS_mlA==,https://iapps.courts.state.ny.us/nyscef/ConfirmationNotice?docId=QRUQTx8tK0i4jYkfFb_PLUS_mlA==,"SELECT id, document_name, document_status, filed_create, document_link, document_bucket_link, document_confirmation_link, document_confirmation_bucket_link FROM courts_final.ny_docket_documents WHERE docket_id = '_PLUS_6yTbmIwL69nEhoqi/rxPA==' ORDER BY id;"
case_43544,712803/2019,_PLUS_6yTbmIwL69nEhoqi/rxPA==,https://iapps.courts.state.ny.us/nyscef/DocumentList?docketId=_PLUS_6yTbmIwL69nEhoqi/rxPA==&display=all&courtType=Queens County Supreme Court&resultsPageNum=4,205,205,194,1238129,AFFIRMATION/AFFIDAVIT OF SERVICE,Processed,10/15/2019,10/15/2019,https://iapps.courts.state.ny.us/nyscef/ViewDocument?docIndex=q9XDA_PLUS_Ldb4uORphal6URKA==,https://iapps.courts.state.ny.us/nyscef/ConfirmationNotice?docId=q9XDA_PLUS_Ldb4uORphal6URKA==,"SELECT id, document_name, document_status, filed_create, document_link, document_bucket_link, document_confirmation_link, document_confirmation_bucket_link FROM courts_final.ny_docket_documents WHERE docket_id = '_PLUS_6yTbmIwL69nEhoqi/rxPA==' ORDER BY id;"
case_43544,712803/2019,_PLUS_6yTbmIwL69nEhoqi/rxPA==,https://iapps.courts.state.ny.us/nyscef/DocumentList?docketId=_PLUS_6yTbmIwL69nEhoqi/rxPA==&display=all&courtType=Queens County Supreme Court&resultsPageNum=4,205,205,194,1238135,AFFIRMATION/AFFIDAVIT OF SERVICE,Processed,10/15/2019,10/15/2019,https://iapps.courts.state.ny.us/nyscef/ViewDocument?docIndex=hMWWai85L11y5Lt20wV4hg==,https://iapps.courts.state.ny.us/nyscef/ConfirmationNotice?docId=hMWWai85L11y5Lt20wV4hg==,"SELECT id, document_name, document_status, filed_create, document_link, document_bucket_link, document_confirmation_link, document_confirmation_bucket_link FROM courts_final.ny_docket_documents WHERE docket_id = '_PLUS_6yTbmIwL69nEhoqi/rxPA==' ORDER BY id;"
case_43544,712803/2019,_PLUS_6yTbmIwL69nEhoqi/rxPA==,https://iapps.courts.state.ny.us/nyscef/DocumentList?docketId=_PLUS_6yTbmIwL69nEhoqi/rxPA==&display=all&courtType=Queens County Supreme Court&resultsPageNum=4,205,205,194,1238168,EXHIBIT(S),Processed,09/22/2020,09/22/2020,https://iapps.courts.state.ny.us/nyscef/ViewDocument?docIndex=oza1pMwg1lKYLdrgdL5Q0g==,https://iapps.courts.state.ny.us/nyscef/ConfirmationNotice?docId=oza1pMwg1lKYLdrgdL5Q0g==,"SELECT id, document_name, document_status, filed_create, document_link, document_bucket_link, document_confirmation_link, document_confirmation_bucket_link FROM courts_final.ny_docket_documents WHERE docket_id = '_PLUS_6yTbmIwL69nEhoqi/rxPA==' ORDER BY id;"
case_43544,712803/2019,_PLUS_6yTbmIwL69nEhoqi/rxPA==,https://iapps.courts.state.ny.us/nyscef/DocumentList?docketId=_PLUS_6yTbmIwL69nEhoqi/rxPA==&display=all&courtType=Queens County Supreme Court&resultsPageNum=4,205,205,194,1238171,EXHIBIT(S),Processed,09/22/2020,09/22/2020,https://iapps.courts.state.ny.us/nyscef/ViewDocument?docIndex=NW0BQQqZQ2PE7JONX_PLUS_/Tmg==,https://iapps.courts.state.ny.us/nyscef/ConfirmationNotice?docId=NW0BQQqZQ2PE7JONX_PLUS_/Tmg==,"SELECT id, document_name, document_status, filed_create, document_link, document_bucket_link, document_confirmation_link, document_confirmation_bucket_link FROM courts_final.ny_docket_documents WHERE docket_id = '_PLUS_6yTbmIwL69nEhoqi/rxPA==' ORDER BY id;"
case_43544,712803/2019,_PLUS_6yTbmIwL69nEhoqi/rxPA==,https://iapps.courts.state.ny.us/nyscef/DocumentList?docketId=_PLUS_6yTbmIwL69nEhoqi/rxPA==&display=all&courtType=Queens County Supreme Court&resultsPageNum=4,205,205,194,1238175,EXHIBIT(S),Processed,09/22/2020,09/22/2020,https://iapps.courts.state.ny.us/nyscef/ViewDocument?docIndex=VqmuICDDheg7_PLUS_QrQVCgizQ==,https://iapps.courts.state.ny.us/nyscef/ConfirmationNotice?docId=VqmuICDDheg7_PLUS_QrQVCgizQ==,"SELECT id, document_name, document_status, filed_create, document_link, document_bucket_link, document_confirmation_link, document_confirmation_bucket_link FROM courts_final.ny_docket_documents WHERE docket_id = '_PLUS_6yTbmIwL69nEhoqi/rxPA==' ORDER BY id;"
case_43544,712803/2019,_PLUS_6yTbmIwL69nEhoqi/rxPA==,https://iapps.courts.state.ny.us/nyscef/DocumentList?docketId=_PLUS_6yTbmIwL69nEhoqi/rxPA==&display=all&courtType=Queens County Supreme Court&resultsPageNum=4,205,205,194,1238228,AFFIDAVIT OR AFFIRMATION IN SUPPORT,Processed,08/04/2021,08/04/2021,https://iapps.courts.state.ny.us/nyscef/ViewDocument?docIndex=krQ_PLUS_44xOv/bI8kxgVYW9Fg==,https://iapps.courts.state.ny.us/nyscef/ConfirmationNotice?docId=krQ_PLUS_44xOv/bI8kxgVYW9Fg==,"SELECT id, document_name, document_status, filed_create, document_link, document_bucket_link, document_confirmation_link, document_confirmation_bucket_link FROM courts_final.ny_docket_documents WHERE docket_id = '_PLUS_6yTbmIwL69nEhoqi/rxPA==' ORDER BY id;"
case_43544,712803/2019,_PLUS_6yTbmIwL69nEhoqi/rxPA==,https://iapps.courts.state.ny.us/nyscef/DocumentList?docketId=_PLUS_6yTbmIwL69nEhoqi/rxPA==&display=all&courtType=Queens County Supreme Court&resultsPageNum=4,205,205,194,1238239,EXHIBIT(S),Processed,08/04/2021,08/04/2021,https://iapps.courts.state.ny.us/nyscef/ViewDocument?docIndex=73XoyaLgcd3CTLyV5iWY2g==,https://iapps.courts.state.ny.us/nyscef/ConfirmationNotice?docId=73XoyaLgcd3CTLyV5iWY2g==,"SELECT id, document_name, document_status, filed_create, document_link, document_bucket_link, document_confirmation_link, document_confirmation_bucket_link FROM courts_final.ny_docket_documents WHERE docket_id = '_PLUS_6yTbmIwL69nEhoqi/rxPA==' ORDER BY id;"
case_43544,712803/2019,_PLUS_6yTbmIwL69nEhoqi/rxPA==,https://iapps.courts.state.ny.us/nyscef/DocumentList?docketId=_PLUS_6yTbmIwL69nEhoqi/rxPA==&display=all&courtType=Queens County Supreme Court&resultsPageNum=4,205,205,194,1238242,EXHIBIT(S),Processed,08/04/2021,08/04/2021,https://iapps.courts.state.ny.us/nyscef/ViewDocument?docIndex=dY_PLUS_K9v521PIOhOtFPreokA==,https://iapps.courts.state.ny.us/nyscef/ConfirmationNotice?docId=dY_PLUS_K9v521PIOhOtFPreokA==,"SELECT id, document_name, document_status, filed_create, document_link, document_bucket_link, document_confirmation_link, document_confirmation_bucket_link FROM courts_final.ny_docket_documents WHERE docket_id = '_PLUS_6yTbmIwL69nEhoqi/rxPA==' ORDER BY id;"
case_43545,716464/2020,kgtVF3gf9oX4VfjeMfzOIA==,https://iapps.courts.state.ny.us/nyscef/DocumentList?docketId=kgtVF3gf9oX4VfjeMfzOIA==&display=all&courtType=Queens County Supreme Court&resultsPageNum=4,8,8,6,1238268,EXHIBIT(S),Processed,09/22/2020,09/22/2020,https://iapps.courts.state.ny.us/nyscef/ViewDocument?docIndex=HfUkRcK4uuEwvyVPrgmNCA==,https://iapps.courts.state.ny.us/nyscef/ConfirmationNotice?docId=HfUkRcK4uuEwvyVPrgmNCA==,"SELECT id, document_name, document_status, filed_create, document_link, document_bucket_link, document_confirmation_link, document_confirmation_bucket_link FROM courts_final.ny_docket_documents WHERE docket_id = 'kgtVF3gf9oX4VfjeMfzOIA==' ORDER BY id;"
case_43545,716464/2020,kgtVF3gf9oX4VfjeMfzOIA==,https://iapps.courts.state.ny.us/nyscef/DocumentList?docketId=kgtVF3gf9oX4VfjeMfzOIA==&display=all&courtType=Queens County Supreme Court&resultsPageNum=4,8,8,6,1238270,ANSWER,Processed,10/20/2020,10/20/2020,https://iapps.courts.state.ny.us/nyscef/ViewDocument?docIndex=gbubfbPVe21VFZHaDSqd3g==,https://iapps.courts.state.ny.us/nyscef/ConfirmationNotice?docId=gbubfbPVe21VFZHaDSqd3g==,"SELECT id, document_name, document_status, filed_create, document_link, document_bucket_link, document_confirmation_link, document_confirmation_bucket_link FROM courts_final.ny_docket_documents WHERE docket_id = 'kgtVF3gf9oX4VfjeMfzOIA==' ORDER BY id;"
case_43546,717077/2020,Dx5ahbIP9aqKvSmWN0RxDw==,https://iapps.courts.state.ny.us/nyscef/DocumentList?docketId=Dx5ahbIP9aqKvSmWN0RxDw==&display=all&courtType=Queens County Supreme Court&resultsPageNum=4,259,259,258,1238375,AFFIRMATION,Processed,10/27/2022,10/27/2022,https://iapps.courts.state.ny.us/nyscef/ViewDocument?docIndex=lhEtmu/ReViCNi3B4MeUPQ==,https://iapps.courts.state.ny.us/nyscef/ConfirmationNotice?docId=lhEtmu/ReViCNi3B4MeUPQ==,"SELECT id, document_name, document_status, filed_create, document_link, document_bucket_link, document_confirmation_link, document_confirmation_bucket_link FROM courts_final.ny_docket_documents WHERE docket_id = 'Dx5ahbIP9aqKvSmWN0RxDw==' ORDER BY id;"
case_43686,CV-710095-23/RI,fone2dJFPg7_PLUS_HktXmByMVg==,https://iapps.courts.state.ny.us/nyscef/DocumentList?docketId=fone2dJFPg7_PLUS_HktXmByMVg==&display=all&courtType=Richmond County Civil Court - Civil Division&resultsPageNum=10,5,5,4,1239280,STATEMENT OF AUTHORIZATION FOR ELECTRONIC FILING,Processed,04/26/2023,04/26/2023,https://iapps.courts.state.ny.us/nyscef/ViewDocument?docIndex=om2hDfdzuQXp_PLUS_77rpAeTTg==,https://iapps.courts.state.ny.us/nyscef/ConfirmationNotice?docId=om2hDfdzuQXp_PLUS_77rpAeTTg==,"SELECT id, document_name, document_status, filed_create, document_link, document_bucket_link, document_confirmation_link, document_confirmation_bucket_link FROM courts_final.ny_docket_documents WHERE docket_id = 'fone2dJFPg7_PLUS_HktXmByMVg==' ORDER BY id;"
case_43688,CV-710097-23/RI,NhEpXTewSZrWx1VHTHzsrA==,https://iapps.courts.state.ny.us/nyscef/DocumentList?docketId=NhEpXTewSZrWx1VHTHzsrA==&display=all&courtType=Richmond County Civil Court - Civil Division&resultsPageNum=10,3,3,2,1239286,ANSWER,Processed,04/26/2023,04/26/2023,https://iapps.courts.state.ny.us/nyscef/ViewDocument?docIndex=14/fsUg2JmIWBAorpKxhrw==,https://iapps.courts.state.ny.us/nyscef/ConfirmationNotice?docId=14/fsUg2JmIWBAorpKxhrw==,"SELECT id, document_name, document_status, filed_create, document_link, document_bucket_link, document_confirmation_link, document_confirmation_bucket_link FROM courts_final.ny_docket_documents WHERE docket_id = 'NhEpXTewSZrWx1VHTHzsrA==' ORDER BY id;"
case_43689,CV-710098-23/RI,Rp1pT/VoQPacR1APoVBNvg==,https://iapps.courts.state.ny.us/nyscef/DocumentList?docketId=Rp1pT/VoQPacR1APoVBNvg==&display=all&courtType=Richmond County Civil Court - Civil Division&resultsPageNum=10,3,3,2,1239288,SUMMONS + COMPLAINT,Processed,03/21/2023,03/21/2023,https://iapps.courts.state.ny.us/nyscef/ViewDocument?docIndex=/UWQbW6ayH_PLUS_eITqkqItFQA==,https://iapps.courts.state.ny.us/nyscef/ConfirmationNotice?docId=/UWQbW6ayH_PLUS_eITqkqItFQA==,"SELECT id, document_name, document_status, filed_create, document_link, document_bucket_link, document_confirmation_link, document_confirmation_bucket_link FROM courts_final.ny_docket_documents WHERE docket_id = 'Rp1pT/VoQPacR1APoVBNvg==' ORDER BY id;"
case_43690,CV-710099-23/RI,pEKL9P8DUdC0GkS_PLUS_guwX5g==,https://iapps.courts.state.ny.us/nyscef/DocumentList?docketId=pEKL9P8DUdC0GkS_PLUS_guwX5g==&display=all&courtType=Richmond County Civil Court - Civil Division&resultsPageNum=10,2,2,1,1239292,STIPULATION OF SETTLEMENT,Processed,05/23/2023,05/23/2023,https://iapps.courts.state.ny.us/nyscef/ViewDocument?docIndex=SY6qM2hg8H98GEXsNSZq8Q==,https://iapps.courts.state.ny.us/nyscef/ConfirmationNotice?docId=SY6qM2hg8H98GEXsNSZq8Q==,"SELECT id, document_name, document_status, filed_create, document_link, document_bucket_link, document_confirmation_link, document_confirmation_bucket_link FROM courts_final.ny_docket_documents WHERE docket_id = 'pEKL9P8DUdC0GkS_PLUS_guwX5g==' ORDER BY id;"
case_43691,CV-710100-23/RI,XiXfHD919l_PLUS_6jzXYzckKKQ==,https://iapps.courts.state.ny.us/nyscef/DocumentList?docketId=XiXfHD919l_PLUS_6jzXYzckKKQ==&display=all&courtType=Richmond County Civil Court - Civil Division&resultsPageNum=10,5,5,4,1239293,SUMMONS + COMPLAINT,Processed,03/21/2023,03/21/2023,https://iapps.courts.state.ny.us/nyscef/ViewDocument?docIndex=qBow_PLUS_4yDSeW_PLUS_gYRTvYfqJg==,https://iapps.courts.state.ny.us/nyscef/ConfirmationNotice?docId=qBow_PLUS_4yDSeW_PLUS_gYRTvYfqJg==,"SELECT id, document_name, document_status, filed_create, document_link, document_bucket_link, document_confirmation_link, document_confirmation_bucket_link FROM courts_final.ny_docket_documents WHERE docket_id = 'XiXfHD919l_PLUS_6jzXYzckKKQ==' ORDER BY id;"
case_43850,000025/2024,4JBu9oIEhfDMJ5ca3l7ceg==,https://iapps.courts.state.ny.us/nyscef/DocumentList?docketId=4JBu9oIEhfDMJ5ca3l7ceg==&display=all&courtType=Erie County Supreme Court&resultsPageNum=1,516,516,508,1240056,EXHIBIT(S),Processed,03/28/2025,03/28/2025,https://iapps.courts.state.ny.us/nyscef/ViewDocument?docIndex=Df5eyqxRX54ysF7cQHGY_PLUS_Q==,https://iapps.courts.state.ny.us/nyscef/ConfirmationNotice?docId=Df5eyqxRX54ysF7cQHGY_PLUS_Q==,"SELECT id, document_name, document_status, filed_create, document_link, document_bucket_link, document_confirmation_link, document_confirmation_bucket_link FROM courts_final.ny_docket_documents WHERE docket_id = '4JBu9oIEhfDMJ5ca3l7ceg==' ORDER BY id;"
case_43850,000025/2024,4JBu9oIEhfDMJ5ca3l7ceg==,https://iapps.courts.state.ny.us/nyscef/DocumentList?docketId=4JBu9oIEhfDMJ5ca3l7ceg==&display=all&courtType=Erie County Supreme Court&resultsPageNum=1,516,516,508,1240059,AFFIRMATION/AFFIDAVIT OF SERVICE,Processed,03/28/2025,03/28/2025,https://iapps.courts.state.ny.us/nyscef/ViewDocument?docIndex=nE0cWNINIBiHF_PLUS_bYlYVmbQ==,https://iapps.courts.state.ny.us/nyscef/ConfirmationNotice?docId=nE0cWNINIBiHF_PLUS_bYlYVmbQ==,"SELECT id, document_name, document_status, filed_create, document_link, document_bucket_link, document_confirmation_link, document_confirmation_bucket_link FROM courts_final.ny_docket_documents WHERE docket_id = '4JBu9oIEhfDMJ5ca3l7ceg==' ORDER BY id;"
case_43850,000025/2024,4JBu9oIEhfDMJ5ca3l7ceg==,https://iapps.courts.state.ny.us/nyscef/DocumentList?docketId=4JBu9oIEhfDMJ5ca3l7ceg==&display=all&courtType=Erie County Supreme Court&resultsPageNum=1,516,516,508,1240071,AFFIDAVIT OR AFFIRMATION IN SUPPORT,Processed,03/28/2025,03/28/2025,https://iapps.courts.state.ny.us/nyscef/ViewDocument?docIndex=UGa9W4QKAfI7McZcp1jo7A==,https://iapps.courts.state.ny.us/nyscef/ConfirmationNotice?docId=UGa9W4QKAfI7McZcp1jo7A==,"SELECT id, document_name, document_status, filed_create, document_link, document_bucket_link, document_confirmation_link, document_confirmation_bucket_link FROM courts_final.ny_docket_documents WHERE docket_id = '4JBu9oIEhfDMJ5ca3l7ceg==' ORDER BY id;"
case_43850,000025/2024,4JBu9oIEhfDMJ5ca3l7ceg==,https://iapps.courts.state.ny.us/nyscef/DocumentList?docketId=4JBu9oIEhfDMJ5ca3l7ceg==&display=all&courtType=Erie County Supreme Court&resultsPageNum=1,516,516,508,1240072,EXHIBIT(S),Processed,03/28/2025,03/28/2025,https://iapps.courts.state.ny.us/nyscef/ViewDocument?docIndex=vRjhFvZJwajzdkUXxejWhQ==,https://iapps.courts.state.ny.us/nyscef/ConfirmationNotice?docId=vRjhFvZJwajzdkUXxejWhQ==,"SELECT id, document_name, document_status, filed_create, document_link, document_bucket_link, document_confirmation_link, document_confirmation_bucket_link FROM courts_final.ny_docket_documents WHERE docket_id = '4JBu9oIEhfDMJ5ca3l7ceg==' ORDER BY id;"
case_43850,000025/2024,4JBu9oIEhfDMJ5ca3l7ceg==,https://iapps.courts.state.ny.us/nyscef/DocumentList?docketId=4JBu9oIEhfDMJ5ca3l7ceg==&display=all&courtType=Erie County Supreme Court&resultsPageNum=1,516,516,508,1240077,PROOF OF SERVICE,Processed,03/28/2025,03/28/2025,https://iapps.courts.state.ny.us/nyscef/ViewDocument?docIndex=qFGF3RffEsCMa1tokax3NA==,https://iapps.courts.state.ny.us/nyscef/ConfirmationNotice?docId=qFGF3RffEsCMa1tokax3NA==,"SELECT id, document_name, document_status, filed_create, document_link, document_bucket_link, document_confirmation_link, document_confirmation_bucket_link FROM courts_final.ny_docket_documents WHERE docket_id = '4JBu9oIEhfDMJ5ca3l7ceg==' ORDER BY id;"
case_43850,000025/2024,4JBu9oIEhfDMJ5ca3l7ceg==,https://iapps.courts.state.ny.us/nyscef/DocumentList?docketId=4JBu9oIEhfDMJ5ca3l7ceg==&display=all&courtType=Erie County Supreme Court&resultsPageNum=1,516,516,508,1240078,NOTICE OF MOTION,Processed,03/28/2025,03/28/2025,https://iapps.courts.state.ny.us/nyscef/ViewDocument?docIndex=BTBP6e7RA1z_PLUS_u2K9x7aO5w==,https://iapps.courts.state.ny.us/nyscef/ConfirmationNotice?docId=BTBP6e7RA1z_PLUS_u2K9x7aO5w==,"SELECT id, document_name, document_status, filed_create, document_link, document_bucket_link, document_confirmation_link, document_confirmation_bucket_link FROM courts_final.ny_docket_documents WHERE docket_id = '4JBu9oIEhfDMJ5ca3l7ceg==' ORDER BY id;"
case_43850,000025/2024,4JBu9oIEhfDMJ5ca3l7ceg==,https://iapps.courts.state.ny.us/nyscef/DocumentList?docketId=4JBu9oIEhfDMJ5ca3l7ceg==&display=all&courtType=Erie County Supreme Court&resultsPageNum=1,516,516,508,1240128,EXHIBIT(S),Processed,03/28/2025,03/28/2025,https://iapps.courts.state.ny.us/nyscef/ViewDocument?docIndex=dvJFZ6H0UzhNQbbGxRC89Q==,https://iapps.courts.state.ny.us/nyscef/ConfirmationNotice?docId=dvJFZ6H0UzhNQbbGxRC89Q==,"SELECT id, document_name, document_status, filed_create, document_link, document_bucket_link, document_confirmation_link, document_confirmation_bucket_link FROM courts_final.ny_docket_documents WHERE docket_id = '4JBu9oIEhfDMJ5ca3l7ceg==' ORDER BY id;"
case_43850,000025/2024,4JBu9oIEhfDMJ5ca3l7ceg==,https://iapps.courts.state.ny.us/nyscef/DocumentList?docketId=4JBu9oIEhfDMJ5ca3l7ceg==&display=all&courtType=Erie County Supreme Court&resultsPageNum=1,516,516,508,1240131,EXHIBIT(S),Processed,03/28/2025,03/28/2025,https://iapps.courts.state.ny.us/nyscef/ViewDocument?docIndex=mzDmj6BDs3eQCloEt3lveQ==,https://iapps.courts.state.ny.us/nyscef/ConfirmationNotice?docId=mzDmj6BDs3eQCloEt3lveQ==,"SELECT id, document_name, document_status, filed_create, document_link, document_bucket_link, document_confirmation_link, document_confirmation_bucket_link FROM courts_final.ny_docket_documents WHERE docket_id = '4JBu9oIEhfDMJ5ca3l7ceg==' ORDER BY id;"
case_43851,002047/2020,69a1OGI6dHPvnklS/A1kCA==,https://iapps.courts.state.ny.us/nyscef/DocumentList?docketId=69a1OGI6dHPvnklS/A1kCA==&display=all&courtType=Onondaga County Supreme Court&resultsPageNum=1,905,905,896,1240479,DEMAND FOR:,Processed,07/21/2020,07/21/2020,https://iapps.courts.state.ny.us/nyscef/ViewDocument?docIndex=mCkDRhy_PLUS_ANCkG5AG/NDr4Q==,https://iapps.courts.state.ny.us/nyscef/ConfirmationNotice?docId=mCkDRhy_PLUS_ANCkG5AG/NDr4Q==,"SELECT id, document_name, document_status, filed_create, document_link, document_bucket_link, document_confirmation_link, document_confirmation_bucket_link FROM courts_final.ny_docket_documents WHERE docket_id = '69a1OGI6dHPvnklS/A1kCA==' ORDER BY id;"
case_43851,002047/2020,69a1OGI6dHPvnklS/A1kCA==,https://iapps.courts.state.ny.us/nyscef/DocumentList?docketId=69a1OGI6dHPvnklS/A1kCA==&display=all&courtType=Onondaga County Supreme Court&resultsPageNum=1,905,905,896,1240481,ANSWER,Processed,07/23/2020,07/23/2020,https://iapps.courts.state.ny.us/nyscef/ViewDocument?docIndex=41rjGy/fKXhWZYqcNbjrWQ==,https://iapps.courts.state.ny.us/nyscef/ConfirmationNotice?docId=41rjGy/fKXhWZYqcNbjrWQ==,"SELECT id, document_name, document_status, filed_create, document_link, document_bucket_link, document_confirmation_link, document_confirmation_bucket_link FROM courts_final.ny_docket_documents WHERE docket_id = '69a1OGI6dHPvnklS/A1kCA==' ORDER BY id;"
case_43851,002047/2020,69a1OGI6dHPvnklS/A1kCA==,https://iapps.courts.state.ny.us/nyscef/DocumentList?docketId=69a1OGI6dHPvnklS/A1kCA==&display=all&courtType=Onondaga County Supreme Court&resultsPageNum=1,905,905,896,1240483,ANSWER,Processed,07/28/2020,07/28/2020,https://iapps.courts.state.ny.us/nyscef/ViewDocument?docIndex=38TWzbg4D7_PLUS_hb1_PLUS_fUMOJzw==,https://iapps.courts.state.ny.us/nyscef/ConfirmationNotice?docId=38TWzbg4D7_PLUS_hb1_PLUS_fUMOJzw==,"SELECT id, document_name, document_status, filed_create, document_link, document_bucket_link, document_confirmation_link, document_confirmation_bucket_link FROM courts_final.ny_docket_documents WHERE docket_id = '69a1OGI6dHPvnklS/A1kCA==' ORDER BY id;"
case_43851,002047/2020,69a1OGI6dHPvnklS/A1kCA==,https://iapps.courts.state.ny.us/nyscef/DocumentList?docketId=69a1OGI6dHPvnklS/A1kCA==&display=all&courtType=Onondaga County Supreme Court&resultsPageNum=1,905,905,896,1240484,STATEMENT OF AUTHORIZATION FOR ELECTRONIC FILING,Processed,07/28/2020,07/28/2020,https://iapps.courts.state.ny.us/nyscef/ViewDocument?docIndex=yKvdxyNKwKn1da7I1I7z7w==,https://iapps.courts.state.ny.us/nyscef/ConfirmationNotice?docId=yKvdxyNKwKn1da7I1I7z7w==,"SELECT id, document_name, document_status, filed_create, document_link, document_bucket_link, document_confirmation_link, document_confirmation_bucket_link FROM courts_final.ny_docket_documents WHERE docket_id = '69a1OGI6dHPvnklS/A1kCA==' ORDER BY id;"
case_43851,002047/2020,69a1OGI6dHPvnklS/A1kCA==,https://iapps.courts.state.ny.us/nyscef/DocumentList?docketId=69a1OGI6dHPvnklS/A1kCA==&display=all&courtType=Onondaga County Supreme Court&resultsPageNum=1,905,905,896,1240487,DEMAND FOR:,Processed,07/29/2020,07/29/2020,https://iapps.courts.state.ny.us/nyscef/ViewDocument?docIndex=DoLk6KF9Zg7JUwqIYoSuQw==,https://iapps.courts.state.ny.us/nyscef/ConfirmationNotice?docId=DoLk6KF9Zg7JUwqIYoSuQw==,"SELECT id, document_name, document_status, filed_create, document_link, document_bucket_link, document_confirmation_link, document_confirmation_bucket_link FROM courts_final.ny_docket_documents WHERE docket_id = '69a1OGI6dHPvnklS/A1kCA==' ORDER BY id;"
case_43851,002047/2020,69a1OGI6dHPvnklS/A1kCA==,https://iapps.courts.state.ny.us/nyscef/DocumentList?docketId=69a1OGI6dHPvnklS/A1kCA==&display=all&courtType=Onondaga County Supreme Court&resultsPageNum=1,905,905,896,1240495,NOTICE OF APPEARANCE (POST RJI),Processed,08/20/2020,08/20/2020,https://iapps.courts.state.ny.us/nyscef/ViewDocument?docIndex=BdqRGRbOWwP3a/G4uF9CjQ==,https://iapps.courts.state.ny.us/nyscef/ConfirmationNotice?docId=BdqRGRbOWwP3a/G4uF9CjQ==,"SELECT id, document_name, document_status, filed_create, document_link, document_bucket_link, document_confirmation_link, document_confirmation_bucket_link FROM courts_final.ny_docket_documents WHERE docket_id = '69a1OGI6dHPvnklS/A1kCA==' ORDER BY id;"
case_43851,002047/2020,69a1OGI6dHPvnklS/A1kCA==,https://iapps.courts.state.ny.us/nyscef/DocumentList?docketId=69a1OGI6dHPvnklS/A1kCA==&display=all&courtType=Onondaga County Supreme Court&resultsPageNum=1,905,905,896,1240672,EXHIBIT(S),Processed,02/17/2021,02/17/2021,https://iapps.courts.state.ny.us/nyscef/ViewDocument?docIndex=FAxx8j2DzLMZm3/lnPrjbg==,https://iapps.courts.state.ny.us/nyscef/ConfirmationNotice?docId=FAxx8j2DzLMZm3/lnPrjbg==,"SELECT id, document_name, document_status, filed_create, document_link, document_bucket_link, document_confirmation_link, document_confirmation_bucket_link FROM courts_final.ny_docket_documents WHERE docket_id = '69a1OGI6dHPvnklS/A1kCA==' ORDER BY id;"
case_43851,002047/2020,69a1OGI6dHPvnklS/A1kCA==,https://iapps.courts.state.ny.us/nyscef/DocumentList?docketId=69a1OGI6dHPvnklS/A1kCA==&display=all&courtType=Onondaga County Supreme Court&resultsPageNum=1,905,905,896,1241144,RESPONSE TO DEMAND,Processed,06/11/2021,06/11/2021,https://iapps.courts.state.ny.us/nyscef/ViewDocument?docIndex=Zo1o7uqeFrs4KVAgeIGxrg==,https://iapps.courts.state.ny.us/nyscef/ConfirmationNotice?docId=Zo1o7uqeFrs4KVAgeIGxrg==,"SELECT id, document_name, document_status, filed_create, document_link, document_bucket_link, document_confirmation_link, document_confirmation_bucket_link FROM courts_final.ny_docket_documents WHERE docket_id = '69a1OGI6dHPvnklS/A1kCA==' ORDER BY id;"
case_43851,002047/2020,69a1OGI6dHPvnklS/A1kCA==,https://iapps.courts.state.ny.us/nyscef/DocumentList?docketId=69a1OGI6dHPvnklS/A1kCA==&display=all&courtType=Onondaga County Supreme Court&resultsPageNum=1,905,905,896,1241152,ANSWER WITH CROSS-CLAIM(S),Processed,06/15/2021,06/15/2021,https://iapps.courts.state.ny.us/nyscef/ViewDocument?docIndex=TTT5UwPUv6KLJPuMr3hlOA==,https://iapps.courts.state.ny.us/nyscef/ConfirmationNotice?docId=TTT5UwPUv6KLJPuMr3hlOA==,"SELECT id, document_name, document_status, filed_create, document_link, document_bucket_link, document_confirmation_link, document_confirmation_bucket_link FROM courts_final.ny_docket_documents WHERE docket_id = '69a1OGI6dHPvnklS/A1kCA==' ORDER BY id;"
case_43852,003371/2019,4q7JZ6TCyUlPtEN3fc1Tng==,https://iapps.courts.state.ny.us/nyscef/DocumentList?docketId=4q7JZ6TCyUlPtEN3fc1Tng==&display=all&courtType=Onondaga County Supreme Court&resultsPageNum=1,1015,1015,999,1241311,ANSWER,Processed,06/07/2019,06/07/2019,https://iapps.courts.state.ny.us/nyscef/ViewDocument?docIndex=WgV6Lj4gf902FUPo4OBKUQ==,https://iapps.courts.state.ny.us/nyscef/ConfirmationNotice?docId=WgV6Lj4gf902FUPo4OBKUQ==,"SELECT id, document_name, document_status, filed_create, document_link, document_bucket_link, document_confirmation_link, document_confirmation_bucket_link FROM courts_final.ny_docket_documents WHERE docket_id = '4q7JZ6TCyUlPtEN3fc1Tng==' ORDER BY id;"
case_43852,003371/2019,4q7JZ6TCyUlPtEN3fc1Tng==,https://iapps.courts.state.ny.us/nyscef/DocumentList?docketId=4q7JZ6TCyUlPtEN3fc1Tng==&display=all&courtType=Onondaga County Supreme Court&resultsPageNum=1,1015,1015,999,1241312,ANSWER,Processed,06/12/2019,06/12/2019,https://iapps.courts.state.ny.us/nyscef/ViewDocument?docIndex=Dkgh_PLUS_ntZfUZEi_PLUS_HuOzu0MQ==,https://iapps.courts.state.ny.us/nyscef/ConfirmationNotice?docId=Dkgh_PLUS_ntZfUZEi_PLUS_HuOzu0MQ==,"SELECT id, document_name, document_status, filed_create, document_link, document_bucket_link, document_confirmation_link, document_confirmation_bucket_link FROM courts_final.ny_docket_documents WHERE docket_id = '4q7JZ6TCyUlPtEN3fc1Tng==' ORDER BY id;"
case_43852,003371/2019,4q7JZ6TCyUlPtEN3fc1Tng==,https://iapps.courts.state.ny.us/nyscef/DocumentList?docketId=4q7JZ6TCyUlPtEN3fc1Tng==&display=all&courtType=Onondaga County Supreme Court&resultsPageNum=1,1015,1015,999,1241321,AFFIRMATION/AFFIDAVIT OF SERVICE,Processed,06/20/2019,06/20/2019,https://iapps.courts.state.ny.us/nyscef/ViewDocument?docIndex=z126AAovAWxxyijfIkZsQg==,https://iapps.courts.state.ny.us/nyscef/ConfirmationNotice?docId=z126AAovAWxxyijfIkZsQg==,"SELECT id, document_name, document_status, filed_create, document_link, document_bucket_link, document_confirmation_link, document_confirmation_bucket_link FROM courts_final.ny_docket_documents WHERE docket_id = '4q7JZ6TCyUlPtEN3fc1Tng==' ORDER BY id;"
case_43852,003371/2019,4q7JZ6TCyUlPtEN3fc1Tng==,https://iapps.courts.state.ny.us/nyscef/DocumentList?docketId=4q7JZ6TCyUlPtEN3fc1Tng==&display=all&courtType=Onondaga County Supreme Court&resultsPageNum=1,1015,1015,999,1241420,ANSWER WITH CROSS-CLAIM(S),Processed,09/26/2019,09/26/2019,https://iapps.courts.state.ny.us/nyscef/ViewDocument?docIndex=QTVFuI2kcdKrGite5zX1hg==,https://iapps.courts.state.ny.us/nyscef/ConfirmationNotice?docId=QTVFuI2kcdKrGite5zX1hg==,"SELECT id, document_name, document_status, filed_create, document_link, document_bucket_link, document_confirmation_link, document_confirmation_bucket_link FROM courts_final.ny_docket_documents WHERE docket_id = '4q7JZ6TCyUlPtEN3fc1Tng==' ORDER BY id;"
case_43852,003371/2019,4q7JZ6TCyUlPtEN3fc1Tng==,https://iapps.courts.state.ny.us/nyscef/DocumentList?docketId=4q7JZ6TCyUlPtEN3fc1Tng==&display=all&courtType=Onondaga County Supreme Court&resultsPageNum=1,1015,1015,999,1241421,ANSWER,Processed,09/26/2019,09/26/2019,https://iapps.courts.state.ny.us/nyscef/ViewDocument?docIndex=S/jelqxw7U2zYb_PLUS_pMVBgdA==,https://iapps.courts.state.ny.us/nyscef/ConfirmationNotice?docId=S/jelqxw7U2zYb_PLUS_pMVBgdA==,"SELECT id, document_name, document_status, filed_create, document_link, document_bucket_link, document_confirmation_link, document_confirmation_bucket_link FROM courts_final.ny_docket_documents WHERE docket_id = '4q7JZ6TCyUlPtEN3fc1Tng==' ORDER BY id;"
case_43852,003371/2019,4q7JZ6TCyUlPtEN3fc1Tng==,https://iapps.courts.state.ny.us/nyscef/DocumentList?docketId=4q7JZ6TCyUlPtEN3fc1Tng==&display=all&courtType=Onondaga County Supreme Court&resultsPageNum=1,1015,1015,999,1241432,ANSWER,Processed,10/03/2019,10/03/2019,https://iapps.courts.state.ny.us/nyscef/ViewDocument?docIndex=Wi58KqUEuGCFpedpQe4WEA==,https://iapps.courts.state.ny.us/nyscef/ConfirmationNotice?docId=Wi58KqUEuGCFpedpQe4WEA==,"SELECT id, document_name, document_status, filed_create, document_link, document_bucket_link, document_confirmation_link, document_confirmation_bucket_link FROM courts_final.ny_docket_documents WHERE docket_id = '4q7JZ6TCyUlPtEN3fc1Tng==' ORDER BY id;"
case_43852,003371/2019,4q7JZ6TCyUlPtEN3fc1Tng==,https://iapps.courts.state.ny.us/nyscef/DocumentList?docketId=4q7JZ6TCyUlPtEN3fc1Tng==&display=all&courtType=Onondaga County Supreme Court&resultsPageNum=1,1015,1015,999,1242068,PRE-TRIAL DOCUMENT(S),Processed,09/11/2020,09/11/2020,https://iapps.courts.state.ny.us/nyscef/ViewDocument?docIndex=4ycv3ka6MXbqYSiIZxXgKA==,https://iapps.courts.state.ny.us/nyscef/ConfirmationNotice?docId=4ycv3ka6MXbqYSiIZxXgKA==,"SELECT id, document_name, document_status, filed_create, document_link, document_bucket_link, document_confirmation_link, document_confirmation_bucket_link FROM courts_final.ny_docket_documents WHERE docket_id = '4q7JZ6TCyUlPtEN3fc1Tng==' ORDER BY id;"
case_43852,003371/2019,4q7JZ6TCyUlPtEN3fc1Tng==,https://iapps.courts.state.ny.us/nyscef/DocumentList?docketId=4q7JZ6TCyUlPtEN3fc1Tng==&display=all&courtType=Onondaga County Supreme Court&resultsPageNum=1,1015,1015,999,1242074,EXHIBIT(S),Processed,09/11/2020,09/11/2020,https://iapps.courts.state.ny.us/nyscef/ViewDocument?docIndex=n2IE71JLsIP2cLHvgpBYWw==,https://iapps.courts.state.ny.us/nyscef/ConfirmationNotice?docId=n2IE71JLsIP2cLHvgpBYWw==,"SELECT id, document_name, document_status, filed_create, document_link, document_bucket_link, document_confirmation_link, document_confirmation_bucket_link FROM courts_final.ny_docket_documents WHERE docket_id = '4q7JZ6TCyUlPtEN3fc1Tng==' ORDER BY id;"
case_43852,003371/2019,4q7JZ6TCyUlPtEN3fc1Tng==,https://iapps.courts.state.ny.us/nyscef/DocumentList?docketId=4q7JZ6TCyUlPtEN3fc1Tng==&display=all&courtType=Onondaga County Supreme Court&resultsPageNum=1,1015,1015,999,1242075,EXHIBIT(S),Processed,09/11/2020,09/11/2020,https://iapps.courts.state.ny.us/nyscef/ViewDocument?docIndex=TpBOWdheJ7GzJ47uVz8/bg==,https://iapps.courts.state.ny.us/nyscef/ConfirmationNotice?docId=TpBOWdheJ7GzJ47uVz8/bg==,"SELECT id, document_name, document_status, filed_create, document_link, document_bucket_link, document_confirmation_link, document_confirmation_bucket_link FROM courts_final.ny_docket_documents WHERE docket_id = '4q7JZ6TCyUlPtEN3fc1Tng==' ORDER BY id;"
case_43852,003371/2019,4q7JZ6TCyUlPtEN3fc1Tng==,https://iapps.courts.state.ny.us/nyscef/DocumentList?docketId=4q7JZ6TCyUlPtEN3fc1Tng==&display=all&courtType=Onondaga County Supreme Court&resultsPageNum=1,1015,1015,999,1242078,STATEMENT OF AUTHORIZATION FOR ELECTRONIC FILING,Processed,09/11/2020,09/11/2020,https://iapps.courts.state.ny.us/nyscef/ViewDocument?docIndex=g4guzbLaL/7HC1rnV/Xjjg==,https://iapps.courts.state.ny.us/nyscef/ConfirmationNotice?docId=g4guzbLaL/7HC1rnV/Xjjg==,"SELECT id, document_name, document_status, filed_create, document_link, document_bucket_link, document_confirmation_link, document_confirmation_bucket_link FROM courts_final.ny_docket_documents WHERE docket_id = '4q7JZ6TCyUlPtEN3fc1Tng==' ORDER BY id;"
case_43852,003371/2019,4q7JZ6TCyUlPtEN3fc1Tng==,https://iapps.courts.state.ny.us/nyscef/DocumentList?docketId=4q7JZ6TCyUlPtEN3fc1Tng==&display=all&courtType=Onondaga County Supreme Court&resultsPageNum=1,1015,1015,999,1242083,EXHIBIT(S),Processed,09/11/2020,09/11/2020,https://iapps.courts.state.ny.us/nyscef/ViewDocument?docIndex=vA6hmPivCIBik7S/okwsqw==,https://iapps.courts.state.ny.us/nyscef/ConfirmationNotice?docId=vA6hmPivCIBik7S/okwsqw==,"SELECT id, document_name, document_status, filed_create, document_link, document_bucket_link, document_confirmation_link, document_confirmation_bucket_link FROM courts_final.ny_docket_documents WHERE docket_id = '4q7JZ6TCyUlPtEN3fc1Tng==' ORDER BY id;"
case_43852,003371/2019,4q7JZ6TCyUlPtEN3fc1Tng==,https://iapps.courts.state.ny.us/nyscef/DocumentList?docketId=4q7JZ6TCyUlPtEN3fc1Tng==&display=all&courtType=Onondaga County Supreme Court&resultsPageNum=1,1015,1015,999,1242084,NOTICE OF MOTION,Processed,09/11/2020,09/11/2020,https://iapps.courts.state.ny.us/nyscef/ViewDocument?docIndex=PXhtksrGb7A2p1CIWQN3rw==,https://iapps.courts.state.ny.us/nyscef/ConfirmationNotice?docId=PXhtksrGb7A2p1CIWQN3rw==,"SELECT id, document_name, document_status, filed_create, document_link, document_bucket_link, document_confirmation_link, document_confirmation_bucket_link FROM courts_final.ny_docket_documents WHERE docket_id = '4q7JZ6TCyUlPtEN3fc1Tng==' ORDER BY id;"
case_43852,003371/2019,4q7JZ6TCyUlPtEN3fc1Tng==,https://iapps.courts.state.ny.us/nyscef/DocumentList?docketId=4q7JZ6TCyUlPtEN3fc1Tng==&display=all&courtType=Onondaga County Supreme Court&resultsPageNum=1,1015,1015,999,1242094,LETTER / CORRESPONDENCE TO JUDGE,Processed,09/14/2020,09/14/2020,https://iapps.courts.state.ny.us/nyscef/ViewDocument?docIndex=jspDlxKOg1yeOQQlP1jIyA==,https://iapps.courts.state.ny.us/nyscef/ConfirmationNotice?docId=jspDlxKOg1yeOQQlP1jIyA==,"SELECT id, document_name, document_status, filed_create, document_link, document_bucket_link, document_confirmation_link, document_confirmation_bucket_link FROM courts_final.ny_docket_documents WHERE docket_id = '4q7JZ6TCyUlPtEN3fc1Tng==' ORDER BY id;"
case_43852,003371/2019,4q7JZ6TCyUlPtEN3fc1Tng==,https://iapps.courts.state.ny.us/nyscef/DocumentList?docketId=4q7JZ6TCyUlPtEN3fc1Tng==&display=all&courtType=Onondaga County Supreme Court&resultsPageNum=1,1015,1015,999,1242096,LETTER / CORRESPONDENCE TO JUDGE,Processed,09/14/2020,09/14/2020,https://iapps.courts.state.ny.us/nyscef/ViewDocument?docIndex=sPbIIB_PLUS_NU44o7P5rfEcwaA==,https://iapps.courts.state.ny.us/nyscef/ConfirmationNotice?docId=sPbIIB_PLUS_NU44o7P5rfEcwaA==,"SELECT id, document_name, document_status, filed_create, document_link, document_bucket_link, document_confirmation_link, document_confirmation_bucket_link FROM courts_final.ny_docket_documents WHERE docket_id = '4q7JZ6TCyUlPtEN3fc1Tng==' ORDER BY id;"
case_43852,003371/2019,4q7JZ6TCyUlPtEN3fc1Tng==,https://iapps.courts.state.ny.us/nyscef/DocumentList?docketId=4q7JZ6TCyUlPtEN3fc1Tng==&display=all&courtType=Onondaga County Supreme Court&resultsPageNum=1,1015,1015,999,1242100,AFFIDAVIT OR AFFIRMATION IN OPPOSITION TO MOTION,Processed,09/15/2020,09/15/2020,https://iapps.courts.state.ny.us/nyscef/ViewDocument?docIndex=h/1VDL_PLUS_ciFIQC/mRPT2sBA==,https://iapps.courts.state.ny.us/nyscef/ConfirmationNotice?docId=h/1VDL_PLUS_ciFIQC/mRPT2sBA==,"SELECT id, document_name, document_status, filed_create, document_link, document_bucket_link, document_confirmation_link, document_confirmation_bucket_link FROM courts_final.ny_docket_documents WHERE docket_id = '4q7JZ6TCyUlPtEN3fc1Tng==' ORDER BY id;"
case_43852,003371/2019,4q7JZ6TCyUlPtEN3fc1Tng==,https://iapps.courts.state.ny.us/nyscef/DocumentList?docketId=4q7JZ6TCyUlPtEN3fc1Tng==&display=all&courtType=Onondaga County Supreme Court&resultsPageNum=1,1015,1015,999,1242101,EXHIBIT(S),Processed,09/15/2020,09/15/2020,https://iapps.courts.state.ny.us/nyscef/ViewDocument?docIndex=CwjTSpDBxtH9wx2H/Dp/kw==,https://iapps.courts.state.ny.us/nyscef/ConfirmationNotice?docId=CwjTSpDBxtH9wx2H/Dp/kw==,"SELECT id, document_name, document_status, filed_create, document_link, document_bucket_link, document_confirmation_link, document_confirmation_bucket_link FROM courts_final.ny_docket_documents WHERE docket_id = '4q7JZ6TCyUlPtEN3fc1Tng==' ORDER BY id;"
case_43857,190146/2023,NO9Uo2ileamoD7zOLuyc/w==,https://iapps.courts.state.ny.us/nyscef/DocumentList?docketId=NO9Uo2ileamoD7zOLuyc/w==&display=all&courtType=New York County Supreme Court&resultsPageNum=1,264,264,252,1242881,ANSWER,Processed,06/27/2023,06/27/2023,https://iapps.courts.state.ny.us/nyscef/ViewDocument?docIndex=uiwlebMLXSLVMAeY3vLj8A==,https://iapps.courts.state.ny.us/nyscef/ConfirmationNotice?docId=uiwlebMLXSLVMAeY3vLj8A==,"SELECT id, document_name, document_status, filed_create, document_link, document_bucket_link, document_confirmation_link, document_confirmation_bucket_link FROM courts_final.ny_docket_documents WHERE docket_id = 'NO9Uo2ileamoD7zOLuyc/w==' ORDER BY id;"
case_43857,190146/2023,NO9Uo2ileamoD7zOLuyc/w==,https://iapps.courts.state.ny.us/nyscef/DocumentList?docketId=NO9Uo2ileamoD7zOLuyc/w==&display=all&courtType=New York County Supreme Court&resultsPageNum=1,264,264,252,1242882,ANSWER,Processed,06/29/2023,06/29/2023,https://iapps.courts.state.ny.us/nyscef/ViewDocument?docIndex=pK9dNvqogoUEcp0NDWIaeQ==,https://iapps.courts.state.ny.us/nyscef/ConfirmationNotice?docId=pK9dNvqogoUEcp0NDWIaeQ==,"SELECT id, document_name, document_status, filed_create, document_link, document_bucket_link, document_confirmation_link, document_confirmation_bucket_link FROM courts_final.ny_docket_documents WHERE docket_id = 'NO9Uo2ileamoD7zOLuyc/w==' ORDER BY id;"
case_43857,190146/2023,NO9Uo2ileamoD7zOLuyc/w==,https://iapps.courts.state.ny.us/nyscef/DocumentList?docketId=NO9Uo2ileamoD7zOLuyc/w==&display=all&courtType=New York County Supreme Court&resultsPageNum=1,264,264,252,1242885,ANSWER,Processed,07/03/2023,07/03/2023,https://iapps.courts.state.ny.us/nyscef/ViewDocument?docIndex=q2WE9ndNZBiUZKehLiNurA==,https://iapps.courts.state.ny.us/nyscef/ConfirmationNotice?docId=q2WE9ndNZBiUZKehLiNurA==,"SELECT id, document_name, document_status, filed_create, document_link, document_bucket_link, document_confirmation_link, document_confirmation_bucket_link FROM courts_final.ny_docket_documents WHERE docket_id = 'NO9Uo2ileamoD7zOLuyc/w==' ORDER BY id;"
case_43857,190146/2023,NO9Uo2ileamoD7zOLuyc/w==,https://iapps.courts.state.ny.us/nyscef/DocumentList?docketId=NO9Uo2ileamoD7zOLuyc/w==&display=all&courtType=New York County Supreme Court&resultsPageNum=1,264,264,252,1242889,DEMAND FOR:,Processed,07/05/2023,07/05/2023,https://iapps.courts.state.ny.us/nyscef/ViewDocument?docIndex=6n2hl5jYr8RnJr2w1V2kUQ==,https://iapps.courts.state.ny.us/nyscef/ConfirmationNotice?docId=6n2hl5jYr8RnJr2w1V2kUQ==,"SELECT id, document_name, document_status, filed_create, document_link, document_bucket_link, document_confirmation_link, document_confirmation_bucket_link FROM courts_final.ny_docket_documents WHERE docket_id = 'NO9Uo2ileamoD7zOLuyc/w==' ORDER BY id;"
case_43857,190146/2023,NO9Uo2ileamoD7zOLuyc/w==,https://iapps.courts.state.ny.us/nyscef/DocumentList?docketId=NO9Uo2ileamoD7zOLuyc/w==&display=all&courtType=New York County Supreme Court&resultsPageNum=1,264,264,252,1242891,AFFIRMATION/AFFIDAVIT OF SERVICE,Processed,07/05/2023,07/05/2023,https://iapps.courts.state.ny.us/nyscef/ViewDocument?docIndex=iswmO9eRo_PLUS_3KMxEcJdDj3w==,https://iapps.courts.state.ny.us/nyscef/ConfirmationNotice?docId=iswmO9eRo_PLUS_3KMxEcJdDj3w==,"SELECT id, document_name, document_status, filed_create, document_link, document_bucket_link, document_confirmation_link, document_confirmation_bucket_link FROM courts_final.ny_docket_documents WHERE docket_id = 'NO9Uo2ileamoD7zOLuyc/w==' ORDER BY id;"
case_43857,190146/2023,NO9Uo2ileamoD7zOLuyc/w==,https://iapps.courts.state.ny.us/nyscef/DocumentList?docketId=NO9Uo2ileamoD7zOLuyc/w==&display=all&courtType=New York County Supreme Court&resultsPageNum=1,264,264,252,1242895,ANSWER,Processed,07/07/2023,07/07/2023,https://iapps.courts.state.ny.us/nyscef/ViewDocument?docIndex=31JzBpD6zojvIIQGgN_PLUS_GyQ==,https://iapps.courts.state.ny.us/nyscef/ConfirmationNotice?docId=31JzBpD6zojvIIQGgN_PLUS_GyQ==,"SELECT id, document_name, document_status, filed_create, document_link, document_bucket_link, document_confirmation_link, document_confirmation_bucket_link FROM courts_final.ny_docket_documents WHERE docket_id = 'NO9Uo2ileamoD7zOLuyc/w==' ORDER BY id;"
case_43857,190146/2023,NO9Uo2ileamoD7zOLuyc/w==,https://iapps.courts.state.ny.us/nyscef/DocumentList?docketId=NO9Uo2ileamoD7zOLuyc/w==&display=all&courtType=New York County Supreme Court&resultsPageNum=1,264,264,252,1242896,ANSWER WITH CROSS-CLAIM(S),Processed,07/11/2023,07/11/2023,https://iapps.courts.state.ny.us/nyscef/ViewDocument?docIndex=/0MlYXcp7y2mIFFM_PLUS_m0B9Q==,https://iapps.courts.state.ny.us/nyscef/ConfirmationNotice?docId=/0MlYXcp7y2mIFFM_PLUS_m0B9Q==,"SELECT id, document_name, document_status, filed_create, document_link, document_bucket_link, document_confirmation_link, document_confirmation_bucket_link FROM courts_final.ny_docket_documents WHERE docket_id = 'NO9Uo2ileamoD7zOLuyc/w==' ORDER BY id;"
case_43857,190146/2023,NO9Uo2ileamoD7zOLuyc/w==,https://iapps.courts.state.ny.us/nyscef/DocumentList?docketId=NO9Uo2ileamoD7zOLuyc/w==&display=all&courtType=New York County Supreme Court&resultsPageNum=1,264,264,252,1242899,ANSWER,Processed,07/13/2023,07/13/2023,https://iapps.courts.state.ny.us/nyscef/ViewDocument?docIndex=mNLlwsK7kYPXVJ/X/TcTFA==,https://iapps.courts.state.ny.us/nyscef/ConfirmationNotice?docId=mNLlwsK7kYPXVJ/X/TcTFA==,"SELECT id, document_name, document_status, filed_create, document_link, document_bucket_link, document_confirmation_link, document_confirmation_bucket_link FROM courts_final.ny_docket_documents WHERE docket_id = 'NO9Uo2ileamoD7zOLuyc/w==' ORDER BY id;"
case_43857,190146/2023,NO9Uo2ileamoD7zOLuyc/w==,https://iapps.courts.state.ny.us/nyscef/DocumentList?docketId=NO9Uo2ileamoD7zOLuyc/w==&display=all&courtType=New York County Supreme Court&resultsPageNum=1,264,264,252,1242904,ANSWER,Processed,07/19/2023,07/19/2023,https://iapps.courts.state.ny.us/nyscef/ViewDocument?docIndex=JGsO1sR_PLUS__PLUS_OpAiN3k/kea_PLUS_A==,https://iapps.courts.state.ny.us/nyscef/ConfirmationNotice?docId=JGsO1sR_PLUS__PLUS_OpAiN3k/kea_PLUS_A==,"SELECT id, document_name, document_status, filed_create, document_link, document_bucket_link, document_confirmation_link, document_confirmation_bucket_link FROM courts_final.ny_docket_documents WHERE docket_id = 'NO9Uo2ileamoD7zOLuyc/w==' ORDER BY id;"
case_43857,190146/2023,NO9Uo2ileamoD7zOLuyc/w==,https://iapps.courts.state.ny.us/nyscef/DocumentList?docketId=NO9Uo2ileamoD7zOLuyc/w==&display=all&courtType=New York County Supreme Court&resultsPageNum=1,264,264,252,1243003,PRE-TRIAL DOCUMENT(S),Processed,03/18/2024,03/18/2024,https://iapps.courts.state.ny.us/nyscef/ViewDocument?docIndex=z/uEZsx5_PLUS_gpMgrlR_PLUS_/WDew==,https://iapps.courts.state.ny.us/nyscef/ConfirmationNotice?docId=z/uEZsx5_PLUS_gpMgrlR_PLUS_/WDew==,"SELECT id, document_name, document_status, filed_create, document_link, document_bucket_link, document_confirmation_link, document_confirmation_bucket_link FROM courts_final.ny_docket_documents WHERE docket_id = 'NO9Uo2ileamoD7zOLuyc/w==' ORDER BY id;"
case_43857,190146/2023,NO9Uo2ileamoD7zOLuyc/w==,https://iapps.courts.state.ny.us/nyscef/DocumentList?docketId=NO9Uo2ileamoD7zOLuyc/w==&display=all&courtType=New York County Supreme Court&resultsPageNum=1,264,264,252,1243050,ORDER - OTHER (NON-MOTION),Processed,05/07/2024,05/07/2024,https://iapps.courts.state.ny.us/nyscef/ViewDocument?docIndex=AOH81TXwElm4n6qsHPQ6yg==,https://iapps.courts.state.ny.us/nyscef/ConfirmationNotice?docId=AOH81TXwElm4n6qsHPQ6yg==,"SELECT id, document_name, document_status, filed_create, document_link, document_bucket_link, document_confirmation_link, document_confirmation_bucket_link FROM courts_final.ny_docket_documents WHERE docket_id = 'NO9Uo2ileamoD7zOLuyc/w==' ORDER BY id;"
case_43857,190146/2023,NO9Uo2ileamoD7zOLuyc/w==,https://iapps.courts.state.ny.us/nyscef/DocumentList?docketId=NO9Uo2ileamoD7zOLuyc/w==&display=all&courtType=New York County Supreme Court&resultsPageNum=1,264,264,252,1243053,AFFIRMATION/AFFIDAVIT OF SERVICE,Processed,05/09/2024,05/09/2024,https://iapps.courts.state.ny.us/nyscef/ViewDocument?docIndex=sBYVCiFbr/fPsyhNRlxH2g==,https://iapps.courts.state.ny.us/nyscef/ConfirmationNotice?docId=sBYVCiFbr/fPsyhNRlxH2g==,"SELECT id, document_name, document_status, filed_create, document_link, document_bucket_link, document_confirmation_link, document_confirmation_bucket_link FROM courts_final.ny_docket_documents WHERE docket_id = 'NO9Uo2ileamoD7zOLuyc/w==' ORDER BY id;"
case_43858,190186/2018,wjlNHmlXuDFiam3TQqoZiA==,https://iapps.courts.state.ny.us/nyscef/DocumentList?docketId=wjlNHmlXuDFiam3TQqoZiA==&display=all&courtType=New York County Supreme Court&resultsPageNum=1,339,339,336,1243320,PRE-TRIAL DOCUMENT(S),Processed,06/28/2021,06/28/2021,https://iapps.courts.state.ny.us/nyscef/ViewDocument?docIndex=jymBdBE/Cg9Y7tUQOkz9qw==,https://iapps.courts.state.ny.us/nyscef/ConfirmationNotice?docId=jymBdBE/Cg9Y7tUQOkz9qw==,"SELECT id, document_name, document_status, filed_create, document_link, document_bucket_link, document_confirmation_link, document_confirmation_bucket_link FROM courts_final.ny_docket_documents WHERE docket_id = 'wjlNHmlXuDFiam3TQqoZiA==' ORDER BY id;"
case_43858,190186/2018,wjlNHmlXuDFiam3TQqoZiA==,https://iapps.courts.state.ny.us/nyscef/DocumentList?docketId=wjlNHmlXuDFiam3TQqoZiA==&display=all&courtType=New York County Supreme Court&resultsPageNum=1,339,339,336,1243323,ORDER - NO OPP SUMMARY JUDGMENT (PROPOSED),Processed,07/21/2021,07/21/2021,https://iapps.courts.state.ny.us/nyscef/ViewDocument?docIndex=btMpW3bEu1eyobMKIv0ymQ==,https://iapps.courts.state.ny.us/nyscef/ConfirmationNotice?docId=btMpW3bEu1eyobMKIv0ymQ==,"SELECT id, document_name, document_status, filed_create, document_link, document_bucket_link, document_confirmation_link, document_confirmation_bucket_link FROM courts_final.ny_docket_documents WHERE docket_id = 'wjlNHmlXuDFiam3TQqoZiA==' ORDER BY id;"
case_43858,190186/2018,wjlNHmlXuDFiam3TQqoZiA==,https://iapps.courts.state.ny.us/nyscef/DocumentList?docketId=wjlNHmlXuDFiam3TQqoZiA==&display=all&courtType=New York County Supreme Court&resultsPageNum=1,339,339,336,1243324,TRIAL DOCUMENTS,Processed,07/21/2021,07/21/2021,https://iapps.courts.state.ny.us/nyscef/ViewDocument?docIndex=NjjEli83NWdKgQSFsGGoaA==,https://iapps.courts.state.ny.us/nyscef/ConfirmationNotice?docId=NjjEli83NWdKgQSFsGGoaA==,"SELECT id, document_name, document_status, filed_create, document_link, document_bucket_link, document_confirmation_link, document_confirmation_bucket_link FROM courts_final.ny_docket_documents WHERE docket_id = 'wjlNHmlXuDFiam3TQqoZiA==' ORDER BY id;"
case_43863,190455/2018,PKev/NBK/Yx9ieJe0MjGDg==,https://iapps.courts.state.ny.us/nyscef/DocumentList?docketId=PKev/NBK/Yx9ieJe0MjGDg==&display=all&courtType=New York County Supreme Court&resultsPageNum=1,297,297,296,1244439,STATEMENT OF AUTHORIZATION FOR ELECTRONIC FILING,Processed,12/24/2018,12/24/2018,https://iapps.courts.state.ny.us/nyscef/ViewDocument?docIndex=mtnyG8jS12oNoFfo6WtSSQ==,https://iapps.courts.state.ny.us/nyscef/ConfirmationNotice?docId=mtnyG8jS12oNoFfo6WtSSQ==,"SELECT id, document_name, document_status, filed_create, document_link, document_bucket_link, document_confirmation_link, document_confirmation_bucket_link FROM courts_final.ny_docket_documents WHERE docket_id = 'PKev/NBK/Yx9ieJe0MjGDg==' ORDER BY id;"
case_43866,26711/2020E,QgerSIqvIYJSm26gfcAPmw==,https://iapps.courts.state.ny.us/nyscef/DocumentList?docketId=QgerSIqvIYJSm26gfcAPmw==&display=all&courtType=Bronx County Supreme Court&resultsPageNum=1,5,5,4,1244738,NOTICE OF REMOVAL / REMAND (PRE RJI),Processed,09/15/2020,09/15/2020,https://iapps.courts.state.ny.us/nyscef/ViewDocument?docIndex=kMuRI0wVv2pjxFre325e1Q==,https://iapps.courts.state.ny.us/nyscef/ConfirmationNotice?docId=kMuRI0wVv2pjxFre325e1Q==,"SELECT id, document_name, document_status, filed_create, document_link, document_bucket_link, document_confirmation_link, document_confirmation_bucket_link FROM courts_final.ny_docket_documents WHERE docket_id = 'QgerSIqvIYJSm26gfcAPmw==' ORDER BY id;"
case_43867,450724/2023,DJjc2/mJvnpI1wgXDLwMCQ==,https://iapps.courts.state.ny.us/nyscef/DocumentList?docketId=DJjc2/mJvnpI1wgXDLwMCQ==&display=all&courtType=New York County Supreme Court&resultsPageNum=1,2,2,1,1244739,SUMMONS + COMPLAINT,Processed,03/16/2023,03/16/2023,https://iapps.courts.state.ny.us/nyscef/ViewDocument?docIndex=C327IdefFQz/C6rze58DTQ==,https://iapps.courts.state.ny.us/nyscef/ConfirmationNotice?docId=C327IdefFQz/C6rze58DTQ==&Corrected=Y,"SELECT id, document_name, document_status, filed_create, document_link, document_bucket_link, document_confirmation_link, document_confirmation_bucket_link FROM courts_final.ny_docket_documents WHERE docket_id = 'DJjc2/mJvnpI1wgXDLwMCQ==' ORDER BY id;"
case_43868,601932/2020,LfZxushDcviL1u9dRozEMA==,https://iapps.courts.state.ny.us/nyscef/DocumentList?docketId=LfZxushDcviL1u9dRozEMA==&display=all&courtType=Nassau County Supreme Court&resultsPageNum=1,4,4,2,1244741,SUMMONS + COMPLAINT,Processed,02/06/2020,02/06/2020,https://iapps.courts.state.ny.us/nyscef/ViewDocument?docIndex=ykDTRt8_PLUS_0DgeoUhXllQJqQ==,https://iapps.courts.state.ny.us/nyscef/ConfirmationNotice?docId=ykDTRt8_PLUS_0DgeoUhXllQJqQ==,"SELECT id, document_name, document_status, filed_create, document_link, document_bucket_link, document_confirmation_link, document_confirmation_bucket_link FROM courts_final.ny_docket_documents WHERE docket_id = 'LfZxushDcviL1u9dRozEMA==' ORDER BY id;"
case_43868,601932/2020,LfZxushDcviL1u9dRozEMA==,https://iapps.courts.state.ny.us/nyscef/DocumentList?docketId=LfZxushDcviL1u9dRozEMA==&display=all&courtType=Nassau County Supreme Court&resultsPageNum=1,4,4,2,1244744,STIPULATION - DISCONTINUANCE (PRE RJI),Processed,08/11/2021,08/11/2021,https://iapps.courts.state.ny.us/nyscef/ViewDocument?docIndex=gcNEF9wpVjHPqTckCmPFqg==,https://iapps.courts.state.ny.us/nyscef/ConfirmationNotice?docId=gcNEF9wpVjHPqTckCmPFqg==,"SELECT id, document_name, document_status, filed_create, document_link, document_bucket_link, document_confirmation_link, document_confirmation_bucket_link FROM courts_final.ny_docket_documents WHERE docket_id = 'LfZxushDcviL1u9dRozEMA==' ORDER BY id;"
case_43871,605805/2022,_PLUS_K2hXBBKAwhmYlSESE5yrA==,https://iapps.courts.state.ny.us/nyscef/DocumentList?docketId=_PLUS_K2hXBBKAwhmYlSESE5yrA==&display=all&courtType=Nassau County Supreme Court&resultsPageNum=1,224,224,216,1244750,AFFIRMATION/AFFIDAVIT OF SERVICE,Processed,05/06/2022,05/06/2022,https://iapps.courts.state.ny.us/nyscef/ViewDocument?docIndex=fXs3NURWa/9C6F4eKmcSCA==,https://iapps.courts.state.ny.us/nyscef/ConfirmationNotice?docId=fXs3NURWa/9C6F4eKmcSCA==,"SELECT id, document_name, document_status, filed_create, document_link, document_bucket_link, document_confirmation_link, document_confirmation_bucket_link FROM courts_final.ny_docket_documents WHERE docket_id = '_PLUS_K2hXBBKAwhmYlSESE5yrA==' ORDER BY id;"
case_43871,605805/2022,_PLUS_K2hXBBKAwhmYlSESE5yrA==,https://iapps.courts.state.ny.us/nyscef/DocumentList?docketId=_PLUS_K2hXBBKAwhmYlSESE5yrA==&display=all&courtType=Nassau County Supreme Court&resultsPageNum=1,224,224,216,1244756,AFFIRMATION/AFFIDAVIT OF SERVICE,Processed,05/09/2022,05/09/2022,https://iapps.courts.state.ny.us/nyscef/ViewDocument?docIndex=OYIfTQqWWVrYBa_PLUS_KNj1CFA==,https://iapps.courts.state.ny.us/nyscef/ConfirmationNotice?docId=OYIfTQqWWVrYBa_PLUS_KNj1CFA==,"SELECT id, document_name, document_status, filed_create, document_link, document_bucket_link, document_confirmation_link, document_confirmation_bucket_link FROM courts_final.ny_docket_documents WHERE docket_id = '_PLUS_K2hXBBKAwhmYlSESE5yrA==' ORDER BY id;"
case_43871,605805/2022,_PLUS_K2hXBBKAwhmYlSESE5yrA==,https://iapps.courts.state.ny.us/nyscef/DocumentList?docketId=_PLUS_K2hXBBKAwhmYlSESE5yrA==&display=all&courtType=Nassau County Supreme Court&resultsPageNum=1,224,224,216,1244758,AFFIRMATION/AFFIDAVIT OF SERVICE,Processed,05/09/2022,05/09/2022,https://iapps.courts.state.ny.us/nyscef/ViewDocument?docIndex=JGN4Xi8sD_PLUS_9xg4MwLdiINw==,https://iapps.courts.state.ny.us/nyscef/ConfirmationNotice?docId=JGN4Xi8sD_PLUS_9xg4MwLdiINw==,"SELECT id, document_name, document_status, filed_create, document_link, document_bucket_link, document_confirmation_link, document_confirmation_bucket_link FROM courts_final.ny_docket_documents WHERE docket_id = '_PLUS_K2hXBBKAwhmYlSESE5yrA==' ORDER BY id;"
case_43871,605805/2022,_PLUS_K2hXBBKAwhmYlSESE5yrA==,https://iapps.courts.state.ny.us/nyscef/DocumentList?docketId=_PLUS_K2hXBBKAwhmYlSESE5yrA==&display=all&courtType=Nassau County Supreme Court&resultsPageNum=1,224,224,216,1244759,AFFIRMATION/AFFIDAVIT OF SERVICE,Processed,05/09/2022,05/09/2022,https://iapps.courts.state.ny.us/nyscef/ViewDocument?docIndex=70nMdE1MzHzLMlGeX6_PLUS_4PQ==,https://iapps.courts.state.ny.us/nyscef/ConfirmationNotice?docId=70nMdE1MzHzLMlGeX6_PLUS_4PQ==,"SELECT id, document_name, document_status, filed_create, document_link, document_bucket_link, document_confirmation_link, document_confirmation_bucket_link FROM courts_final.ny_docket_documents WHERE docket_id = '_PLUS_K2hXBBKAwhmYlSESE5yrA==' ORDER BY id;"
case_43871,605805/2022,_PLUS_K2hXBBKAwhmYlSESE5yrA==,https://iapps.courts.state.ny.us/nyscef/DocumentList?docketId=_PLUS_K2hXBBKAwhmYlSESE5yrA==&display=all&courtType=Nassau County Supreme Court&resultsPageNum=1,224,224,216,1244771,AFFIRMATION/AFFIDAVIT OF SERVICE,Processed,05/12/2022,05/12/2022,https://iapps.courts.state.ny.us/nyscef/ViewDocument?docIndex=9nB_PLUS_UtJdEAh7WAXAkyg11w==,https://iapps.courts.state.ny.us/nyscef/ConfirmationNotice?docId=9nB_PLUS_UtJdEAh7WAXAkyg11w==,"SELECT id, document_name, document_status, filed_create, document_link, document_bucket_link, document_confirmation_link, document_confirmation_bucket_link FROM courts_final.ny_docket_documents WHERE docket_id = '_PLUS_K2hXBBKAwhmYlSESE5yrA==' ORDER BY id;"
case_43871,605805/2022,_PLUS_K2hXBBKAwhmYlSESE5yrA==,https://iapps.courts.state.ny.us/nyscef/DocumentList?docketId=_PLUS_K2hXBBKAwhmYlSESE5yrA==&display=all&courtType=Nassau County Supreme Court&resultsPageNum=1,224,224,216,1244919,STIPULATION - PARTIAL DISCONTINUANCE (POST RJI),Processed,04/25/2024,04/25/2024,https://iapps.courts.state.ny.us/nyscef/ViewDocument?docIndex=ndWoy5FXsxVKiksc0y0rjw==,https://iapps.courts.state.ny.us/nyscef/ConfirmationNotice?docId=ndWoy5FXsxVKiksc0y0rjw==,"SELECT id, document_name, document_status, filed_create, document_link, document_bucket_link, document_confirmation_link, document_confirmation_bucket_link FROM courts_final.ny_docket_documents WHERE docket_id = '_PLUS_K2hXBBKAwhmYlSESE5yrA==' ORDER BY id;"
case_43871,605805/2022,_PLUS_K2hXBBKAwhmYlSESE5yrA==,https://iapps.courts.state.ny.us/nyscef/DocumentList?docketId=_PLUS_K2hXBBKAwhmYlSESE5yrA==&display=all&courtType=Nassau County Supreme Court&resultsPageNum=1,224,224,216,1244924,LETTER / CORRESPONDENCE TO JUDGE,Processed,05/22/2024,05/22/2024,https://iapps.courts.state.ny.us/nyscef/ViewDocument?docIndex=S01VA6wk5vChS9YpTOHbrg==,https://iapps.courts.state.ny.us/nyscef/ConfirmationNotice?docId=S01VA6wk5vChS9YpTOHbrg==,"SELECT id, document_name, document_status, filed_create, document_link, document_bucket_link, document_confirmation_link, document_confirmation_bucket_link FROM courts_final.ny_docket_documents WHERE docket_id = '_PLUS_K2hXBBKAwhmYlSESE5yrA==' ORDER BY id;"
case_43871,605805/2022,_PLUS_K2hXBBKAwhmYlSESE5yrA==,https://iapps.courts.state.ny.us/nyscef/DocumentList?docketId=_PLUS_K2hXBBKAwhmYlSESE5yrA==&display=all&courtType=Nassau County Supreme Court&resultsPageNum=1,224,224,216,1244930,EXHIBIT(S),Processed,06/14/2024,06/14/2024,https://iapps.courts.state.ny.us/nyscef/ViewDocument?docIndex=KUlbEIX7zxTU3Vxssj7CVA==,https://iapps.courts.state.ny.us/nyscef/ConfirmationNotice?docId=KUlbEIX7zxTU3Vxssj7CVA==,"SELECT id, document_name, document_status, filed_create, document_link, document_bucket_link, document_confirmation_link, document_confirmation_bucket_link FROM courts_final.ny_docket_documents WHERE docket_id = '_PLUS_K2hXBBKAwhmYlSESE5yrA==' ORDER BY id;"
case_43880,E2025-0046,H1wUGa0nuPEGduYtpNM4Gw==,https://iapps.courts.state.ny.us/nyscef/DocumentList?docketId=H1wUGa0nuPEGduYtpNM4Gw==&display=all&courtType=Cayuga County Supreme Court&resultsPageNum=2,493,493,491,1245882,STIPULATION - PARTIAL DISCONTINUANCE (POST RJI),,05/08/2026,05/08/2026,https://iapps.courts.state.ny.us/nyscef/ViewDocument?docIndex=3MqCOE1eutbC6SyW4KUJRw==,https://iapps.courts.state.ny.us/nyscef/ConfirmationNotice?docId=3MqCOE1eutbC6SyW4KUJRw==,"SELECT id, document_name, document_status, filed_create, document_link, document_bucket_link, document_confirmation_link, document_confirmation_bucket_link FROM courts_final.ny_docket_documents WHERE docket_id = 'H1wUGa0nuPEGduYtpNM4Gw==' ORDER BY id;"
case_43880,E2025-0046,H1wUGa0nuPEGduYtpNM4Gw==,https://iapps.courts.state.ny.us/nyscef/DocumentList?docketId=H1wUGa0nuPEGduYtpNM4Gw==&display=all&courtType=Cayuga County Supreme Court&resultsPageNum=2,493,493,491,1245883,ORDER - DISMISSAL,Processed,05/14/2026,05/13/2026,https://iapps.courts.state.ny.us/nyscef/ViewDocument?docIndex=nO/XOGOdOz2XC1jGifE_PLUS_Qg==,https://iapps.courts.state.ny.us/nyscef/ConfirmationNotice?docId=nO/XOGOdOz2XC1jGifE_PLUS_Qg==,"SELECT id, document_name, document_status, filed_create, document_link, document_bucket_link, document_confirmation_link, document_confirmation_bucket_link FROM courts_final.ny_docket_documents WHERE docket_id = 'H1wUGa0nuPEGduYtpNM4Gw==' ORDER BY id;"
case_43881,EF2021-00001987,BCP4eHOu9TA4lOok9RE4qw==,https://iapps.courts.state.ny.us/nyscef/DocumentList?docketId=BCP4eHOu9TA4lOok9RE4qw==&display=all&courtType=Jefferson County Supreme Court&resultsPageNum=2,345,345,338,1245897,AFFIRMATION/AFFIDAVIT OF SERVICE,Processed,08/12/2021,08/12/2021,https://iapps.courts.state.ny.us/nyscef/ViewDocument?docIndex=XtGxL_PLUS_l/KKczj5YxImmEAA==,https://iapps.courts.state.ny.us/nyscef/ConfirmationNotice?docId=XtGxL_PLUS_l/KKczj5YxImmEAA==,"SELECT id, document_name, document_status, filed_create, document_link, document_bucket_link, document_confirmation_link, document_confirmation_bucket_link FROM courts_final.ny_docket_documents WHERE docket_id = 'BCP4eHOu9TA4lOok9RE4qw==' ORDER BY id;"
case_43881,EF2021-00001987,BCP4eHOu9TA4lOok9RE4qw==,https://iapps.courts.state.ny.us/nyscef/DocumentList?docketId=BCP4eHOu9TA4lOok9RE4qw==&display=all&courtType=Jefferson County Supreme Court&resultsPageNum=2,345,345,338,1245899,AFFIRMATION/AFFIDAVIT OF SERVICE,Processed,08/12/2021,08/12/2021,https://iapps.courts.state.ny.us/nyscef/ViewDocument?docIndex=h9BhYFs2WnahMVlDjq2JcA==,https://iapps.courts.state.ny.us/nyscef/ConfirmationNotice?docId=h9BhYFs2WnahMVlDjq2JcA==,"SELECT id, document_name, document_status, filed_create, document_link, document_bucket_link, document_confirmation_link, document_confirmation_bucket_link FROM courts_final.ny_docket_documents WHERE docket_id = 'BCP4eHOu9TA4lOok9RE4qw==' ORDER BY id;"
case_43881,EF2021-00001987,BCP4eHOu9TA4lOok9RE4qw==,https://iapps.courts.state.ny.us/nyscef/DocumentList?docketId=BCP4eHOu9TA4lOok9RE4qw==&display=all&courtType=Jefferson County Supreme Court&resultsPageNum=2,345,345,338,1245900,AFFIRMATION/AFFIDAVIT OF SERVICE,Processed,08/12/2021,08/12/2021,https://iapps.courts.state.ny.us/nyscef/ViewDocument?docIndex=xpGaZ74OQ01WZTCbkFS/oA==,https://iapps.courts.state.ny.us/nyscef/ConfirmationNotice?docId=xpGaZ74OQ01WZTCbkFS/oA==,"SELECT id, document_name, document_status, filed_create, document_link, document_bucket_link, document_confirmation_link, document_confirmation_bucket_link FROM courts_final.ny_docket_documents WHERE docket_id = 'BCP4eHOu9TA4lOok9RE4qw==' ORDER BY id;"
case_43881,EF2021-00001987,BCP4eHOu9TA4lOok9RE4qw==,https://iapps.courts.state.ny.us/nyscef/DocumentList?docketId=BCP4eHOu9TA4lOok9RE4qw==&display=all&courtType=Jefferson County Supreme Court&resultsPageNum=2,345,345,338,1245905,AFFIRMATION/AFFIDAVIT OF SERVICE,Processed,08/12/2021,08/12/2021,https://iapps.courts.state.ny.us/nyscef/ViewDocument?docIndex=e87YBN6g6/2lesYRkuc9BA==,https://iapps.courts.state.ny.us/nyscef/ConfirmationNotice?docId=e87YBN6g6/2lesYRkuc9BA==,"SELECT id, document_name, document_status, filed_create, document_link, document_bucket_link, document_confirmation_link, document_confirmation_bucket_link FROM courts_final.ny_docket_documents WHERE docket_id = 'BCP4eHOu9TA4lOok9RE4qw==' ORDER BY id;"
case_43881,EF2021-00001987,BCP4eHOu9TA4lOok9RE4qw==,https://iapps.courts.state.ny.us/nyscef/DocumentList?docketId=BCP4eHOu9TA4lOok9RE4qw==&display=all&courtType=Jefferson County Supreme Court&resultsPageNum=2,345,345,338,1245993,PROOF OF SERVICE,Processed,11/16/2021,11/16/2021,https://iapps.courts.state.ny.us/nyscef/ViewDocument?docIndex=UbU5oJMToq2nKILhYfA/xA==,https://iapps.courts.state.ny.us/nyscef/ConfirmationNotice?docId=UbU5oJMToq2nKILhYfA/xA==,"SELECT id, document_name, document_status, filed_create, document_link, document_bucket_link, document_confirmation_link, document_confirmation_bucket_link FROM courts_final.ny_docket_documents WHERE docket_id = 'BCP4eHOu9TA4lOok9RE4qw==' ORDER BY id;"
case_43881,EF2021-00001987,BCP4eHOu9TA4lOok9RE4qw==,https://iapps.courts.state.ny.us/nyscef/DocumentList?docketId=BCP4eHOu9TA4lOok9RE4qw==&display=all&courtType=Jefferson County Supreme Court&resultsPageNum=2,345,345,338,1246009,ANSWER (AMENDED),Processed,12/03/2021,12/03/2021,https://iapps.courts.state.ny.us/nyscef/ViewDocument?docIndex=ln8NyP4IDA5SFNev2SaQTg==,https://iapps.courts.state.ny.us/nyscef/ConfirmationNotice?docId=ln8NyP4IDA5SFNev2SaQTg==,"SELECT id, document_name, document_status, filed_create, document_link, document_bucket_link, document_confirmation_link, document_confirmation_bucket_link FROM courts_final.ny_docket_documents WHERE docket_id = 'BCP4eHOu9TA4lOok9RE4qw==' ORDER BY id;"
case_43881,EF2021-00001987,BCP4eHOu9TA4lOok9RE4qw==,https://iapps.courts.state.ny.us/nyscef/DocumentList?docketId=BCP4eHOu9TA4lOok9RE4qw==&display=all&courtType=Jefferson County Supreme Court&resultsPageNum=2,345,345,338,1246106,STIPULATION - DISCONTINUANCE (POST RJI),Processed,01/10/2023,01/10/2023,https://iapps.courts.state.ny.us/nyscef/ViewDocument?docIndex=DxmbOJZnxZCteNZVJxr3wg==,https://iapps.courts.state.ny.us/nyscef/ConfirmationNotice?docId=DxmbOJZnxZCteNZVJxr3wg==,"SELECT id, document_name, document_status, filed_create, document_link, document_bucket_link, document_confirmation_link, document_confirmation_bucket_link FROM courts_final.ny_docket_documents WHERE docket_id = 'BCP4eHOu9TA4lOok9RE4qw==' ORDER BY id;"
case_43883,EF2026-171,3Mxp7/3N5DgJSfCKPjhkbA==,https://iapps.courts.state.ny.us/nyscef/DocumentList?docketId=3Mxp7/3N5DgJSfCKPjhkbA==&display=all&courtType=Ulster County Supreme Court&resultsPageNum=2,151,151,149,1246235,EXHIBIT(S),Processed,01/20/2026,01/20/2026,https://iapps.courts.state.ny.us/nyscef/ViewDocument?docIndex=PJpB3pDWUffd26DIXgMYew==,https://iapps.courts.state.ny.us/nyscef/ConfirmationNotice?docId=PJpB3pDWUffd26DIXgMYew==,"SELECT id, document_name, document_status, filed_create, document_link, document_bucket_link, document_confirmation_link, document_confirmation_bucket_link FROM courts_final.ny_docket_documents WHERE docket_id = '3Mxp7/3N5DgJSfCKPjhkbA==' ORDER BY id;"
case_43883,EF2026-171,3Mxp7/3N5DgJSfCKPjhkbA==,https://iapps.courts.state.ny.us/nyscef/DocumentList?docketId=3Mxp7/3N5DgJSfCKPjhkbA==&display=all&courtType=Ulster County Supreme Court&resultsPageNum=2,151,151,149,1246247,DEMAND FOR:,Processed,01/23/2026,01/23/2026,https://iapps.courts.state.ny.us/nyscef/ViewDocument?docIndex=32/yCI7PpFJ3edFoez/sCw==,https://iapps.courts.state.ny.us/nyscef/ConfirmationNotice?docId=32/yCI7PpFJ3edFoez/sCw==,"SELECT id, document_name, document_status, filed_create, document_link, document_bucket_link, document_confirmation_link, document_confirmation_bucket_link FROM courts_final.ny_docket_documents WHERE docket_id = '3Mxp7/3N5DgJSfCKPjhkbA==' ORDER BY id;"
case_43884,EFCA2021-000020,zDQIoU0mzqfzYafZWd2u0g==,https://iapps.courts.state.ny.us/nyscef/DocumentList?docketId=zDQIoU0mzqfzYafZWd2u0g==&display=all&courtType=Oneida County Supreme Court&resultsPageNum=2,1128,1128,1117,1246463,ANSWER,Processed,03/22/2021,03/22/2021,https://iapps.courts.state.ny.us/nyscef/ViewDocument?docIndex=zCvJNywgE4vl9Lsbdqdtrw==,https://iapps.courts.state.ny.us/nyscef/ConfirmationNotice?docId=zCvJNywgE4vl9Lsbdqdtrw==,"SELECT id, document_name, document_status, filed_create, document_link, document_bucket_link, document_confirmation_link, document_confirmation_bucket_link FROM courts_final.ny_docket_documents WHERE docket_id = 'zDQIoU0mzqfzYafZWd2u0g==' ORDER BY id;"
case_43884,EFCA2021-000020,zDQIoU0mzqfzYafZWd2u0g==,https://iapps.courts.state.ny.us/nyscef/DocumentList?docketId=zDQIoU0mzqfzYafZWd2u0g==&display=all&courtType=Oneida County Supreme Court&resultsPageNum=2,1128,1128,1117,1246468,STATEMENT OF AUTHORIZATION FOR ELECTRONIC FILING,Processed,03/22/2021,03/22/2021,https://iapps.courts.state.ny.us/nyscef/ViewDocument?docIndex=qELTWQFY6AdxgcB8Lj8y8Q==,https://iapps.courts.state.ny.us/nyscef/ConfirmationNotice?docId=qELTWQFY6AdxgcB8Lj8y8Q==,"SELECT id, document_name, document_status, filed_create, document_link, document_bucket_link, document_confirmation_link, document_confirmation_bucket_link FROM courts_final.ny_docket_documents WHERE docket_id = 'zDQIoU0mzqfzYafZWd2u0g==' ORDER BY id;"
case_43884,EFCA2021-000020,zDQIoU0mzqfzYafZWd2u0g==,https://iapps.courts.state.ny.us/nyscef/DocumentList?docketId=zDQIoU0mzqfzYafZWd2u0g==&display=all&courtType=Oneida County Supreme Court&resultsPageNum=2,1128,1128,1117,1247083,EXHIBIT(S),Processed,09/24/2021,09/24/2021,https://iapps.courts.state.ny.us/nyscef/ViewDocument?docIndex=18VdyRDamKZp6C8ZfQL/HQ==,https://iapps.courts.state.ny.us/nyscef/ConfirmationNotice?docId=18VdyRDamKZp6C8ZfQL/HQ==,"SELECT id, document_name, document_status, filed_create, document_link, document_bucket_link, document_confirmation_link, document_confirmation_bucket_link FROM courts_final.ny_docket_documents WHERE docket_id = 'zDQIoU0mzqfzYafZWd2u0g==' ORDER BY id;"
case_43884,EFCA2021-000020,zDQIoU0mzqfzYafZWd2u0g==,https://iapps.courts.state.ny.us/nyscef/DocumentList?docketId=zDQIoU0mzqfzYafZWd2u0g==&display=all&courtType=Oneida County Supreme Court&resultsPageNum=2,1128,1128,1117,1247177,NOTICE OF MOTION,Processed,10/21/2021,10/21/2021,https://iapps.courts.state.ny.us/nyscef/ViewDocument?docIndex=NmuhM9szOJJSzjzUNq84Yw==,https://iapps.courts.state.ny.us/nyscef/ConfirmationNotice?docId=NmuhM9szOJJSzjzUNq84Yw==,"SELECT id, document_name, document_status, filed_create, document_link, document_bucket_link, document_confirmation_link, document_confirmation_bucket_link FROM courts_final.ny_docket_documents WHERE docket_id = 'zDQIoU0mzqfzYafZWd2u0g==' ORDER BY id;"
case_43884,EFCA2021-000020,zDQIoU0mzqfzYafZWd2u0g==,https://iapps.courts.state.ny.us/nyscef/DocumentList?docketId=zDQIoU0mzqfzYafZWd2u0g==&display=all&courtType=Oneida County Supreme Court&resultsPageNum=2,1128,1128,1117,1247183,ORDER - SUMMARY JUDGMENT,Processed,10/22/2021,10/21/2021,https://iapps.courts.state.ny.us/nyscef/ViewDocument?docIndex=nooNGZCEbdrpSLVyXXTA2Q==,https://iapps.courts.state.ny.us/nyscef/ConfirmationNotice?docId=nooNGZCEbdrpSLVyXXTA2Q==,"SELECT id, document_name, document_status, filed_create, document_link, document_bucket_link, document_confirmation_link, document_confirmation_bucket_link FROM courts_final.ny_docket_documents WHERE docket_id = 'zDQIoU0mzqfzYafZWd2u0g==' ORDER BY id;"
case_43884,EFCA2021-000020,zDQIoU0mzqfzYafZWd2u0g==,https://iapps.courts.state.ny.us/nyscef/DocumentList?docketId=zDQIoU0mzqfzYafZWd2u0g==&display=all&courtType=Oneida County Supreme Court&resultsPageNum=2,1128,1128,1117,1247184,ORDER - SUMMARY JUDGMENT,Processed,10/22/2021,10/21/2021,https://iapps.courts.state.ny.us/nyscef/ViewDocument?docIndex=DIBT1O00ARXW7f3lQTSuYQ==,https://iapps.courts.state.ny.us/nyscef/ConfirmationNotice?docId=DIBT1O00ARXW7f3lQTSuYQ==,"SELECT id, document_name, document_status, filed_create, document_link, document_bucket_link, document_confirmation_link, document_confirmation_bucket_link FROM courts_final.ny_docket_documents WHERE docket_id = 'zDQIoU0mzqfzYafZWd2u0g==' ORDER BY id;"
case_43884,EFCA2021-000020,zDQIoU0mzqfzYafZWd2u0g==,https://iapps.courts.state.ny.us/nyscef/DocumentList?docketId=zDQIoU0mzqfzYafZWd2u0g==&display=all&courtType=Oneida County Supreme Court&resultsPageNum=2,1128,1128,1117,1247186,ORDER - SUMMARY JUDGMENT,Processed,10/22/2021,10/21/2021,https://iapps.courts.state.ny.us/nyscef/ViewDocument?docIndex=8cydPpZko7dAB3XdRldJiA==,https://iapps.courts.state.ny.us/nyscef/ConfirmationNotice?docId=8cydPpZko7dAB3XdRldJiA==,"SELECT id, document_name, document_status, filed_create, document_link, document_bucket_link, document_confirmation_link, document_confirmation_bucket_link FROM courts_final.ny_docket_documents WHERE docket_id = 'zDQIoU0mzqfzYafZWd2u0g==' ORDER BY id;"
case_43884,EFCA2021-000020,zDQIoU0mzqfzYafZWd2u0g==,https://iapps.courts.state.ny.us/nyscef/DocumentList?docketId=zDQIoU0mzqfzYafZWd2u0g==&display=all&courtType=Oneida County Supreme Court&resultsPageNum=2,1128,1128,1117,1247193,ORDER - DISMISSAL,Processed,10/22/2021,10/21/2021,https://iapps.courts.state.ny.us/nyscef/ViewDocument?docIndex=nOTnsYMQwFIuA2UhKeUYIg==,https://iapps.courts.state.ny.us/nyscef/ConfirmationNotice?docId=nOTnsYMQwFIuA2UhKeUYIg==,"SELECT id, document_name, document_status, filed_create, document_link, document_bucket_link, document_confirmation_link, document_confirmation_bucket_link FROM courts_final.ny_docket_documents WHERE docket_id = 'zDQIoU0mzqfzYafZWd2u0g==' ORDER BY id;"
case_43884,EFCA2021-000020,zDQIoU0mzqfzYafZWd2u0g==,https://iapps.courts.state.ny.us/nyscef/DocumentList?docketId=zDQIoU0mzqfzYafZWd2u0g==&display=all&courtType=Oneida County Supreme Court&resultsPageNum=2,1128,1128,1117,1247195,ORDER - DISMISSAL,Processed,10/22/2021,10/21/2021,https://iapps.courts.state.ny.us/nyscef/ViewDocument?docIndex=13TBOSs7quTNSNWupZIEYA==,https://iapps.courts.state.ny.us/nyscef/ConfirmationNotice?docId=13TBOSs7quTNSNWupZIEYA==,"SELECT id, document_name, document_status, filed_create, document_link, document_bucket_link, document_confirmation_link, document_confirmation_bucket_link FROM courts_final.ny_docket_documents WHERE docket_id = 'zDQIoU0mzqfzYafZWd2u0g==' ORDER BY id;"
case_43884,EFCA2021-000020,zDQIoU0mzqfzYafZWd2u0g==,https://iapps.courts.state.ny.us/nyscef/DocumentList?docketId=zDQIoU0mzqfzYafZWd2u0g==&display=all&courtType=Oneida County Supreme Court&resultsPageNum=2,1128,1128,1117,1247197,ORDER - DISMISSAL,Processed,10/22/2021,10/21/2021,https://iapps.courts.state.ny.us/nyscef/ViewDocument?docIndex=d_PLUS_gOEk5eItzvoAdMMSw/xQ==,https://iapps.courts.state.ny.us/nyscef/ConfirmationNotice?docId=d_PLUS_gOEk5eItzvoAdMMSw/xQ==,"SELECT id, document_name, document_status, filed_create, document_link, document_bucket_link, document_confirmation_link, document_confirmation_bucket_link FROM courts_final.ny_docket_documents WHERE docket_id = 'zDQIoU0mzqfzYafZWd2u0g==' ORDER BY id;"
case_43884,EFCA2021-000020,zDQIoU0mzqfzYafZWd2u0g==,https://iapps.courts.state.ny.us/nyscef/DocumentList?docketId=zDQIoU0mzqfzYafZWd2u0g==&display=all&courtType=Oneida County Supreme Court&resultsPageNum=2,1128,1128,1117,1247210,AFFIRMATION,Processed,10/22/2021,10/22/2021,https://iapps.courts.state.ny.us/nyscef/ViewDocument?docIndex=4CefY2PxKQUSCXVNLsEOlQ==,https://iapps.courts.state.ny.us/nyscef/ConfirmationNotice?docId=4CefY2PxKQUSCXVNLsEOlQ==,"SELECT id, document_name, document_status, filed_create, document_link, document_bucket_link, document_confirmation_link, document_confirmation_bucket_link FROM courts_final.ny_docket_documents WHERE docket_id = 'zDQIoU0mzqfzYafZWd2u0g==' ORDER BY id;"
case_43885,EFCA2021-001003,QTs_PLUS_z9JEJOHNpvgslBTPZg==,https://iapps.courts.state.ny.us/nyscef/DocumentList?docketId=QTs_PLUS_z9JEJOHNpvgslBTPZg==&display=all&courtType=Oneida County Supreme Court&resultsPageNum=2,618,618,603,1247512,ORDER TO SHOW CAUSE ( PROPOSED ),,05/13/2021,05/13/2021,https://iapps.courts.state.ny.us/nyscef/ViewDocument?docIndex=l7yQEchLofzhIJ9bsYCV_PLUS_Q==,https://iapps.courts.state.ny.us/nyscef/ConfirmationNotice?docId=l7yQEchLofzhIJ9bsYCV_PLUS_Q==,"SELECT id, document_name, document_status, filed_create, document_link, document_bucket_link, document_confirmation_link, document_confirmation_bucket_link FROM courts_final.ny_docket_documents WHERE docket_id = 'QTs_PLUS_z9JEJOHNpvgslBTPZg==' ORDER BY id;"
case_43885,EFCA2021-001003,QTs_PLUS_z9JEJOHNpvgslBTPZg==,https://iapps.courts.state.ny.us/nyscef/DocumentList?docketId=QTs_PLUS_z9JEJOHNpvgslBTPZg==&display=all&courtType=Oneida County Supreme Court&resultsPageNum=2,618,618,603,1247515,STATEMENT OF AUTHORIZATION FOR ELECTRONIC FILING,Processed,05/13/2021,05/13/2021,https://iapps.courts.state.ny.us/nyscef/ViewDocument?docIndex=8fOgF8hzIQe/BoBzBk_PLUS_YaQ==,https://iapps.courts.state.ny.us/nyscef/ConfirmationNotice?docId=8fOgF8hzIQe/BoBzBk_PLUS_YaQ==,"SELECT id, document_name, document_status, filed_create, document_link, document_bucket_link, document_confirmation_link, document_confirmation_bucket_link FROM courts_final.ny_docket_documents WHERE docket_id = 'QTs_PLUS_z9JEJOHNpvgslBTPZg==' ORDER BY id;"
case_43885,EFCA2021-001003,QTs_PLUS_z9JEJOHNpvgslBTPZg==,https://iapps.courts.state.ny.us/nyscef/DocumentList?docketId=QTs_PLUS_z9JEJOHNpvgslBTPZg==&display=all&courtType=Oneida County Supreme Court&resultsPageNum=2,618,618,603,1247516,RJI -RE: ORDER TO SHOW CAUSE,Processed,05/13/2021,05/13/2021,https://iapps.courts.state.ny.us/nyscef/ViewDocument?docIndex=MB3ekuFdgzbCVutLDhrdNg==,https://iapps.courts.state.ny.us/nyscef/ConfirmationNotice?docId=MB3ekuFdgzbCVutLDhrdNg==,"SELECT id, document_name, document_status, filed_create, document_link, document_bucket_link, document_confirmation_link, document_confirmation_bucket_link FROM courts_final.ny_docket_documents WHERE docket_id = 'QTs_PLUS_z9JEJOHNpvgslBTPZg==' ORDER BY id;"
case_43885,EFCA2021-001003,QTs_PLUS_z9JEJOHNpvgslBTPZg==,https://iapps.courts.state.ny.us/nyscef/DocumentList?docketId=QTs_PLUS_z9JEJOHNpvgslBTPZg==&display=all&courtType=Oneida County Supreme Court&resultsPageNum=2,618,618,603,1247523,ANSWER WITH CROSS-CLAIM(S),Processed,06/08/2021,06/08/2021,https://iapps.courts.state.ny.us/nyscef/ViewDocument?docIndex=q8arJhILA_PLUS_FoM_PLUS_EmDQ5MgA==,https://iapps.courts.state.ny.us/nyscef/ConfirmationNotice?docId=q8arJhILA_PLUS_FoM_PLUS_EmDQ5MgA==,"SELECT id, document_name, document_status, filed_create, document_link, document_bucket_link, document_confirmation_link, document_confirmation_bucket_link FROM courts_final.ny_docket_documents WHERE docket_id = 'QTs_PLUS_z9JEJOHNpvgslBTPZg==' ORDER BY id;"
case_43885,EFCA2021-001003,QTs_PLUS_z9JEJOHNpvgslBTPZg==,https://iapps.courts.state.ny.us/nyscef/DocumentList?docketId=QTs_PLUS_z9JEJOHNpvgslBTPZg==&display=all&courtType=Oneida County Supreme Court&resultsPageNum=2,618,618,603,1247527,ANSWER WITH CROSS-CLAIM(S),Processed,06/15/2021,06/15/2021,https://iapps.courts.state.ny.us/nyscef/ViewDocument?docIndex=ygM_PLUS_ZhpofdRaQqwlsLzs_PLUS_A==,https://iapps.courts.state.ny.us/nyscef/ConfirmationNotice?docId=ygM_PLUS_ZhpofdRaQqwlsLzs_PLUS_A==,"SELECT id, document_name, document_status, filed_create, document_link, document_bucket_link, document_confirmation_link, document_confirmation_bucket_link FROM courts_final.ny_docket_documents WHERE docket_id = 'QTs_PLUS_z9JEJOHNpvgslBTPZg==' ORDER BY id;"
case_43885,EFCA2021-001003,QTs_PLUS_z9JEJOHNpvgslBTPZg==,https://iapps.courts.state.ny.us/nyscef/DocumentList?docketId=QTs_PLUS_z9JEJOHNpvgslBTPZg==&display=all&courtType=Oneida County Supreme Court&resultsPageNum=2,618,618,603,1247530,ANSWER WITH CROSS-CLAIM(S),Processed,06/15/2021,06/15/2021,https://iapps.courts.state.ny.us/nyscef/ViewDocument?docIndex=_PLUS_lpXC28Ald5rKtca1wExWQ==,https://iapps.courts.state.ny.us/nyscef/ConfirmationNotice?docId=_PLUS_lpXC28Ald5rKtca1wExWQ==,"SELECT id, document_name, document_status, filed_create, document_link, document_bucket_link, document_confirmation_link, document_confirmation_bucket_link FROM courts_final.ny_docket_documents WHERE docket_id = 'QTs_PLUS_z9JEJOHNpvgslBTPZg==' ORDER BY id;"
case_43885,EFCA2021-001003,QTs_PLUS_z9JEJOHNpvgslBTPZg==,https://iapps.courts.state.ny.us/nyscef/DocumentList?docketId=QTs_PLUS_z9JEJOHNpvgslBTPZg==&display=all&courtType=Oneida County Supreme Court&resultsPageNum=2,618,618,603,1247531,ORDER - CASE SCHEDULING,Processed,06/16/2021,06/15/2021,https://iapps.courts.state.ny.us/nyscef/ViewDocument?docIndex=nQ5CjwUkRZDhdS/C2WQgAA==,https://iapps.courts.state.ny.us/nyscef/ConfirmationNotice?docId=nQ5CjwUkRZDhdS/C2WQgAA==,"SELECT id, document_name, document_status, filed_create, document_link, document_bucket_link, document_confirmation_link, document_confirmation_bucket_link FROM courts_final.ny_docket_documents WHERE docket_id = 'QTs_PLUS_z9JEJOHNpvgslBTPZg==' ORDER BY id;"
case_43885,EFCA2021-001003,QTs_PLUS_z9JEJOHNpvgslBTPZg==,https://iapps.courts.state.ny.us/nyscef/DocumentList?docketId=QTs_PLUS_z9JEJOHNpvgslBTPZg==&display=all&courtType=Oneida County Supreme Court&resultsPageNum=2,618,618,603,1247626,STATEMENT OF AUTHORIZATION FOR ELECTRONIC FILING,Processed,05/24/2022,05/24/2022,https://iapps.courts.state.ny.us/nyscef/ViewDocument?docIndex=gRvWdegqF5t8HQEIKCHotg==,https://iapps.courts.state.ny.us/nyscef/ConfirmationNotice?docId=gRvWdegqF5t8HQEIKCHotg==,"SELECT id, document_name, document_status, filed_create, document_link, document_bucket_link, document_confirmation_link, document_confirmation_bucket_link FROM courts_final.ny_docket_documents WHERE docket_id = 'QTs_PLUS_z9JEJOHNpvgslBTPZg==' ORDER BY id;"
case_43885,EFCA2021-001003,QTs_PLUS_z9JEJOHNpvgslBTPZg==,https://iapps.courts.state.ny.us/nyscef/DocumentList?docketId=QTs_PLUS_z9JEJOHNpvgslBTPZg==&display=all&courtType=Oneida County Supreme Court&resultsPageNum=2,618,618,603,1247627,ANSWER,Processed,05/24/2022,05/24/2022,https://iapps.courts.state.ny.us/nyscef/ViewDocument?docIndex=zvLoP5/ryOJEmXF2dhn3Fw==,https://iapps.courts.state.ny.us/nyscef/ConfirmationNotice?docId=zvLoP5/ryOJEmXF2dhn3Fw==,"SELECT id, document_name, document_status, filed_create, document_link, document_bucket_link, document_confirmation_link, document_confirmation_bucket_link FROM courts_final.ny_docket_documents WHERE docket_id = 'QTs_PLUS_z9JEJOHNpvgslBTPZg==' ORDER BY id;"
case_43885,EFCA2021-001003,QTs_PLUS_z9JEJOHNpvgslBTPZg==,https://iapps.courts.state.ny.us/nyscef/DocumentList?docketId=QTs_PLUS_z9JEJOHNpvgslBTPZg==&display=all&courtType=Oneida County Supreme Court&resultsPageNum=2,618,618,603,1248102,NOTICE OF ENTRY,Processed,01/03/2024,01/03/2024,https://iapps.courts.state.ny.us/nyscef/ViewDocument?docIndex=c6W6sMQkgJljC80L0IluOw==,https://iapps.courts.state.ny.us/nyscef/ConfirmationNotice?docId=c6W6sMQkgJljC80L0IluOw==,"SELECT id, document_name, document_status, filed_create, document_link, document_bucket_link, document_confirmation_link, document_confirmation_bucket_link FROM courts_final.ny_docket_documents WHERE docket_id = 'QTs_PLUS_z9JEJOHNpvgslBTPZg==' ORDER BY id;"
case_43885,EFCA2021-001003,QTs_PLUS_z9JEJOHNpvgslBTPZg==,https://iapps.courts.state.ny.us/nyscef/DocumentList?docketId=QTs_PLUS_z9JEJOHNpvgslBTPZg==&display=all&courtType=Oneida County Supreme Court&resultsPageNum=2,618,618,603,1248103,AFFIDAVIT OR AFFIRMATION IN OPPOSITION TO MOTION,Processed,01/04/2024,01/04/2024,https://iapps.courts.state.ny.us/nyscef/ViewDocument?docIndex=ann0zuAnrJlM3k9Z1LPPNQ==,https://iapps.courts.state.ny.us/nyscef/ConfirmationNotice?docId=ann0zuAnrJlM3k9Z1LPPNQ==,"SELECT id, document_name, document_status, filed_create, document_link, document_bucket_link, document_confirmation_link, document_confirmation_bucket_link FROM courts_final.ny_docket_documents WHERE docket_id = 'QTs_PLUS_z9JEJOHNpvgslBTPZg==' ORDER BY id;"
case_43885,EFCA2021-001003,QTs_PLUS_z9JEJOHNpvgslBTPZg==,https://iapps.courts.state.ny.us/nyscef/DocumentList?docketId=QTs_PLUS_z9JEJOHNpvgslBTPZg==&display=all&courtType=Oneida County Supreme Court&resultsPageNum=2,618,618,603,1248112,ORDER - DISMISSAL,Processed,01/04/2024,01/04/2024,https://iapps.courts.state.ny.us/nyscef/ViewDocument?docIndex=GdFoqjPTsxmU4lm8oAbPoA==,https://iapps.courts.state.ny.us/nyscef/ConfirmationNotice?docId=GdFoqjPTsxmU4lm8oAbPoA==,"SELECT id, document_name, document_status, filed_create, document_link, document_bucket_link, document_confirmation_link, document_confirmation_bucket_link FROM courts_final.ny_docket_documents WHERE docket_id = 'QTs_PLUS_z9JEJOHNpvgslBTPZg==' ORDER BY id;"
case_43885,EFCA2021-001003,QTs_PLUS_z9JEJOHNpvgslBTPZg==,https://iapps.courts.state.ny.us/nyscef/DocumentList?docketId=QTs_PLUS_z9JEJOHNpvgslBTPZg==&display=all&courtType=Oneida County Supreme Court&resultsPageNum=2,618,618,603,1248114,EXHIBIT(S),Processed,01/04/2024,01/04/2024,https://iapps.courts.state.ny.us/nyscef/ViewDocument?docIndex=LUEiDhDf0RpnF3HrHSgJqQ==,https://iapps.courts.state.ny.us/nyscef/ConfirmationNotice?docId=LUEiDhDf0RpnF3HrHSgJqQ==,"SELECT id, document_name, document_status, filed_create, document_link, document_bucket_link, document_confirmation_link, document_confirmation_bucket_link FROM courts_final.ny_docket_documents WHERE docket_id = 'QTs_PLUS_z9JEJOHNpvgslBTPZg==' ORDER BY id;"
case_43885,EFCA2021-001003,QTs_PLUS_z9JEJOHNpvgslBTPZg==,https://iapps.courts.state.ny.us/nyscef/DocumentList?docketId=QTs_PLUS_z9JEJOHNpvgslBTPZg==&display=all&courtType=Oneida County Supreme Court&resultsPageNum=2,618,618,603,1248119,ORDER - DISMISSAL,Processed,01/26/2024,01/26/2024,https://iapps.courts.state.ny.us/nyscef/ViewDocument?docIndex=rTGkDShQxGExSFW_PLUS_o24FEw==,https://iapps.courts.state.ny.us/nyscef/ConfirmationNotice?docId=rTGkDShQxGExSFW_PLUS_o24FEw==,"SELECT id, document_name, document_status, filed_create, document_link, document_bucket_link, document_confirmation_link, document_confirmation_bucket_link FROM courts_final.ny_docket_documents WHERE docket_id = 'QTs_PLUS_z9JEJOHNpvgslBTPZg==' ORDER BY id;"
case_43885,EFCA2021-001003,QTs_PLUS_z9JEJOHNpvgslBTPZg==,https://iapps.courts.state.ny.us/nyscef/DocumentList?docketId=QTs_PLUS_z9JEJOHNpvgslBTPZg==&display=all&courtType=Oneida County Supreme Court&resultsPageNum=2,618,618,603,1248123,STIPULATION - DISCONTINUANCE (POST RJI),Processed,02/27/2024,02/27/2024,https://iapps.courts.state.ny.us/nyscef/ViewDocument?docIndex=n6/tvqTeQPw1RHtTtPA5zw==,https://iapps.courts.state.ny.us/nyscef/ConfirmationNotice?docId=n6/tvqTeQPw1RHtTtPA5zw==,"SELECT id, document_name, document_status, filed_create, document_link, document_bucket_link, document_confirmation_link, document_confirmation_bucket_link FROM courts_final.ny_docket_documents WHERE docket_id = 'QTs_PLUS_z9JEJOHNpvgslBTPZg==' ORDER BY id;"
case_43901,160018/2017,l8Loc/eaSFApxX0Kg_PLUS_Zz7w==,https://iapps.courts.state.ny.us/nyscef/DocumentList?docketId=l8Loc/eaSFApxX0Kg_PLUS_Zz7w==&display=all&courtType=New York County Supreme Court&resultsPageNum=1,15,15,14,1248145,RJI -RE: NOTICE OF MOTION,Processed,11/09/2017,11/09/2017,https://iapps.courts.state.ny.us/nyscef/ViewDocument?docIndex=u68lTUxtaI_PLUS_iN1S7feS5wg==,https://iapps.courts.state.ny.us/nyscef/ConfirmationNotice?docId=u68lTUxtaI_PLUS_iN1S7feS5wg==,"SELECT id, document_name, document_status, filed_create, document_link, document_bucket_link, document_confirmation_link, document_confirmation_bucket_link FROM courts_final.ny_docket_documents WHERE docket_id = 'l8Loc/eaSFApxX0Kg_PLUS_Zz7w==' ORDER BY id;"
