case,case_id,found_by_crawl,scraped_rows,docs_with_link,docs_on_gcs,confirmations_with_link,confirmations_on_gcs,not_on_gcs_examples
case_84,606703/2026,0,10,10,10,10,10,
case_107,031235/2026,0,4,4,4,4,4,
case_216,788000/2025,326,332,332,332,332,332,
case_379,154020/2025,0,7,7,7,7,7,
case_499,160040/2024,8,9,9,9,9,9,
case_530,620383/2024,0,36,36,36,36,36,
case_647,162450/2023,0,9,9,9,9,9,
case_726,450898/2025,0,28,28,28,28,28,
case_784,805896/2023,0,576,576,576,576,576,
case_788,513826/2023,88,95,95,95,95,95,
case_1293,000354-2021,770,770,769,769,769,769,
case_1923,Not Assigned,0,9,9,9,9,9,
case_3053,60143/2021,653,653,652,652,653,653,
case_4314,801990/2023,0,16,16,16,16,16,
case_4397,608847/2017,121,121,120,120,120,120,
case_4419,Not Assigned,0,1,1,1,1,1,
case_4648,600687/2010,0,7,7,7,7,7,
case_5003,157086/2018,0,3,3,3,3,3,
case_5880,CA 26-01028,4,4,3,3,3,3,
case_6613,190064/2025,773,773,769,769,769,769,
case_7065,EF2019-00000067,106,106,106,106,4,4,
case_7320,154611/2022,0,3,3,3,3,3,
case_7415,159354/2025,0,3,3,3,3,3,
case_7437,159491/2025,0,3,3,3,3,3,
case_7702,190082/2023,0,7,7,7,7,7,
case_8309,155969/2016,163,163,160,160,160,160,
case_8319,158791/2013,204,204,203,203,203,203,
case_11726,CV-141789-09/QU,1,1,1,1,0,0,
case_11862,190017/2026,36,37,37,37,37,37,
case_13285,CV-703228-22/RI,25,25,25,25,24,24,
case_13422,CV-706504-20/QU,3,3,3,3,2,2,
case_14035,508411/2024,59,59,58,58,58,58,
case_14045,512440/2023,0,51,51,51,51,51,
case_14193,708397/2023,20,20,19,19,19,19,
case_14196,708680/2025,36,36,36,36,35,35,
case_14205,713366/2026,16,16,16,16,15,15,
case_14208,71544/2023,231,231,231,231,230,230,
case_14246,805305/2021E,60,60,60,60,57,57,
case_14252,806504/2022,50,50,50,50,47,47,
case_14305,903341-24,91,91,90,90,90,90,
case_14385,CV-761511-19/KI,2,2,2,2,0,0,
case_14420,LT-305330-20/KI,5,5,5,5,0,0,
case_14421,LT-306183-23/KI,2,2,2,2,0,0,
case_14422,LT-307026-21/KI,3,3,3,3,0,0,
case_14423,LT-314002-22/KI,54,54,54,54,0,0,
case_14424,LT-315991-26/KI,4,4,4,4,0,0,
case_14425,LT-316292-24/KI,7,7,7,7,0,0,
case_14426,LT-316306-24/KI,20,20,20,20,4,4,
case_14427,LT-316758-22/KI,7,7,7,7,1,1,
case_14428,LT-317921-23/KI,6,6,6,6,1,1,
case_14429,LT-323637-25/KI,6,6,6,6,2,2,
case_15195,814620/2024,57,59,59,59,59,59,
case_15307,E184256/2024,177,178,178,178,178,178,
case_15343,814641/2017,702,702,702,702,682,682,
case_15362,154214/2022,88,88,87,87,86,86,
case_15380,608590/2022,180,180,179,179,178,178,
case_15381,609628/2021,92,92,92,92,90,90,
case_15385,615379/2023,209,209,208,208,206,206,
case_15390,654006/2021,81,81,81,81,80,80,
case_15395,CV-230374-21/KI,1,1,1,1,0,0,
case_15396,CV-700084-22/KI,4,4,4,4,0,0,
case_15397,CV-700126-22/KI,2,2,2,2,0,0,
case_15398,CV-700130-22/KI,22,22,22,22,0,0,
case_15399,CV-700135-22/KI,16,16,16,16,0,0,
case_15400,CV-700136-22/KI,25,25,25,25,0,0,
case_15401,CV-700141-22/KI,28,28,28,28,0,0,
case_15402,CV-700142-22/KI,20,20,20,20,0,0,
case_15403,CV-700143-22/KI,22,22,22,22,0,0,
case_15404,CV-700144-22/KI,23,23,23,23,4,4,
case_15405,CV-700307-23/KI,36,36,36,36,1,1,
case_15406,CV-700940-21/KI,1,1,1,1,0,0,
case_15407,CV-700941-21/KI,11,11,11,11,0,0,
case_15408,CV-700942-21/KI,19,19,19,19,0,0,
case_15409,CV-700943-21/KI,1,1,1,1,0,0,
case_15410,CV-700944-21/KI,1,1,1,1,0,0,
case_15411,CV-700945-21/KI,1,1,1,1,0,0,
case_15412,CV-700946-21/KI,1,1,1,1,0,0,
case_15413,CV-700947-21/KI,1,1,1,1,0,0,
case_15414,CV-700948-21/KI,1,1,1,1,0,0,
case_15415,CV-700949-21/KI,1,1,1,1,0,0,
case_15417,CV-700951-21/KI,1,1,1,1,0,0,
case_15418,CV-700952-21/KI,1,1,1,1,0,0,
case_15419,CV-700953-21/KI,1,1,1,1,0,0,
case_15421,CV-700955-21/KI,1,1,1,1,0,0,
case_15423,CV-700957-21/KI,1,1,1,1,0,0,
case_15424,CV-700958-21/KI,3,3,3,3,1,1,
case_15425,CV-700959-21/KI,1,1,1,1,0,0,
case_15426,CV-700960-21/KI,1,1,1,1,0,0,
case_15435,CV-700971-21/KI,15,15,15,15,14,14,
case_15436,CV-700972-21/KI,20,20,20,20,16,16,
case_15441,CV-700977-21/KI,1,1,1,1,0,0,
case_15454,CV-700990-21/KI,2,2,2,2,1,1,
case_15455,CV-700991-21/KI,2,2,2,2,1,1,
case_15457,CV-700993-21/KI,3,3,3,3,1,1,
case_15458,CV-700994-21/KI,1,1,1,1,0,0,
case_15459,CV-700995-21/KI,1,1,1,1,0,0,
case_15461,CV-700997-21/KI,1,1,1,1,0,0,
case_15462,CV-700999-21/KI,1,1,1,1,0,0,
case_15463,CV-701000-21/KI,1,1,1,1,0,0,
case_15464,CV-701003-21/KI,1,1,1,1,0,0,
case_15465,CV-701004-21/KI,1,1,1,1,0,0,
case_15466,CV-701013-21/KI,1,1,1,1,0,0,
case_15467,CV-701014-21/KI,1,1,1,1,0,0,
case_15468,CV-701015-21/KI,1,1,1,1,0,0,
case_15469,CV-701016-21/KI,1,1,1,1,0,0,
case_15470,CV-701017-21/KI,1,1,1,1,0,0,
case_15471,CV-701018-21/KI,1,1,1,1,0,0,
case_15472,CV-701019-21/KI,1,1,1,1,0,0,
case_15473,CV-701051-21/KI,2,2,2,2,0,0,
case_15474,CV-701055-21/KI,2,2,2,2,0,0,
case_15475,CV-701056-21/KI,2,2,2,2,0,0,
case_15476,CV-701058-21/KI,11,11,11,11,0,0,
case_15477,CV-701059-21/KI,2,2,2,2,0,0,
case_15478,CV-701060-21/KI,3,3,3,3,0,0,
case_15479,CV-701061-21/KI,5,5,5,5,0,0,
case_15480,CV-701062-21/KI,2,2,2,2,0,0,
case_15481,CV-701063-21/KI,2,2,2,2,0,0,
case_15482,CV-701329-21/KI,2,2,2,2,0,0,
case_15483,CV-701330-21/KI,2,2,2,2,0,0,
case_15484,CV-701331-21/KI,1,1,1,1,0,0,
case_15485,CV-701332-21/KI,1,1,1,1,0,0,
case_15486,CV-701335-21/KI,1,1,1,1,0,0,
case_15487,CV-701336-21/KI,2,2,2,2,0,0,
case_15488,CV-701337-21/KI,2,2,2,2,0,0,
case_15489,CV-701339-21/KI,2,2,2,2,0,0,
case_15490,CV-703109-21/BX,1,1,1,1,0,0,
case_15491,CV-703128-21/BX,22,22,22,22,0,0,
case_15492,CV-703141-21/BX,1,1,1,1,0,0,
case_15493,CV-703142-21/BX,1,1,1,1,0,0,
case_15494,CV-703151-21/BX,1,1,1,1,0,0,
case_15495,CV-704042-21/KI,3,3,3,3,0,0,
case_15496,CV-704043-21/KI,3,3,3,3,0,0,
case_15497,CV-704044-21/KI,2,2,2,2,0,0,
case_15498,CV-704045-21/KI,2,2,2,2,0,0,
case_15499,CV-704048-21/KI,1,1,1,1,0,0,
case_15500,CV-704049-21/KI,1,1,1,1,0,0,
case_15501,CV-704050-21/KI,1,1,1,1,0,0,
case_15502,CV-704051-21/KI,1,1,1,1,0,0,
case_15503,CV-704052-21/KI,1,1,1,1,0,0,
case_15504,CV-704053-21/KI,8,8,8,8,0,0,
case_15505,CV-704054-21/KI,8,8,8,8,0,0,
case_15506,CV-704055-21/KI,2,2,2,2,0,0,
case_15507,CV-704056-21/KI,2,2,2,2,0,0,
case_15508,CV-704057-21/KI,1,1,1,1,0,0,
case_15514,CV-704070-21/KI,1,1,1,1,0,0,
case_15523,CV-704080-21/KI,12,12,12,12,11,11,
case_15524,CV-704081-21/KI,12,12,12,12,0,0,
case_15525,CV-704082-21/KI,12,12,12,12,0,0,
case_15526,CV-704083-21/KI,1,1,1,1,0,0,
case_15527,CV-704084-21/KI,1,1,1,1,0,0,
case_15528,CV-704085-21/KI,1,1,1,1,0,0,
case_15529,CV-704086-21/KI,1,1,1,1,0,0,
case_15530,CV-704087-21/KI,1,1,1,1,0,0,
case_15533,CV-704092-21/KI,1,1,1,1,0,0,
case_15534,CV-704093-21/KI,2,2,2,2,0,0,
case_15535,CV-704094-21/KI,2,2,2,2,0,0,
case_15536,CV-704095-21/KI,1,1,1,1,0,0,
case_15537,CV-704096-21/KI,1,1,1,1,0,0,
case_15538,CV-704097-21/KI,11,11,11,11,9,9,
case_15539,CV-704098-21/KI,14,14,14,14,11,11,
case_15540,CV-704099-21/KI,16,16,16,16,15,15,
case_15541,CV-704100-21/KI,2,2,2,2,1,1,
case_15542,CV-704212-21/KI,1,1,1,1,0,0,
case_15544,CV-704214-21/KI,2,2,2,2,1,1,
case_15546,CV-704216-21/KI,2,2,2,2,1,1,
case_15548,CV-704239-21/KI,1,1,1,1,0,0,
case_15549,CV-704607-22/KI,17,17,17,17,1,1,
case_15550,CV-704609-22/KI,32,32,32,32,0,0,
case_15551,CV-704610-22/KI,20,20,20,20,2,2,
case_15552,CV-704612-22/KI,21,21,21,21,0,0,
case_15553,CV-704620-22/KI,2,2,2,2,0,0,
case_15554,CV-704621-22/KI,23,23,23,23,0,0,
case_15555,CV-704622-22/KI,21,21,21,21,0,0,
case_15556,CV-704623-22/KI,20,20,20,20,0,0,
case_15557,CV-704626-22/KI,18,18,18,18,0,0,
case_15558,CV-704629-22/KI,19,19,19,19,0,0,
case_15559,CV-704631-22/KI,23,23,23,23,0,0,
case_15560,CV-704632-22/KI,2,2,2,2,0,0,
case_15561,CV-704633-22/KI,21,21,21,21,0,0,
case_15562,CV-704634-22/KI,4,4,4,4,0,0,
case_15563,CV-704635-21/BX,1,1,1,1,0,0,
case_15564,CV-704635-22/KI,2,2,2,2,0,0,
case_15565,CV-704636-21/BX,1,1,1,1,0,0,
case_15566,CV-704636-22/KI,35,35,35,35,0,0,
case_15567,CV-704637-22/KI,6,6,6,6,0,0,
case_15568,CV-704638-22/KI,24,24,24,24,0,0,
case_15569,CV-704639-22/KI,2,2,2,2,0,0,
case_15570,CV-704640-21/BX,1,1,1,1,0,0,
case_15571,CV-704640-22/KI,22,22,22,22,0,0,
case_15572,CV-704641-22/KI,23,23,23,23,0,0,
case_15573,CV-704642-22/KI,20,20,20,20,0,0,
case_15574,CV-704643-22/KI,2,2,2,2,0,0,
case_15575,CV-704644-21/BX,19,19,19,19,0,0,
case_15576,CV-704644-22/KI,2,2,2,2,0,0,
case_15577,CV-704645-21/BX,1,1,1,1,0,0,
case_15578,CV-704645-22/KI,24,24,24,24,0,0,
case_15579,CV-704646-21/BX,1,1,1,1,0,0,
case_15580,CV-704646-22/KI,2,2,2,2,0,0,
case_15581,CV-704647-21/BX,24,24,24,24,0,0,
case_15582,CV-704649-21/BX,1,1,1,1,0,0,
case_15583,CV-704651-22/KI,22,22,22,22,0,0,
case_15584,CV-704652-22/KI,8,8,8,8,0,0,
case_15585,CV-704653-22/KI,8,8,8,8,0,0,
case_15586,CV-704654-22/KI,25,25,25,25,0,0,
case_15587,CV-704655-22/KI,24,24,24,24,0,0,
case_15588,CV-704657-22/KI,8,8,8,8,0,0,
case_15589,CV-704765-22/KI,20,20,20,20,4,4,
case_15595,CV-705154-22/KI,2,2,2,2,1,1,
case_15598,CV-705398-22/KI,20,20,20,20,19,19,
case_15599,CV-705404-22/KI,15,15,15,15,2,2,
case_15600,CV-705405-22/KI,23,23,23,23,0,0,
case_15601,CV-706613-21/KI,2,2,2,2,0,0,
case_15602,CV-706744-21/KI,1,1,1,1,0,0,
case_15603,CV-706748-21/KI,1,1,1,1,0,0,
case_15604,CV-706749-21/KI,1,1,1,1,0,0,
case_15605,CV-706750-21/KI,1,1,1,1,0,0,
case_15606,CV-706752-21/KI,11,11,11,11,0,0,
case_15607,CV-706754-21/KI,11,11,11,11,0,0,
case_15608,CV-706763-21/KI,1,1,1,1,0,0,
case_15609,CV-706765-21/KI,1,1,1,1,0,0,
case_15610,CV-706767-21/KI,1,1,1,1,0,0,
case_15611,CV-706769-21/KI,1,1,1,1,0,0,
case_15612,CV-706774-21/KI,18,18,18,18,0,0,
case_15613,CV-706775-21/KI,11,11,11,11,0,0,
case_15614,CV-706776-21/KI,1,1,1,1,0,0,
case_15615,CV-706777-21/KI,1,1,1,1,0,0,
case_15616,CV-706778-21/KI,1,1,1,1,0,0,
case_15617,CV-706779-21/KI,1,1,1,1,0,0,
case_15618,CV-706780-21/KI,1,1,1,1,0,0,
case_15619,CV-706843-21/KI,1,1,1,1,0,0,
case_15620,CV-706844-21/KI,1,1,1,1,0,0,
case_15621,CV-706845-21/KI,1,1,1,1,0,0,
case_15622,CV-706846-21/KI,1,1,1,1,0,0,
case_15623,CV-706847-21/KI,1,1,1,1,0,0,
case_15624,CV-706855-21/KI,1,1,1,1,0,0,
case_15625,CV-706861-21/KI,15,15,15,15,0,0,
case_15626,CV-706862-21/KI,8,8,8,8,0,0,
case_15627,CV-706863-21/KI,4,4,4,4,0,0,
case_15628,CV-706864-21/KI,1,1,1,1,0,0,
case_15629,CV-706865-21/KI,1,1,1,1,0,0,
case_15630,CV-706866-21/KI,2,2,2,2,0,0,
case_15631,CV-706867-21/KI,1,1,1,1,0,0,
case_15632,CV-706868-21/KI,1,1,1,1,0,0,
case_15633,CV-706869-21/KI,1,1,1,1,0,0,
case_15634,CV-706870-21/KI,1,1,1,1,0,0,
case_15635,CV-706871-21/KI,1,1,1,1,0,0,
case_15636,CV-706872-21/KI,1,1,1,1,0,0,
case_15637,CV-706873-21/KI,18,18,18,18,0,0,
case_15638,CV-706874-21/KI,1,1,1,1,0,0,
case_15639,CV-706875-21/KI,1,1,1,1,0,0,
case_15640,CV-706876-21/KI,17,17,17,17,0,0,
case_15641,CV-706877-21/KI,1,1,1,1,0,0,
case_15642,CV-706878-21/KI,1,1,1,1,0,0,
case_15643,CV-706879-21/KI,1,1,1,1,0,0,
case_15644,CV-706881-21/KI,1,1,1,1,0,0,
case_15645,CV-706882-21/KI,1,1,1,1,0,0,
case_15646,CV-706883-21/KI,1,1,1,1,0,0,
case_15647,CV-706884-21/KI,1,1,1,1,0,0,
case_15648,CV-706885-21/KI,1,1,1,1,0,0,
case_15649,CV-706886-21/KI,5,5,5,5,0,0,
case_15650,CV-706887-21/KI,10,10,10,10,0,0,
case_15651,CV-706888-21/KI,1,1,1,1,0,0,
case_15652,CV-706889-21/KI,1,1,1,1,0,0,
case_15653,CV-706890-21/KI,1,1,1,1,0,0,
case_15654,CV-706891-21/KI,1,1,1,1,0,0,
case_15655,CV-706892-21/KI,1,1,1,1,0,0,
case_15656,CV-706893-21/KI,1,1,1,1,0,0,
case_15657,CV-706894-21/KI,4,4,4,4,0,0,
case_15658,CV-706895-21/KI,1,1,1,1,0,0,
case_15659,CV-706896-21/KI,1,1,1,1,0,0,
case_15660,CV-706897-21/KI,1,1,1,1,0,0,
case_15661,CV-706898-21/KI,1,1,1,1,0,0,
case_15662,CV-706899-21/KI,1,1,1,1,0,0,
case_15663,CV-706900-21/KI,1,1,1,1,0,0,
case_15664,CV-706906-21/KI,1,1,1,1,0,0,
case_15665,CV-706907-21/KI,1,1,1,1,0,0,
case_15666,CV-706908-21/KI,1,1,1,1,0,0,
case_15667,CV-706910-21/KI,1,1,1,1,0,0,
case_15668,CV-706911-21/KI,1,1,1,1,0,0,
case_15669,CV-706912-21/KI,1,1,1,1,0,0,
case_15670,CV-706917-21/KI,1,1,1,1,0,0,
case_15671,CV-706920-21/KI,1,1,1,1,0,0,
case_15672,CV-706922-21/KI,1,1,1,1,0,0,
case_15673,CV-706923-21/KI,1,1,1,1,0,0,
case_15674,CV-706924-21/KI,12,12,12,12,0,0,
case_15675,CV-706925-21/KI,21,21,21,21,0,0,
case_15676,CV-706926-21/KI,23,23,23,23,7,7,
case_15705,CV-707219-21/KI,1,1,1,1,0,0,
case_15706,CV-707220-21/KI,3,3,3,3,1,1,
case_15707,CV-707221-21/KI,3,3,3,3,0,0,
case_15708,CV-707222-21/KI,1,1,1,1,0,0,
case_15709,CV-707328-21/KI,9,9,9,9,1,1,
case_15710,CV-707350-21/KI,1,1,1,1,0,0,
case_15711,CV-707361-21/KI,30,30,30,30,0,0,
case_15712,CV-707362-21/KI,24,24,24,24,0,0,
case_15713,CV-707363-21/KI,1,1,1,1,0,0,
case_15714,CV-707364-21/KI,1,1,1,1,0,0,
case_15715,CV-707365-21/KI,1,1,1,1,0,0,
case_15716,CV-707366-21/KI,1,1,1,1,0,0,
case_15717,CV-707367-21/KI,1,1,1,1,0,0,
case_15718,CV-707368-21/KI,1,1,1,1,0,0,
case_15719,CV-707369-21/KI,1,1,1,1,0,0,
case_15720,CV-707370-21/KI,1,1,1,1,0,0,
case_15721,CV-707371-21/KI,1,1,1,1,0,0,
case_15722,CV-707372-21/KI,5,5,5,5,0,0,
case_15723,CV-707373-21/KI,5,5,5,5,0,0,
case_15724,CV-707374-21/KI,3,3,3,3,0,0,
case_15725,CV-707375-21/KI,2,2,2,2,0,0,
case_15726,CV-707376-21/KI,1,1,1,1,0,0,
case_15727,CV-707377-21/KI,31,31,31,31,0,0,
case_15728,CV-707378-21/KI,16,16,16,16,0,0,
case_15729,CV-707379-21/KI,5,5,5,5,0,0,
case_15730,CV-707380-21/KI,1,1,1,1,0,0,
case_15731,CV-707381-21/KI,1,1,1,1,0,0,
case_15732,CV-707382-21/KI,7,7,7,7,0,0,
case_15733,CV-707383-21/KI,1,1,1,1,0,0,
case_15734,CV-707384-21/KI,1,1,1,1,0,0,
case_15735,CV-707385-21/KI,1,1,1,1,0,0,
case_15736,CV-707386-21/KI,1,1,1,1,0,0,
case_15737,CV-707387-21/KI,1,1,1,1,0,0,
case_15738,CV-707388-21/KI,2,2,2,2,0,0,
case_15739,CV-707389-21/KI,4,4,4,4,0,0,
case_15740,CV-707390-21/KI,1,1,1,1,0,0,
case_15741,CV-707391-21/KI,4,4,4,4,0,0,
case_15742,CV-707392-21/KI,1,1,1,1,0,0,
case_15743,CV-707393-21/KI,1,1,1,1,0,0,
case_15744,CV-707394-21/KI,1,1,1,1,0,0,
case_15745,CV-707397-21/KI,1,1,1,1,0,0,
case_15746,CV-707858-22/KI,20,20,20,20,0,0,
case_15747,CV-707861-22/KI,21,21,21,21,0,0,
case_15748,CV-707864-22/KI,15,15,15,15,0,0,
case_15749,CV-708767-22/KI,19,19,19,19,0,0,
case_15750,CV-708768-22/KI,19,19,19,19,0,0,
case_15751,CV-708769-22/KI,20,20,20,20,0,0,
case_15752,CV-711339-21/BX,2,2,2,2,0,0,
case_15753,CV-711340-21/BX,3,3,3,3,0,0,
case_15754,CV-711341-21/BX,1,1,1,1,0,0,
case_15755,CV-711342-21/BX,13,13,13,13,0,0,
case_15756,CV-711343-21/BX,1,1,1,1,0,0,
case_15757,CV-711783-21/KI,6,6,6,6,0,0,
case_15758,CV-711784-21/KI,6,6,6,6,0,0,
case_15759,CV-711795-21/KI,9,9,9,9,0,0,
case_15760,CV-711823-21/KI,3,3,3,3,0,0,
case_15761,CV-711827-21/KI,8,8,8,8,0,0,
case_15762,CV-711843-21/KI,28,28,28,28,0,0,
case_15763,CV-711844-21/KI,21,21,21,21,0,0,
case_15764,CV-711845-21/KI,21,21,21,21,0,0,
case_15765,CV-712002-21/KI,1,1,1,1,0,0,
case_15766,CV-712150-21/KI,32,32,32,32,0,0,
case_15767,CV-712152-21/KI,11,11,11,11,0,0,
case_15768,CV-712153-21/KI,3,3,3,3,0,0,
case_15769,CV-712290-21/KI,23,23,23,23,0,0,
case_15770,CV-712320-21/KI,2,2,2,2,0,0,
case_15771,CV-712321-21/KI,2,2,2,2,0,0,
case_15772,CV-712908-21/KI,8,8,8,8,0,0,
case_15773,CV-713057-21/KI,2,2,2,2,0,0,
case_15774,CV-713144-21/KI,6,6,6,6,0,0,
case_15775,CV-713145-21/KI,6,6,6,6,0,0,
case_15776,CV-713146-21/KI,7,7,7,7,0,0,
case_15777,CV-714004-21/KI,1,1,1,1,0,0,
case_15778,CV-714005-21/KI,1,1,1,1,0,0,
case_15779,CV-714007-21/KI,1,1,1,1,0,0,
case_15780,CV-714008-21/KI,1,1,1,1,0,0,
case_15781,CV-714009-21/KI,1,1,1,1,0,0,
case_15782,CV-714010-21/KI,1,1,1,1,0,0,
case_15783,CV-714019-21/KI,1,1,1,1,0,0,
case_15784,CV-714020-21/KI,2,2,2,2,0,0,
case_15785,CV-714021-21/KI,1,1,1,1,0,0,
case_15786,CV-714022-21/KI,15,15,15,15,0,0,
case_15787,CV-714023-21/KI,1,1,1,1,0,0,
case_15788,CV-714024-21/KI,1,1,1,1,0,0,
case_15789,CV-714025-21/KI,1,1,1,1,0,0,
case_15790,CV-714026-21/KI,1,1,1,1,0,0,
case_15791,CV-714027-21/KI,1,1,1,1,0,0,
case_15792,CV-714028-21/KI,1,1,1,1,0,0,
case_15793,CV-714029-21/KI,1,1,1,1,0,0,
case_15794,CV-714030-21/KI,1,1,1,1,0,0,
case_15795,CV-714034-21/KI,2,2,2,2,0,0,
case_15796,CV-714035-21/KI,2,2,2,2,0,0,
case_15797,CV-714036-21/KI,3,3,3,3,0,0,
case_15798,CV-714037-21/KI,1,1,1,1,0,0,
case_15799,CV-714038-21/KI,1,1,1,1,0,0,
case_15800,CV-714039-21/KI,1,1,1,1,0,0,
case_15801,CV-714040-21/KI,1,1,1,1,0,0,
case_15802,CV-714041-21/KI,1,1,1,1,0,0,
case_15803,CV-714042-21/KI,17,17,17,17,0,0,
case_15804,CV-714043-21/KI,14,14,14,14,0,0,
case_15805,CV-714044-21/KI,1,1,1,1,0,0,
case_15806,CV-714045-21/KI,1,1,1,1,0,0,
case_15807,CV-714046-21/KI,3,3,3,3,0,0,
case_15808,CV-714047-21/KI,3,3,3,3,0,0,
case_15809,CV-714048-21/KI,1,1,1,1,0,0,
case_15810,CV-714068-21/KI,1,1,1,1,0,0,
case_15811,CV-714069-21/KI,1,1,1,1,0,0,
case_15812,CV-714071-21/KI,1,1,1,1,0,0,
case_15813,CV-714072-21/KI,3,3,3,3,0,0,
case_15814,CV-714101-21/KI,3,3,3,3,0,0,
case_15815,CV-714102-21/KI,1,1,1,1,0,0,
case_15816,CV-714103-21/KI,1,1,1,1,0,0,
case_15817,CV-714105-21/KI,3,3,3,3,0,0,
case_15818,CV-714106-21/KI,1,1,1,1,0,0,
case_15819,CV-714107-21/KI,1,1,1,1,0,0,
case_15820,CV-714108-21/KI,1,1,1,1,0,0,
case_15821,CV-714162-21/KI,1,1,1,1,0,0,
case_15822,CV-714164-21/KI,3,3,3,3,0,0,
case_15823,CV-714165-21/KI,1,1,1,1,0,0,
case_15824,CV-714180-21/KI,1,1,1,1,0,0,
case_15825,CV-714181-21/KI,1,1,1,1,0,0,
case_15826,CV-714182-21/KI,1,1,1,1,0,0,
case_15827,CV-714183-21/KI,1,1,1,1,0,0,
case_15828,CV-714184-21/KI,1,1,1,1,0,0,
case_15829,CV-714185-21/KI,1,1,1,1,0,0,
case_15830,CV-714197-21/KI,1,1,1,1,0,0,
case_15831,CV-714198-21/KI,12,12,12,12,0,0,
case_15832,CV-714199-21/KI,3,3,3,3,0,0,
case_15833,CV-714200-21/KI,1,1,1,1,0,0,
case_15834,CV-714281-22/KI,2,2,2,2,0,0,
case_15835,CV-714282-22/KI,2,2,2,2,0,0,
case_15836,CV-714283-22/KI,2,2,2,2,0,0,
case_15837,CV-714284-22/KI,2,2,2,2,0,0,
case_15838,CV-714285-22/KI,2,2,2,2,0,0,
case_15839,CV-714287-22/KI,2,2,2,2,0,0,
case_15840,CV-714293-22/KI,2,2,2,2,0,0,
case_15841,CV-714295-22/KI,2,2,2,2,0,0,
case_15842,CV-714301-21/KI,1,1,1,1,0,0,
case_15843,CV-714302-21/KI,1,1,1,1,0,0,
case_15844,CV-714303-21/KI,2,2,2,2,0,0,
case_15845,CV-714304-21/KI,3,3,3,3,0,0,
case_15846,CV-714305-21/KI,1,1,1,1,0,0,
case_15847,CV-714306-21/KI,1,1,1,1,0,0,
case_15848,CV-714307-21/KI,1,1,1,1,0,0,
case_15849,CV-714308-21/KI,1,1,1,1,0,0,
case_15850,CV-714309-21/KI,1,1,1,1,0,0,
case_15851,CV-714310-21/KI,1,1,1,1,0,0,
case_15852,CV-714311-21/KI,1,1,1,1,0,0,
case_15853,CV-714312-21/KI,1,1,1,1,0,0,
case_15854,CV-714313-21/KI,1,1,1,1,0,0,
case_15855,CV-714314-21/KI,1,1,1,1,0,0,
case_15856,CV-714315-21/KI,28,28,28,28,0,0,
case_15857,CV-714316-21/KI,1,1,1,1,0,0,
case_15858,CV-714317-21/KI,1,1,1,1,0,0,
case_15859,CV-714318-21/KI,1,1,1,1,0,0,
case_15860,CV-714319-21/KI,1,1,1,1,0,0,
case_15861,CV-714320-21/KI,1,1,1,1,0,0,
case_15862,CV-714321-21/KI,1,1,1,1,0,0,
case_15863,CV-714342-21/KI,1,1,1,1,0,0,
case_15864,CV-714343-21/KI,1,1,1,1,0,0,
case_15865,CV-714346-21/KI,1,1,1,1,0,0,
case_15866,CV-714347-21/KI,1,1,1,1,0,0,
case_15867,CV-714348-21/KI,1,1,1,1,0,0,
case_15868,CV-714349-21/KI,1,1,1,1,0,0,
case_15869,CV-714351-21/KI,3,3,3,3,0,0,
case_15870,CV-714632-21/KI,1,1,1,1,0,0,
case_15871,CV-714633-21/KI,1,1,1,1,0,0,
case_15872,CV-714634-21/KI,1,1,1,1,0,0,
case_15873,CV-714635-21/KI,1,1,1,1,0,0,
case_15874,CV-714636-21/KI,3,3,3,3,0,0,
case_15875,CV-714637-21/KI,3,3,3,3,0,0,
case_15876,CV-714638-21/KI,1,1,1,1,0,0,
case_15877,CV-714639-21/KI,3,3,3,3,0,0,
case_15878,CV-714640-21/KI,1,1,1,1,0,0,
case_15879,CV-714641-21/KI,1,1,1,1,0,0,
case_15880,CV-714642-21/KI,1,1,1,1,0,0,
case_15881,CV-714643-21/KI,1,1,1,1,0,0,
case_15882,CV-714644-21/KI,1,1,1,1,0,0,
case_15883,CV-714645-21/KI,1,1,1,1,0,0,
case_15884,CV-714646-21/KI,3,3,3,3,0,0,
case_15885,CV-714647-21/KI,1,1,1,1,0,0,
case_15886,CV-714648-21/KI,1,1,1,1,0,0,
case_15887,CV-714649-21/KI,1,1,1,1,0,0,
case_15888,CV-714650-21/KI,1,1,1,1,0,0,
case_15889,CV-714651-21/KI,1,1,1,1,0,0,
case_15890,CV-714652-21/KI,1,1,1,1,0,0,
case_15891,CV-714653-21/KI,1,1,1,1,0,0,
case_15892,CV-714654-21/KI,1,1,1,1,0,0,
case_15893,CV-714655-21/KI,18,18,18,18,0,0,
case_15894,CV-714656-21/KI,1,1,1,1,0,0,
case_15895,CV-714657-21/KI,23,23,23,23,0,0,
case_15896,CV-714658-21/KI,1,1,1,1,0,0,
case_15897,CV-714659-21/KI,1,1,1,1,0,0,
case_15898,CV-714660-21/KI,1,1,1,1,0,0,
case_15899,CV-714661-21/KI,1,1,1,1,0,0,
case_15900,CV-714676-21/KI,1,1,1,1,0,0,
case_15901,CV-714677-21/KI,1,1,1,1,0,0,
case_15902,CV-714678-21/KI,1,1,1,1,0,0,
case_15903,CV-714679-21/KI,3,3,3,3,0,0,
case_15904,CV-714680-21/KI,1,1,1,1,0,0,
case_15905,CV-714685-21/KI,3,3,3,3,0,0,
case_15906,CV-714686-21/KI,3,3,3,3,0,0,
case_15907,CV-714687-21/KI,17,17,17,17,0,0,
case_15908,CV-714688-21/KI,1,1,1,1,0,0,
case_15909,CV-714689-21/KI,2,2,2,2,0,0,
case_15910,CV-714690-21/KI,2,2,2,2,0,0,
case_15911,CV-714691-21/KI,1,1,1,1,0,0,
case_15912,CV-714692-21/KI,1,1,1,1,0,0,
case_15913,CV-714693-21/KI,1,1,1,1,0,0,
case_15914,CV-714694-21/KI,1,1,1,1,0,0,
case_15915,CV-714695-21/KI,1,1,1,1,0,0,
case_15916,CV-714696-21/KI,1,1,1,1,0,0,
case_15917,CV-714697-21/KI,1,1,1,1,0,0,
case_15918,CV-714698-21/KI,3,3,3,3,0,0,
case_15919,CV-715572-21/KI,1,1,1,1,0,0,
case_15920,CV-715573-21/KI,1,1,1,1,0,0,
case_15921,CV-715574-21/KI,1,1,1,1,0,0,
case_15922,CV-715575-21/KI,3,3,3,3,0,0,
case_15923,CV-715576-21/KI,1,1,1,1,0,0,
case_15924,CV-715577-21/KI,4,4,4,4,0,0,
case_15925,CV-715578-21/KI,1,1,1,1,0,0,
case_15926,CV-715579-21/KI,1,1,1,1,0,0,
case_15927,CV-715586-21/KI,3,3,3,3,0,0,
case_15928,CV-715587-21/KI,3,3,3,3,0,0,
case_15929,CV-715588-21/KI,1,1,1,1,0,0,
case_15930,CV-715589-21/KI,3,3,3,3,1,1,
case_15931,CV-715590-21/KI,1,1,1,1,0,0,
case_15932,CV-715591-21/KI,3,3,3,3,0,0,
case_15933,CV-715592-21/KI,3,3,3,3,0,0,
case_15937,CV-715596-21/KI,3,3,3,3,2,2,
case_15938,CV-715597-21/KI,1,1,1,1,0,0,
case_15939,CV-715598-21/KI,3,3,3,3,2,2,
case_15942,CV-715601-21/KI,1,1,1,1,0,0,
case_15946,CV-715605-21/KI,8,8,8,8,5,5,
case_15948,CV-715607-21/KI,3,3,3,3,2,2,
case_15955,CV-715614-21/KI,1,1,1,1,0,0,
case_15957,CV-715616-21/KI,1,1,1,1,0,0,
case_15958,CV-715617-21/KI,1,1,1,1,0,0,
case_15959,CV-715618-21/KI,1,1,1,1,0,0,
case_15960,CV-715619-21/KI,1,1,1,1,0,0,
case_15961,CV-715620-21/KI,1,1,1,1,0,0,
case_15962,CV-715853-21/KI,1,1,1,1,0,0,
case_15963,CV-715854-21/KI,1,1,1,1,0,0,
case_15964,CV-715855-21/KI,1,1,1,1,0,0,
case_15965,CV-715856-21/KI,1,1,1,1,0,0,
case_15966,CV-715857-21/KI,1,1,1,1,0,0,
case_15967,CV-715858-21/KI,1,1,1,1,0,0,
case_15968,CV-715859-21/KI,1,1,1,1,0,0,
case_15969,CV-715860-21/KI,1,1,1,1,0,0,
case_15970,CV-715861-21/KI,1,1,1,1,0,0,
case_15971,CV-715862-21/KI,1,1,1,1,0,0,
case_15972,CV-716785-21/KI,1,1,1,1,0,0,
case_15973,CV-716943-21/KI,19,19,19,19,0,0,
case_15974,CV-717481-22/KI,18,18,18,18,0,0,
case_15975,CV-717506-22/KI,25,25,25,25,0,0,
case_15976,CV-717507-22/KI,24,24,24,24,0,0,
case_15977,CV-718457-22/KI,2,2,2,2,0,0,
case_15978,CV-718960-21/KI,3,3,3,3,0,0,
case_15979,CV-719997-22/KI,4,4,4,4,0,0,
case_15980,CV-719998-22/KI,6,6,6,6,0,0,
case_15981,CV-720116-21/KI,6,6,6,6,0,0,
case_15982,CV-720269-21/KI,10,10,10,10,0,0,
case_15983,CV-720320-21/KI,3,3,3,3,0,0,
case_15984,CV-720329-21/KI,53,53,53,53,0,0,
case_15985,CV-720671-22/KI,22,22,22,22,17,17,
case_15994,CV-720838-21/KI,1,1,1,1,0,0,
case_16000,CV-720931-21/KI,1,1,1,1,0,0,
case_16001,CV-720932-21/KI,2,2,2,2,1,1,
case_16002,CV-720933-21/KI,2,2,2,2,0,0,
case_16003,CV-720934-21/KI,1,1,1,1,0,0,
case_16004,CV-720935-21/KI,1,1,1,1,0,0,
case_16005,CV-720936-21/KI,26,26,26,26,0,0,
case_16006,CV-720937-21/KI,1,1,1,1,0,0,
case_16007,CV-720938-21/KI,1,1,1,1,0,0,
case_16008,CV-720939-21/KI,10,10,10,10,0,0,
case_16009,CV-720940-21/KI,1,1,1,1,0,0,
case_16010,CV-720941-21/KI,1,1,1,1,0,0,
case_16011,CV-720942-21/KI,1,1,1,1,0,0,
case_16012,CV-720943-21/KI,4,4,4,4,0,0,
case_16013,CV-720944-21/KI,3,3,3,3,0,0,
case_16014,CV-720945-21/KI,3,3,3,3,0,0,
case_16015,CV-720946-21/KI,3,3,3,3,0,0,
case_16016,CV-720947-21/KI,1,1,1,1,0,0,
case_16018,CV-720949-21/KI,1,1,1,1,0,0,
case_16019,CV-720950-21/KI,1,1,1,1,0,0,
case_16020,CV-720951-21/KI,1,1,1,1,0,0,
case_16021,CV-720952-21/KI,32,32,32,32,6,6,
case_16022,CV-720953-21/KI,28,28,28,28,19,19,
case_16023,CV-720954-21/KI,1,1,1,1,0,0,
case_16024,CV-720955-21/KI,2,2,2,2,0,0,
case_16025,CV-720956-21/KI,13,13,13,13,0,0,
case_16026,CV-720957-21/KI,1,1,1,1,0,0,
case_16027,CV-720958-21/KI,2,2,2,2,0,0,
case_16028,CV-720959-21/KI,4,4,4,4,0,0,
case_16029,CV-720961-21/KI,3,3,3,3,0,0,
case_16030,CV-720962-21/KI,3,3,3,3,0,0,
case_16031,CV-720963-21/KI,3,3,3,3,0,0,
case_16032,CV-720964-21/KI,1,1,1,1,0,0,
case_16033,CV-720965-21/KI,1,1,1,1,0,0,
case_16034,CV-720966-21/KI,1,1,1,1,0,0,
case_16035,CV-720967-21/KI,1,1,1,1,0,0,
case_16036,CV-720968-21/KI,18,18,18,18,0,0,
case_16037,CV-720969-21/KI,20,20,20,20,0,0,
case_16038,CV-720970-21/KI,2,2,2,2,1,1,
case_16039,CV-720971-21/KI,1,1,1,1,0,0,
case_16040,CV-720972-21/KI,1,1,1,1,0,0,
case_16041,CV-720973-21/KI,1,1,1,1,0,0,
case_16042,CV-720974-21/KI,1,1,1,1,0,0,
case_16043,CV-720975-21/KI,1,1,1,1,0,0,
case_16044,CV-720976-21/KI,1,1,1,1,0,0,
case_16045,CV-720978-21/KI,3,3,3,3,0,0,
case_16046,CV-720979-21/KI,3,3,3,3,1,1,
case_16049,CV-720982-21/KI,1,1,1,1,0,0,
case_16075,CV-721010-21/KI,4,4,4,4,0,0,
case_16076,CV-721011-21/KI,1,1,1,1,0,0,
case_16077,CV-721012-21/KI,1,1,1,1,0,0,
case_16078,CV-721013-21/KI,19,19,19,19,0,0,
case_16079,CV-721014-21/KI,12,12,12,12,1,1,
case_16080,CV-721015-21/KI,2,2,2,2,0,0,
case_16081,CV-721016-21/KI,3,3,3,3,0,0,
case_16082,CV-721017-21/KI,1,1,1,1,0,0,
case_16083,CV-721018-21/KI,3,3,3,3,2,2,
case_16084,CV-721019-21/KI,3,3,3,3,1,1,
case_16085,CV-721020-21/KI,3,3,3,3,0,0,
case_16086,CV-721021-21/KI,3,3,3,3,0,0,
case_16087,CV-721022-21/KI,3,3,3,3,0,0,
case_16088,CV-721023-21/KI,1,1,1,1,0,0,
case_16089,CV-721024-21/KI,3,3,3,3,0,0,
case_16090,CV-721025-21/KI,3,3,3,3,0,0,
case_16091,CV-721026-21/KI,3,3,3,3,0,0,
case_16092,CV-721027-21/KI,3,3,3,3,0,0,
case_16093,CV-721028-21/KI,3,3,3,3,0,0,
case_16094,CV-721063-21/KI,1,1,1,1,0,0,
case_16095,CV-721064-21/KI,1,1,1,1,0,0,
case_16096,CV-721065-21/KI,1,1,1,1,0,0,
case_16097,CV-721066-21/KI,1,1,1,1,0,0,
case_16098,CV-721067-21/KI,3,3,3,3,0,0,
case_16099,CV-721068-21/KI,1,1,1,1,0,0,
case_16100,CV-721069-21/KI,1,1,1,1,0,0,
case_16102,CV-721072-21/KI,1,1,1,1,0,0,
case_16103,CV-721073-21/KI,4,4,4,4,2,2,
case_16104,CV-721074-21/KI,3,3,3,3,2,2,
case_16114,CV-721084-21/KI,9,9,9,9,8,8,
case_16117,CV-721088-21/KI,20,20,20,20,12,12,
case_16118,CV-721089-21/KI,1,1,1,1,0,0,
case_16119,CV-721090-21/KI,3,3,3,3,0,0,
case_16120,CV-721091-21/KI,2,2,2,2,0,0,
case_16121,CV-721092-21/KI,1,1,1,1,0,0,
case_16122,CV-721093-21/KI,2,2,2,2,0,0,
case_16123,CV-721094-21/KI,2,2,2,2,0,0,
case_16124,CV-721095-21/KI,3,3,3,3,0,0,
case_16125,CV-721096-21/KI,1,1,1,1,0,0,
case_16126,CV-721097-21/KI,1,1,1,1,0,0,
case_16127,CV-721098-21/KI,1,1,1,1,0,0,
case_16128,CV-721099-21/KI,1,1,1,1,0,0,
case_16129,CV-721100-21/KI,1,1,1,1,0,0,
case_16130,CV-721101-21/KI,1,1,1,1,0,0,
case_16131,CV-721102-21/KI,1,1,1,1,0,0,
case_16132,CV-721103-21/KI,1,1,1,1,0,0,
case_16133,CV-721104-21/KI,1,1,1,1,0,0,
case_16134,CV-721105-21/KI,3,3,3,3,0,0,
case_16135,CV-721106-21/KI,3,3,3,3,0,0,
case_16136,CV-721107-21/KI,3,3,3,3,0,0,
case_16137,CV-721108-21/KI,3,3,3,3,0,0,
case_16138,CV-721109-21/KI,3,3,3,3,0,0,
case_16139,CV-721110-21/KI,3,3,3,3,0,0,
case_16140,CV-721111-21/KI,3,3,3,3,0,0,
case_16141,CV-721112-21/KI,3,3,3,3,0,0,
case_16142,CV-721113-21/KI,1,1,1,1,0,0,
case_16143,CV-721114-21/KI,3,3,3,3,0,0,
case_16144,CV-721115-21/KI,1,1,1,1,0,0,
case_16145,CV-721116-21/KI,1,1,1,1,0,0,
case_16146,CV-721117-21/KI,1,1,1,1,0,0,
case_16147,CV-721118-21/KI,1,1,1,1,0,0,
case_16148,CV-721119-21/KI,1,1,1,1,0,0,
case_16149,CV-721120-21/KI,19,19,19,19,0,0,
case_16150,CV-721121-21/KI,24,24,24,24,0,0,
case_16151,CV-721122-21/KI,3,3,3,3,0,0,
case_16152,CV-721123-21/KI,1,1,1,1,0,0,
case_16153,CV-721124-21/KI,2,2,2,2,0,0,
case_16154,CV-721125-21/KI,1,1,1,1,0,0,
case_16155,CV-721126-21/KI,3,3,3,3,0,0,
case_16156,CV-721127-21/KI,1,1,1,1,0,0,
case_16157,CV-721128-21/KI,1,1,1,1,0,0,
case_16158,CV-721301-21/KI,6,6,6,6,0,0,
case_16159,CV-721308-21/KI,3,3,3,3,0,0,
case_16160,CV-721311-21/KI,14,14,14,14,0,0,
case_16161,CV-721320-21/KI,33,33,33,33,0,0,
case_16162,CV-721321-21/KI,18,18,18,18,0,0,
case_16163,CV-721322-21/KI,30,30,30,30,0,0,
case_16164,CV-721329-21/KI,9,9,9,9,0,0,
case_16165,CV-721330-21/KI,7,7,7,7,0,0,
case_16166,CV-721348-21/KI,2,2,2,2,0,0,
case_16167,CV-721363-21/KI,2,2,2,2,0,0,
case_16168,CV-721378-21/KI,1,1,1,1,0,0,
case_16169,CV-721379-21/KI,1,1,1,1,0,0,
case_16170,CV-721380-21/KI,1,1,1,1,0,0,
case_16171,CV-721384-21/KI,5,5,5,5,0,0,
case_16172,CV-721388-21/KI,60,60,60,60,0,0,
case_16173,CV-721389-21/KI,40,40,40,40,0,0,
case_16174,CV-721390-21/KI,77,77,77,77,0,0,
case_16175,CV-721430-21/KI,27,27,27,27,0,0,
case_16176,CV-721431-21/KI,18,18,18,18,0,0,
case_16180,CV-721473-21/KI,11,11,11,11,10,10,
case_16181,CV-721474-21/KI,8,8,8,8,0,0,
case_16182,CV-721476-21/KI,26,26,26,26,2,2,
case_16183,CV-721477-21/KI,18,18,18,18,0,0,
case_16184,CV-721478-21/KI,9,9,9,9,0,0,
case_16185,CV-721479-21/KI,9,9,9,9,0,0,
case_16186,CV-721480-21/KI,23,23,23,23,0,0,
case_16187,CV-721481-21/KI,20,20,20,20,0,0,
case_16188,CV-721502-21/KI,10,10,10,10,0,0,
case_16189,CV-721503-21/KI,9,9,9,9,0,0,
case_16190,CV-721504-21/KI,11,11,11,11,0,0,
case_16191,CV-721505-21/KI,17,17,17,17,0,0,
case_16192,CV-721506-21/KI,10,10,10,10,0,0,
case_16193,CV-721507-21/KI,11,11,11,11,0,0,
case_16194,CV-721508-21/KI,22,22,22,22,0,0,
case_16195,CV-721509-21/KI,22,22,22,22,0,0,
case_16196,CV-721527-21/KI,32,32,32,32,0,0,
case_16197,CV-721528-21/KI,22,22,22,22,0,0,
case_16198,CV-721529-21/KI,35,35,35,35,0,0,
case_16199,CV-721549-21/KI,2,2,2,2,0,0,
case_16200,CV-721550-21/KI,2,2,2,2,0,0,
case_16201,CV-721551-21/KI,2,2,2,2,0,0,
case_16202,CV-721561-21/KI,6,6,6,6,0,0,
case_16203,CV-721573-21/KI,11,11,11,11,0,0,
case_16204,CV-722984-21/KI,1,1,1,1,0,0,
case_16205,CV-722992-21/KI,1,1,1,1,0,0,
case_16206,CV-723007-21/KI,3,3,3,3,0,0,
case_16207,CV-723012-21/KI,3,3,3,3,0,0,
case_16208,CV-723013-21/KI,3,3,3,3,0,0,
case_16209,CV-723016-21/KI,3,3,3,3,0,0,
case_16210,CV-723017-21/KI,6,6,6,6,0,0,
case_16211,CV-723024-21/KI,3,3,3,3,0,0,
case_16212,CV-723025-21/KI,3,3,3,3,0,0,
case_16213,CV-723028-21/KI,3,3,3,3,0,0,
case_16214,CV-723052-21/KI,16,16,16,16,0,0,
case_16215,CV-723089-21/KI,3,3,3,3,0,0,
case_16216,CV-723145-21/KI,1,1,1,1,0,0,
case_16217,CV-723146-21/KI,1,1,1,1,0,0,
case_16218,CV-723157-21/KI,2,2,2,2,0,0,
case_16219,CV-723174-21/KI,5,5,5,5,0,0,
case_16220,CV-723175-21/KI,2,2,2,2,0,0,
case_16221,CV-723176-21/KI,2,2,2,2,0,0,
case_16222,CV-723180-21/KI,21,21,21,21,0,0,
case_16223,CV-723196-21/KI,9,9,9,9,0,0,
case_16224,CV-723199-21/KI,25,25,25,25,0,0,
case_16225,CV-723200-21/KI,21,21,21,21,19,19,
case_16227,CV-723203-21/KI,11,11,11,11,4,4,
case_16228,CV-723207-21/KI,21,21,21,21,0,0,
case_16229,CV-723208-21/KI,21,21,21,21,0,0,
case_16230,CV-723209-21/KI,8,8,8,8,0,0,
case_16231,CV-723210-21/KI,8,8,8,8,0,0,
case_16232,CV-723238-21/KI,2,2,2,2,0,0,
case_16233,CV-723240-21/KI,2,2,2,2,0,0,
case_16234,CV-723241-21/KI,2,2,2,2,0,0,
case_16235,CV-723242-21/KI,2,2,2,2,0,0,
case_16236,CV-723247-21/KI,18,18,18,18,0,0,
case_16237,CV-723792-22/KI,5,5,5,5,0,0,
case_16238,CV-723901-22/KI,5,5,5,5,0,0,
case_16239,CV-723904-22/KI,10,10,10,10,0,0,
case_16240,CV-723905-22/KI,3,3,3,3,0,0,
case_16241,CV-723906-22/KI,8,8,8,8,0,0,
case_16242,CV-723907-22/KI,11,11,11,11,0,0,
case_16243,CV-723908-22/KI,11,11,11,11,0,0,
case_16244,CV-723909-22/KI,5,5,5,5,0,0,
case_16245,CV-723910-22/KI,5,5,5,5,0,0,
case_16246,CV-723916-22/KI,12,12,12,12,0,0,
case_16247,CV-723919-22/KI,5,5,5,5,0,0,
case_16248,CV-723920-22/KI,9,9,9,9,0,0,
case_16249,CV-723921-22/KI,5,5,5,5,0,0,
case_16250,CV-723922-22/KI,5,5,5,5,0,0,
case_16251,CV-723923-22/KI,8,8,8,8,0,0,
case_16252,CV-723924-22/KI,19,19,19,19,0,0,
case_16253,CV-723925-22/KI,4,4,4,4,0,0,
case_16254,CV-723926-22/KI,4,4,4,4,0,0,
case_16255,CV-723927-22/KI,5,5,5,5,0,0,
case_16256,CV-724015-22/KI,12,12,12,12,0,0,
case_16257,CV-724016-22/KI,11,11,11,11,0,0,
case_16258,CV-724017-22/KI,7,7,7,7,0,0,
case_16259,CV-724018-22/KI,13,13,13,13,0,0,
case_16260,CV-724019-22/KI,11,11,11,11,0,0,
case_16261,CV-724020-22/KI,5,5,5,5,0,0,
case_16262,CV-724022-22/KI,5,5,5,5,0,0,
case_16263,CV-724361-21/KI,7,7,7,7,0,0,
case_16264,CV-724429-21/KI,1,1,1,1,0,0,
case_16265,CV-724509-21/KI,1,1,1,1,0,0,
case_16266,CV-725419-21/KI,7,7,7,7,0,0,
case_16267,CV-725420-21/KI,7,7,7,7,0,0,
case_16268,CV-725421-21/KI,9,9,9,9,0,0,
case_16269,CV-725474-21/KI,1,1,1,1,0,0,
case_16272,CV-725481-21/KI,18,18,18,18,15,15,
case_16273,CV-725617-21/KI,11,11,11,11,8,8,
case_16274,CV-725618-21/KI,11,11,11,11,1,1,
case_16275,CV-725651-21/KI,1,1,1,1,0,0,
case_16276,CV-725683-21/KI,41,41,41,41,0,0,
case_16277,CV-725684-21/KI,41,41,41,41,0,0,
case_16278,CV-725685-21/KI,40,40,40,40,0,0,
case_16279,CV-727466-21/KI,10,10,10,10,0,0,
case_16280,CV-727467-21/KI,10,10,10,10,0,0,
case_16281,CV-727474-21/KI,4,4,4,4,0,0,
case_16282,CV-727699-21/KI,3,3,3,3,0,0,
case_16283,CV-727701-21/KI,56,56,56,56,0,0,
case_16284,CV-727703-21/KI,2,2,2,2,0,0,
case_16285,CV-727704-21/KI,2,2,2,2,0,0,
case_16286,CV-728780-25/KI,3,3,3,3,0,0,
case_16287,CV-729235-21/KI,1,1,1,1,0,0,
case_16288,CV-729236-21/KI,1,1,1,1,0,0,
case_16289,CV-729250-21/KI,1,1,1,1,0,0,
case_16290,CV-729252-21/KI,1,1,1,1,0,0,
case_16291,CV-729256-21/KI,1,1,1,1,0,0,
case_16292,CV-729258-21/KI,1,1,1,1,0,0,
case_16293,CV-729260-21/KI,1,1,1,1,0,0,
case_16294,CV-729266-21/KI,1,1,1,1,0,0,
case_16295,CV-729267-21/KI,1,1,1,1,0,0,
case_16296,CV-729475-21/KI,3,3,3,3,0,0,
case_16297,CV-729492-21/KI,1,1,1,1,0,0,
case_16298,CV-729494-21/KI,1,1,1,1,0,0,
case_16299,CV-729501-21/KI,1,1,1,1,0,0,
case_16300,CV-729502-21/KI,1,1,1,1,0,0,
case_16301,CV-729522-21/KI,1,1,1,1,0,0,
case_16302,CV-729536-21/KI,1,1,1,1,0,0,
case_16303,CV-729559-21/KI,1,1,1,1,0,0,
case_16304,CV-729560-21/KI,1,1,1,1,0,0,
case_16305,CV-729613-21/KI,18,18,18,18,0,0,
case_16306,CV-729614-21/KI,1,1,1,1,0,0,
case_16307,CV-729615-21/KI,1,1,1,1,0,0,
case_16308,CV-729617-21/KI,1,1,1,1,0,0,
case_16309,CV-729619-21/KI,1,1,1,1,0,0,
case_16310,CV-729621-21/KI,1,1,1,1,0,0,
case_16311,CV-729623-21/KI,1,1,1,1,0,0,
case_16312,CV-729625-21/KI,1,1,1,1,0,0,
case_16313,CV-729627-21/KI,7,7,7,7,0,0,
case_16314,CV-729629-21/KI,7,7,7,7,0,0,
case_16315,CV-729631-21/KI,1,1,1,1,0,0,
case_16316,CV-729633-21/KI,1,1,1,1,0,0,
case_16317,CV-729635-21/KI,1,1,1,1,0,0,
case_16318,CV-729637-21/KI,6,6,6,6,0,0,
case_16319,CV-729639-21/KI,10,10,10,10,0,0,
case_16320,CV-729641-21/KI,3,3,3,3,0,0,
case_16321,CV-729643-21/KI,2,2,2,2,0,0,
case_16322,CV-729644-21/KI,1,1,1,1,0,0,
case_16323,CV-729645-21/KI,1,1,1,1,0,0,
case_16324,CV-729646-21/KI,3,3,3,3,0,0,
case_16325,CV-729647-21/KI,1,1,1,1,0,0,
case_16326,CV-729648-21/KI,1,1,1,1,0,0,
case_16327,CV-729649-21/KI,1,1,1,1,0,0,
case_16328,CV-729650-21/KI,1,1,1,1,0,0,
case_16329,CV-729652-21/KI,1,1,1,1,0,0,
case_16330,CV-729653-21/KI,1,1,1,1,0,0,
case_16331,CV-729656-21/KI,1,1,1,1,0,0,
case_16332,CV-729767-21/KI,23,23,23,23,0,0,
case_16333,CV-730094-21/KI,1,1,1,1,0,0,
case_16334,CV-730095-21/KI,3,3,3,3,0,0,
case_16335,CV-730096-21/KI,3,3,3,3,0,0,
case_16336,CV-730097-21/KI,3,3,3,3,0,0,
case_16337,CV-730098-21/KI,3,3,3,3,0,0,
case_16338,CV-730118-21/KI,1,1,1,1,0,0,
case_16339,CV-730133-21/KI,3,3,3,3,0,0,
case_16340,CV-730135-21/KI,1,1,1,1,0,0,
case_16341,CV-730136-21/KI,1,1,1,1,0,0,
case_16342,CV-730137-21/KI,1,1,1,1,0,0,
case_16343,CV-730138-21/KI,1,1,1,1,0,0,
case_16344,CV-730139-21/KI,1,1,1,1,0,0,
case_16345,CV-730140-21/KI,1,1,1,1,0,0,
case_16346,CV-730144-21/KI,1,1,1,1,0,0,
case_16347,CV-730147-21/KI,1,1,1,1,0,0,
case_16348,CV-730148-21/KI,1,1,1,1,0,0,
case_16349,CV-730153-21/KI,1,1,1,1,0,0,
case_16350,CV-730155-21/KI,3,3,3,3,0,0,
case_16351,CV-730156-21/KI,3,3,3,3,0,0,
case_16352,CV-730161-21/KI,1,1,1,1,0,0,
case_16353,CV-730164-21/KI,3,3,3,3,0,0,
case_16354,CV-730166-21/KI,4,4,4,4,0,0,
case_16470,LT-332163-23/KI,3,3,3,3,0,0,
case_16471,LT-333840-24/KI,5,5,5,5,0,0,
case_16484,190298/2016,373,373,369,369,368,368,
case_16485,190318/2020,507,507,507,507,506,506,
case_16558,E2022006032,933,933,932,932,931,931,
case_16777,190385/2016,714,714,714,714,713,713,
case_16797,2021-02687,10,10,9,9,9,9,
case_16852,909138-21,927,927,927,927,892,892,
case_16873,E2023000702,353,353,353,353,350,350,
case_16905,LT-309203-24/BX,9,9,9,9,0,0,
case_16906,LT-311733-26/BX,6,6,6,6,1,1,
case_16907,LT-317897-23/BX,5,5,5,5,0,0,
case_16908,LT-330382-25/BX,8,8,8,8,3,3,
case_16909,LT-344629-24/BX,7,7,7,7,2,2,
case_16910,000119/2016,229,229,229,229,228,228,
case_16916,030655/2013,93,93,93,93,88,88,
case_17054,020369/2015,20,20,19,19,19,19,
case_17098,513785/2018,100,100,99,99,99,99,
case_17124,CV-736003-21/KI,3,3,3,3,2,2,
case_17125,CV-736004-21/KI,2,2,2,2,1,1,
case_17126,CV-736005-21/KI,4,4,4,4,0,0,
case_17127,CV-736006-21/KI,4,4,4,4,0,0,
case_17128,CV-743422-20/KI,1,1,1,1,0,0,
case_17129,CV-743454-20/KI,1,1,1,1,0,0,
case_17130,CV-750138-21/KI,1,1,1,1,0,0,
case_17131,CV-750139-21/KI,2,2,2,2,0,0,
case_17132,CV-751379-21/KI,8,8,8,8,0,0,
case_17133,CV-751380-21/KI,9,9,9,9,0,0,
case_17134,CV-751381-21/KI,5,5,5,5,0,0,
case_17135,CV-751382-21/KI,4,4,4,4,0,0,
case_17136,CV-751383-21/KI,9,9,9,9,5,5,
case_17137,CV-751384-21/KI,1,1,1,1,0,0,
case_17172,007107/2013,63,63,62,62,61,61,
case_17175,030958/2017,102,102,101,101,101,101,
case_17186,068445/2014,86,86,85,85,85,85,
case_17223,156496/2024,50,50,49,49,49,49,
case_17363,507655/2014,355,355,355,355,351,351,
case_17423,600174/2010,332,332,332,332,324,324,
case_17469,609768/2016,48,48,48,48,47,47,
case_17470,609907/2015,45,45,45,45,44,44,
case_17479,611884/2018,118,118,117,117,116,116,
case_17492,617589/2017,45,45,44,44,43,43,
case_17497,627916/2024,154,154,151,151,151,151,
case_17498,629080/2024,60,60,59,59,59,59,
case_17526,653273/2013,561,561,560,560,560,560,
case_17634,E142456/2010,155,155,154,154,154,154,
case_18078,190056/2022,364,364,364,364,260,260,
case_18511,516387/2016,106,106,106,106,105,105,
case_18672,CV-705370-15/BX,1,1,1,1,0,0,
case_18673,CV-707573-15/BX,1,1,1,1,0,0,
case_18674,CV-707580-15/BX,1,1,1,1,0,0,
case_18750,LT-309458-24/NY,13,13,13,13,7,7,
case_18777,CV-001998-23/HU,2,2,2,2,0,0,
case_18778,CV-702241-20/NY,1,1,1,1,0,0,
case_18779,CV-702465-20/NY,1,1,1,1,0,0,
case_18780,CV-702548-20/NY,1,1,1,1,0,0,
case_18781,CV-702549-20/NY,1,1,1,1,0,0,
case_18782,CV-702586-20/NY,1,1,1,1,0,0,
case_18783,CV-702619-20/NY,1,1,1,1,0,0,
case_18784,CV-702777-20/NY,1,1,1,1,0,0,
case_18785,CV-702778-20/NY,1,1,1,1,0,0,
case_18786,CV-702779-20/NY,1,1,1,1,0,0,
case_18787,CV-702780-20/NY,1,1,1,1,0,0,
case_18788,CV-702967-20/NY,1,1,1,1,0,0,
case_18789,CV-703654-19/NY,1,1,1,1,0,0,
case_18790,CV-703725-24/KI,8,8,8,8,3,3,
case_18791,CV-703738-24/KI,7,7,7,7,5,5,
case_18793,CV-703950-23/RI,1,1,1,1,0,0,
case_18794,CV-704446-20/NY,1,1,1,1,0,0,
case_19182,Not Assigned,2,2,2,2,1,1,
case_19184,Not Assigned,2,2,2,2,0,0,
case_19185,Not Assigned,2,2,2,2,0,0,
case_19186,Not Assigned,2,2,2,2,0,0,
case_19187,Not Assigned,2,2,2,2,0,0,
case_19188,Not Assigned,2,2,2,2,0,0,
case_19189,Not Assigned,2,2,2,2,0,0,
case_19190,Not Assigned,2,2,2,2,0,0,
case_19192,Not Assigned,2,2,2,2,0,0,
case_19193,Not Assigned,2,2,2,2,0,0,
case_19194,Not Assigned,2,2,2,2,0,0,
case_19195,Not Assigned,2,2,2,2,0,0,
case_19196,Not Assigned,2,2,2,2,0,0,
case_19197,Not Assigned,2,2,2,2,0,0,
case_19198,Not Assigned,2,2,2,2,1,1,
case_19200,Not Assigned,2,2,2,2,0,0,
case_19201,Not Assigned,2,2,2,2,1,1,
case_19202,Not Assigned,2,2,2,2,1,1,
case_19203,Not Assigned,2,2,2,2,0,0,
case_19204,Not Assigned,2,2,2,2,0,0,
case_19205,Not Assigned,2,2,2,2,0,0,
case_19206,Not Assigned,2,2,2,2,1,1,
case_19210,Not Assigned,2,2,2,2,0,0,
case_19226,Not Assigned,2,2,2,2,0,0,
case_19239,Not Assigned,2,2,2,2,1,1,
case_19240,Not Assigned,2,2,2,2,0,0,
case_19395,008342/2018,16,16,16,16,14,14,
case_19398,008860/2010,89,89,89,89,88,88,
case_19400,008927/2015,156,156,155,155,155,155,
case_19441,028197/2013,13,13,12,12,12,12,
case_19444,030002/2012,4,4,3,3,3,3,
case_19692,061510/2014,169,169,168,168,168,168,
case_19696,061838/2014,208,208,208,208,207,207,
case_19744,064794/2013,58,58,58,58,57,57,
case_19831,114929-2016,105,105,105,105,104,104,
case_19833,130115/2013,180,180,178,178,176,176,
case_19933,152328/2026,0,5,5,5,5,5,
case_20024,157450/2019,65,65,64,64,63,63,
case_20444,718545/2022,36,36,35,35,35,35,
case_20468,802389/2024E,115,115,113,113,113,113,
case_20516,814976/2022E,86,86,86,86,85,85,
case_20524,818837/2023E,63,63,63,63,62,62,
case_20548,907995-23,72,72,72,72,71,71,
case_20560,CV-765874-25/KI,2,2,2,2,0,0,
case_20596,LT-302402-26/NY,4,4,4,4,1,1,
case_20597,LT-327126-23/BX,5,5,5,5,0,0,
case_20695,EFCA2017-002388,925,925,925,925,900,900,
case_21129,EF001287-2020,5,5,4,4,4,4,
case_21146,EF004896-2023,13,13,13,13,12,12,
case_21151,EF006622-2017,144,144,144,144,142,142,
case_21592,109840/2010,0,9,9,9,9,9,
case_21909,CV-750088-21/KI,3,3,3,3,2,2,
case_21910,CV-750124-21/KI,3,3,3,3,2,2,
case_21915,LT-001001-24/KI,3,3,3,3,1,1,
case_21916,LT-301134-25/KI,7,7,7,7,0,0,
case_21917,LT-301136-25/KI,6,6,6,6,0,0,
case_21918,LT-301138-25/KI,31,31,31,31,0,0,
case_21919,LT-301139-25/KI,26,26,26,26,0,0,
case_21920,LT-301203-23/KI,8,8,8,8,0,0,
case_21921,LT-301204-23/KI,3,3,3,3,0,0,
case_21922,LT-301205-23/KI,3,3,3,3,0,0,
case_21923,LT-301206-23/KI,5,5,5,5,0,0,
case_21924,LT-301207-23/KI,3,3,3,3,0,0,
case_21925,LT-301208-23/KI,8,8,8,8,0,0,
case_21926,LT-302547-26/KI,5,5,5,5,0,0,
case_21927,LT-302549-26/KI,7,7,7,7,0,0,
case_21928,LT-302767-24/KI,5,5,5,5,0,0,
case_21929,LT-302770-24/KI,5,5,5,5,0,0,
case_21930,LT-302771-24/KI,3,3,3,3,0,0,
case_21931,LT-302773-24/KI,5,5,5,5,0,0,
case_21932,LT-302778-24/KI,3,3,3,3,0,0,
case_21933,LT-303268-26/KI,5,5,5,5,0,0,
case_21934,LT-304993-26/KI,6,6,6,6,0,0,
case_21935,LT-305364-24/KI,3,3,3,3,0,0,
case_21936,LT-305440-24/KI,5,5,5,5,0,0,
case_21937,LT-305442-24/KI,15,15,15,15,0,0,
case_21938,LT-306506-26/KI,3,3,3,3,0,0,
case_21939,LT-306599-23/KI,6,6,6,6,0,0,
case_21940,LT-306616-23/KI,3,3,3,3,0,0,
case_21941,LT-306618-23/KI,2,2,2,2,0,0,
case_21942,LT-306691-25/KI,5,5,5,5,0,0,
case_21943,LT-306751-23/KI,6,6,6,6,0,0,
case_21944,LT-307312-23/KI,5,5,5,5,0,0,
case_21945,LT-307317-23/KI,27,27,27,27,0,0,
case_21946,LT-309043-24/KI,7,7,7,7,0,0,
case_21947,LT-309044-24/KI,6,6,6,6,0,0,
case_21948,LT-309166-24/KI,5,5,5,5,0,0,
case_21949,LT-310392-23/KI,3,3,3,3,0,0,
case_21950,LT-311030-22/KI,16,16,16,16,0,0,
case_21951,LT-311531-26/KI,4,4,4,4,0,0,
case_21952,LT-311743-24/KI,6,6,6,6,0,0,
case_21953,LT-311778-25/KI,5,5,5,5,0,0,
case_21954,LT-312171-25/KI,3,3,3,3,0,0,
case_21955,LT-314366-26/KI,4,4,4,4,0,0,
case_21956,LT-314367-26/KI,4,4,4,4,0,0,
case_21957,LT-315454-25/KI,14,14,14,14,0,0,
case_21958,LT-315455-25/KI,12,12,12,12,11,11,
case_21961,LT-315458-25/KI,3,3,3,3,2,2,
case_21962,LT-316103-25/KI,23,23,23,23,4,4,
case_21963,LT-317827-25/KI,15,15,15,15,7,7,
case_21964,LT-318281-23/KI,16,16,16,16,3,3,
case_21965,LT-318282-23/KI,6,6,6,6,0,0,
case_21966,LT-318439-26/KI,4,4,4,4,0,0,
case_21967,LT-318444-26/KI,3,3,3,3,0,0,
case_21968,LT-318445-26/KI,4,4,4,4,0,0,
case_21969,LT-318592-26/KI,4,4,4,4,0,0,
case_21970,LT-319969-24/KI,58,58,58,58,0,0,
case_21971,LT-319972-24/KI,3,3,3,3,0,0,
case_21972,LT-319973-24/KI,5,5,5,5,0,0,
case_21973,LT-319979-24/KI,15,15,15,15,0,0,
case_21974,LT-320286-26/KI,4,4,4,4,0,0,
case_21975,LT-320287-26/KI,4,4,4,4,0,0,
case_21976,LT-320398-26/KI,5,5,5,5,0,0,
case_21977,LT-320401-26/KI,4,4,4,4,0,0,
case_21978,LT-320410-26/KI,4,4,4,4,0,0,
case_21979,LT-320442-26/KI,4,4,4,4,0,0,
case_21980,LT-320443-26/KI,4,4,4,4,0,0,
case_21981,LT-320647-25/KI,14,14,14,14,0,0,
case_21982,LT-321148-25/KI,3,3,3,3,0,0,
case_21983,LT-321288-24/KI,7,7,7,7,0,0,
case_21984,LT-321445-26/KI,10,10,10,10,0,0,
case_21985,LT-321839-23/KI,29,29,29,29,0,0,
case_21986,LT-321841-23/KI,15,15,15,15,0,0,
case_21987,LT-321844-23/KI,7,7,7,7,0,0,
case_21988,LT-322314-24/KI,5,5,5,5,0,0,
case_21989,LT-322316-24/KI,5,5,5,5,0,0,
case_21990,LT-323231-25/KI,3,3,3,3,0,0,
case_21991,LT-323232-25/KI,8,8,8,8,0,0,
case_21992,LT-323233-25/KI,26,26,26,26,0,0,
case_21993,LT-323234-25/KI,10,10,10,10,0,0,
case_21994,LT-323569-25/KI,5,5,5,5,0,0,
case_21995,LT-324050-25/KI,10,10,10,10,0,0,
case_21996,LT-324225-23/KI,6,6,6,6,0,0,
case_21997,LT-324236-23/KI,10,10,10,10,0,0,
case_21998,LT-324237-23/KI,11,11,11,11,0,0,
case_21999,LT-325162-23/KI,6,6,6,6,0,0,
case_22000,LT-325440-24/KI,5,5,5,5,0,0,
case_22001,LT-325441-24/KI,5,5,5,5,0,0,
case_22002,LT-325515-24/KI,5,5,5,5,0,0,
case_22003,LT-326497-25/KI,5,5,5,5,0,0,
case_22004,LT-327933-23/KI,3,3,3,3,0,0,
case_22005,LT-327934-23/KI,43,43,43,43,0,0,
case_22006,LT-327977-23/KI,9,9,9,9,0,0,
case_22007,LT-329115-22/KI,7,7,7,7,0,0,
case_22008,LT-330561-24/KI,19,19,19,19,0,0,
case_22009,LT-330573-24/KI,13,13,13,13,10,10,
case_22011,LT-330584-24/KI,23,23,23,23,18,18,
case_22012,LT-330591-24/KI,21,21,21,21,0,0,
case_22013,LT-330604-24/KI,22,22,22,22,20,20,
case_22016,LT-330727-23/KI,5,5,5,5,4,4,
case_22018,LT-331065-25/KI,7,7,7,7,1,1,
case_22019,LT-331066-25/KI,5,5,5,5,1,1,
case_22020,LT-331564-25/KI,5,5,5,5,0,0,
case_22021,LT-331565-25/KI,5,5,5,5,0,0,
case_22022,LT-331575-25/KI,16,16,16,16,0,0,
case_22023,LT-331576-25/KI,9,9,9,9,0,0,
case_22024,LT-331577-25/KI,6,6,6,6,0,0,
case_22025,LT-333583-24/KI,6,6,6,6,0,0,
case_22026,LT-333590-24/KI,5,5,5,5,0,0,
case_22027,LT-334037-25/KI,7,7,7,7,0,0,
case_22028,LT-334075-25/KI,7,7,7,7,0,0,
case_22029,LT-334084-25/KI,7,7,7,7,2,2,
case_22211,503026/2018,50,50,50,50,49,49,
case_22214,600335/2010,13,13,12,12,9,9,
case_22216,604196/2023,6,6,6,6,5,5,
case_22220,617024/2022,32,32,32,32,31,31,
case_22227,765000/2006,126,126,124,124,123,123,
case_22291,538082/2022,102,102,102,102,101,101,
case_22298,620434/2023,60,60,59,59,59,59,
case_22307,725686/2024,65,65,65,65,63,63,
case_22308,800457/2023E,45,45,44,44,43,43,
case_22319,Not Assigned,3,3,3,3,0,0,
case_22320,Not Assigned,2,2,2,2,1,1,
case_22330,524993/2022,127,127,125,125,125,125,
case_22338,LT-300744-25/QU,1,1,1,1,0,0,
case_22339,LT-309045-25/QU,5,5,5,5,0,0,
case_22340,LT-313903-25/KI,3,3,3,3,0,0,
case_22386,159402/2024,72,72,72,72,67,67,
case_22387,159954/2024,77,77,77,77,76,76,
case_22389,518790/2025,34,34,33,33,32,32,
case_22391,600080/2024,68,68,68,68,67,67,
case_22392,605155/2024,111,111,108,108,108,108,
case_22417,CV-702817-26/RI,5,5,5,5,4,4,
case_22418,CV-705459-26/KI,4,4,4,4,2,2,
case_22419,CV-705460-26/KI,24,24,24,24,12,12,
case_22420,CV-708241-26/KI,10,10,10,10,8,8,
case_22421,CV-708431-26/KI,4,4,4,4,1,1,
case_22422,CV-708434-26/KI,8,8,8,8,7,7,
case_22423,CV-708440-26/KI,7,7,7,7,4,4,
case_22424,CV-708442-26/KI,8,8,8,8,3,3,
case_22425,CV-708459-26/KI,7,7,7,7,0,0,
case_22426,CV-709912-24/KI,6,6,6,6,0,0,
case_22427,CV-710013-24/KI,7,7,7,7,0,0,
case_22428,CV-710014-24/KI,5,5,5,5,0,0,
case_22429,CV-710016-24/KI,8,8,8,8,5,5,
case_22430,CV-710017-24/KI,6,6,6,6,3,3,
case_22431,CV-710018-24/KI,6,6,6,6,1,1,
case_22435,CV-710022-24/KI,4,4,4,4,2,2,
case_22438,CV-710026-24/KI,7,7,7,7,4,4,
case_22439,CV-710027-24/KI,28,28,28,28,13,13,
case_22440,CV-710028-24/KI,9,9,9,9,2,2,
case_22441,CV-710029-24/KI,7,7,7,7,0,0,
case_22442,CV-710030-24/KI,8,8,8,8,0,0,
case_22443,CV-710031-24/KI,6,6,6,6,0,0,
case_22444,CV-710032-24/KI,6,6,6,6,0,0,
case_22445,CV-710036-24/KI,6,6,6,6,0,0,
case_22446,CV-710447-25/KI,29,29,29,29,0,0,
case_22447,CV-712887-26/RI,3,3,3,3,0,0,
case_22448,CV-713085-26/RI,6,6,6,6,0,0,
case_22449,CV-713913-24/KI,6,6,6,6,0,0,
case_22450,CV-713917-24/KI,2,2,2,2,0,0,
case_22451,CV-714329-24/KI,5,5,5,5,0,0,
case_22452,CV-714330-24/KI,8,8,8,8,0,0,
case_22453,CV-714331-24/KI,6,6,6,6,0,0,
case_22454,CV-714531-26/KI,4,4,4,4,0,0,
case_22455,CV-714646-26/KI,5,5,5,5,0,0,
case_22456,CV-714694-26/KI,4,4,4,4,0,0,
case_22457,CV-715771-25/KI,9,9,9,9,0,0,
case_22458,CV-716325-26/KI,8,8,8,8,0,0,
case_22459,CV-716328-26/KI,4,4,4,4,0,0,
case_22460,CV-716339-26/KI,4,4,4,4,0,0,
case_22462,CV-716416-26/KI,7,7,7,7,0,0,
case_22463,CV-716641-25/KI,7,7,7,7,0,0,
case_22464,CV-716642-25/KI,7,7,7,7,0,0,
case_22465,CV-716645-25/KI,8,8,8,8,0,0,
case_22466,CV-716646-25/KI,9,9,9,9,0,0,
case_22467,CV-716647-25/KI,9,9,9,9,0,0,
case_22468,CV-716648-25/KI,9,9,9,9,0,0,
case_22469,CV-716662-25/KI,20,20,20,20,0,0,
case_22470,CV-716663-25/KI,6,6,6,6,0,0,
case_22471,CV-716698-25/KI,10,10,10,10,0,0,
case_22472,CV-717712-26/RI,5,5,5,5,0,0,
case_22473,CV-717804-26/RI,8,8,8,8,0,0,
case_22474,CV-719082-26/KI,7,7,7,7,0,0,
case_22475,CV-719083-26/KI,4,4,4,4,0,0,
case_22476,CV-719108-26/KI,6,6,6,6,0,0,
case_22477,CV-719259-26/KI,4,4,4,4,0,0,
case_22478,CV-719263-26/KI,4,4,4,4,0,0,
case_22479,CV-720381-25/KI,7,7,7,7,0,0,
case_22480,CV-720382-25/KI,7,7,7,7,0,0,
case_22481,CV-720392-25/KI,22,22,22,22,0,0,
case_22482,CV-720403-25/KI,27,27,27,27,0,0,
case_22483,CV-720406-25/KI,7,7,7,7,0,0,
case_22484,CV-720407-25/KI,8,8,8,8,0,0,
case_22485,CV-720641-25/KI,9,9,9,9,0,0,
case_22486,CV-720642-25/KI,9,9,9,9,0,0,
case_22487,CV-720644-25/KI,7,7,7,7,0,0,
case_22488,CV-720646-25/KI,9,9,9,9,0,0,
case_22489,CV-720651-25/KI,7,7,7,7,0,0,
case_22490,CV-720661-25/KI,7,7,7,7,0,0,
case_22491,CV-720663-25/KI,7,7,7,7,0,0,
case_22492,CV-720695-25/KI,9,9,9,9,0,0,
case_22493,CV-720707-25/KI,8,8,8,8,0,0,
case_22494,CV-720718-25/KI,20,20,20,20,0,0,
case_22495,CV-720735-25/KI,5,5,5,5,0,0,
case_22496,CV-720761-25/KI,5,5,5,5,0,0,
case_22497,CV-720778-25/KI,3,3,3,3,0,0,
case_22498,CV-720779-25/KI,4,4,4,4,0,0,
case_22499,CV-720781-25/KI,5,5,5,5,0,0,
case_22500,CV-720782-25/KI,6,6,6,6,0,0,
case_22501,CV-720811-25/KI,5,5,5,5,0,0,
case_22502,CV-720817-25/KI,5,5,5,5,0,0,
case_22503,CV-724348-26/RI,6,6,6,6,0,0,
case_22504,CV-724945-24/KI,7,7,7,7,0,0,
case_22505,CV-724979-24/KI,10,10,10,10,0,0,
case_22506,CV-725199-26/KI,6,6,6,6,0,0,
case_22507,CV-725729-24/KI,7,7,7,7,0,0,
case_22508,CV-725763-24/KI,43,43,43,43,0,0,
case_22509,CV-725794-24/KI,14,14,14,14,0,0,
case_22510,CV-725807-24/KI,8,8,8,8,0,0,
case_22511,CV-725808-24/KI,14,14,14,14,0,0,
case_22512,CV-725809-24/KI,7,7,7,7,0,0,
case_22513,CV-725810-24/KI,26,26,26,26,0,0,
case_22514,CV-726294-24/KI,34,34,34,34,0,0,
case_22515,CV-726343-24/KI,9,9,9,9,0,0,
case_22516,CV-726344-24/KI,16,16,16,16,0,0,
case_22517,CV-726370-24/KI,8,8,8,8,0,0,
case_22518,CV-726371-24/KI,15,15,15,15,0,0,
case_22519,CV-726372-24/KI,6,6,6,6,1,1,
case_22520,CV-726447-24/KI,9,9,9,9,8,8,
case_22521,CV-726448-24/KI,11,11,11,11,6,6,
case_22526,CV-730303-24/KI,7,7,7,7,1,1,
case_22527,CV-730521-24/KI,10,10,10,10,0,0,
case_22528,CV-730810-24/KI,8,8,8,8,0,0,
case_22529,CV-731047-24/KI,8,8,8,8,6,6,
case_22530,CV-731064-24/KI,9,9,9,9,7,7,
case_22532,CV-731092-24/KI,21,21,21,21,13,13,
case_22533,CV-731217-24/KI,21,21,21,21,10,10,
case_22534,CV-731445-24/KI,7,7,7,7,0,0,
case_22535,CV-731449-24/KI,7,7,7,7,0,0,
case_22536,CV-731464-24/KI,5,5,5,5,0,0,
case_22537,CV-731472-24/KI,5,5,5,5,0,0,
case_22538,CV-731521-24/KI,9,9,9,9,0,0,
case_22539,CV-731543-24/KI,26,26,26,26,4,4,
case_22540,CV-731564-25/KI,13,13,13,13,2,2,
case_22541,CV-733812-24/KI,33,33,33,33,14,14,
case_22542,CV-733813-24/KI,31,31,31,31,28,28,
case_22543,CV-733814-24/KI,34,34,34,34,12,12,
case_22544,CV-733815-24/KI,34,34,34,34,12,12,
case_22545,CV-733816-24/KI,31,31,31,31,12,12,
case_22546,CV-734000-24/KI,29,29,29,29,3,3,
case_22547,CV-734002-24/KI,6,6,6,6,0,0,
case_22548,CV-734005-24/KI,34,34,34,34,0,0,
case_22549,CV-734007-24/KI,33,33,33,33,0,0,
case_22550,CV-734009-24/KI,34,34,34,34,0,0,
case_22551,CV-734010-24/KI,17,17,17,17,0,0,
case_22552,CV-734080-24/KI,7,7,7,7,0,0,
case_22553,CV-734081-24/KI,7,7,7,7,0,0,
case_22554,CV-734084-24/KI,9,9,9,9,0,0,
case_22555,CV-734148-24/KI,15,15,15,15,0,0,
case_22556,CV-735082-24/KI,9,9,9,9,0,0,
case_22557,CV-735168-25/KI,15,15,15,15,0,0,
case_22558,CV-736728-24/RI,11,11,11,11,0,0,
case_22559,CV-737935-24/KI,6,6,6,6,0,0,
case_22560,CV-739898-25/KI,6,6,6,6,0,0,
case_22561,CV-739899-25/KI,7,7,7,7,0,0,
case_22562,CV-740851-24/KI,8,8,8,8,0,0,
case_22563,CV-740922-24/KI,7,7,7,7,0,0,
case_22564,CV-741094-24/KI,23,23,23,23,0,0,
case_22565,CV-741097-24/KI,25,25,25,25,0,0,
case_22566,CV-741106-24/KI,5,5,5,5,0,0,
case_22567,CV-742690-24/KI,9,9,9,9,0,0,
case_22568,CV-742715-24/KI,8,8,8,8,0,0,
case_22569,CV-743275-24/KI,9,9,9,9,0,0,
case_22570,CV-743302-24/KI,9,9,9,9,0,0,
case_22571,CV-744476-25/KI,5,5,5,5,0,0,
case_22572,CV-744860-24/KI,30,30,30,30,0,0,
case_22573,CV-744864-24/KI,32,32,32,32,0,0,
case_22574,CV-744867-24/KI,32,32,32,32,4,4,
case_22575,CV-744916-24/KI,10,10,10,10,5,5,
case_22577,CV-744980-25/KI,38,38,38,38,7,7,
case_22578,CV-745183-24/KI,5,5,5,5,2,2,
case_22579,CV-745280-24/KI,11,11,11,11,3,3,
case_22580,CV-745285-24/KI,56,56,56,56,6,6,
case_22581,CV-748329-24/RI,12,12,12,12,1,1,
case_22582,CV-748524-25/KI,7,7,7,7,1,1,
case_22583,CV-748825-24/KI,7,7,7,7,0,0,
case_22584,CV-748829-24/KI,6,6,6,6,0,0,
case_22585,CV-748830-24/KI,7,7,7,7,0,0,
case_22586,CV-748831-24/KI,9,9,9,9,0,0,
case_22587,CV-748832-24/KI,20,20,20,20,0,0,
case_22588,CV-748833-24/KI,8,8,8,8,0,0,
case_22589,CV-748834-24/KI,9,9,9,9,0,0,
case_22590,CV-748835-24/KI,6,6,6,6,0,0,
case_22591,CV-748836-24/KI,4,4,4,4,0,0,
case_22592,CV-748884-24/KI,3,3,3,3,0,0,
case_22593,CV-748885-24/KI,7,7,7,7,0,0,
case_22594,CV-748886-24/KI,6,6,6,6,0,0,
case_22595,CV-748919-24/KI,31,31,31,31,0,0,
case_22596,CV-748929-25/KI,22,22,22,22,0,0,
case_22597,CV-748948-25/KI,6,6,6,6,0,0,
case_22598,CV-748951-24/KI,9,9,9,9,0,0,
case_22599,CV-748952-24/KI,27,27,27,27,0,0,
case_22600,CV-748953-24/KI,22,22,22,22,0,0,
case_22601,CV-748954-24/KI,20,20,20,20,0,0,
case_22602,CV-748956-24/KI,9,9,9,9,0,0,
case_22603,CV-748979-24/KI,41,41,41,41,0,0,
case_22604,CV-748980-24/KI,18,18,18,18,0,0,
case_22605,CV-748981-24/KI,2,2,2,2,0,0,
case_22606,CV-748982-24/KI,6,6,6,6,0,0,
case_22607,CV-748983-24/KI,22,22,22,22,0,0,
case_22608,CV-748991-25/KI,6,6,6,6,0,0,
case_22609,CV-749018-25/KI,21,21,21,21,8,8,
case_22611,CV-749279-24/KI,9,9,9,9,4,4,
case_22612,CV-750126-25/KI,4,4,4,4,3,3,
case_22613,CV-750292-25/KI,22,22,22,22,15,15,
case_22614,CV-750293-25/KI,15,15,15,15,1,1,
case_22615,CV-750294-25/KI,6,6,6,6,0,0,
case_22616,CV-750295-25/KI,10,10,10,10,0,0,
case_22617,CV-750301-25/KI,10,10,10,10,0,0,
case_22618,CV-750302-25/KI,6,6,6,6,0,0,
case_22619,CV-750446-24/RI,7,7,7,7,0,0,
case_22620,CV-750447-24/RI,9,9,9,9,0,0,
case_22621,CV-750448-24/RI,7,7,7,7,0,0,
case_22622,CV-750541-25/KI,7,7,7,7,1,1,
case_22623,CV-750543-25/KI,4,4,4,4,0,0,
case_22624,CV-750594-24/RI,7,7,7,7,1,1,
case_22625,CV-750598-25/KI,7,7,7,7,3,3,
case_22626,CV-750599-25/KI,5,5,5,5,4,4,
case_22627,CV-750600-25/KI,7,7,7,7,4,4,
case_22628,CV-750601-25/KI,5,5,5,5,4,4,
case_22629,CV-750603-25/KI,5,5,5,5,3,3,
case_22630,CV-751020-25/KI,2,2,2,2,1,1,
case_22631,CV-754824-24/KI,2,2,2,2,0,0,
case_22632,CV-754991-24/KI,8,8,8,8,4,4,
case_22633,CV-754993-24/KI,8,8,8,8,5,5,
case_22634,CV-754994-24/KI,6,6,6,6,5,5,
case_22635,CV-754995-24/KI,8,8,8,8,6,6,
case_22636,CV-754996-24/KI,4,4,4,4,2,2,
case_22637,CV-755022-24/KI,4,4,4,4,0,0,
case_22638,CV-755023-24/KI,5,5,5,5,3,3,
case_22639,CV-755026-24/KI,5,5,5,5,0,0,
case_22640,CV-755062-24/KI,2,2,2,2,1,1,
case_22641,CV-755063-24/KI,3,3,3,3,1,1,
case_22642,CV-755086-24/KI,8,8,8,8,2,2,
case_22643,CV-755097-24/KI,8,8,8,8,2,2,
case_22644,CV-755701-23/RI,6,6,6,6,0,0,
case_22645,CV-755702-23/RI,9,9,9,9,2,2,
case_22646,CV-755703-23/RI,7,7,7,7,0,0,
case_22647,CV-755704-23/RI,7,7,7,7,4,4,
case_22648,CV-755705-23/RI,7,7,7,7,2,2,
case_22649,CV-758573-24/KI,6,6,6,6,2,2,
case_22650,CV-758677-24/KI,5,5,5,5,0,0,
case_22651,CV-758679-24/KI,6,6,6,6,1,1,
case_22652,CV-758681-25/KI,8,8,8,8,1,1,
case_22653,CV-758682-24/KI,8,8,8,8,4,4,
case_22654,CV-758687-25/KI,36,36,36,36,4,4,
case_22655,CV-758863-24/RI,9,9,9,9,0,0,
case_22656,CV-758864-24/RI,7,7,7,7,0,0,
case_22657,CV-758865-24/RI,12,12,12,12,0,0,
case_22658,CV-758868-24/RI,9,9,9,9,0,0,
case_22659,CV-759022-25/KI,8,8,8,8,0,0,
case_22660,CV-759062-25/KI,8,8,8,8,0,0,
case_22661,CV-759064-25/KI,7,7,7,7,0,0,
case_22662,CV-759066-25/KI,7,7,7,7,0,0,
case_22663,CV-759070-25/KI,9,9,9,9,0,0,
case_22664,CV-759072-25/KI,7,7,7,7,0,0,
case_22665,CV-759074-25/KI,6,6,6,6,0,0,
case_22666,CV-759078-25/KI,6,6,6,6,0,0,
case_22667,CV-759082-25/KI,6,6,6,6,0,0,
case_22673,CV-759308-24/RI,9,9,9,9,8,8,
case_22674,CV-759338-25/KI,6,6,6,6,4,4,
case_22675,CV-759451-25/KI,5,5,5,5,2,2,
case_22676,CV-759457-25/KI,6,6,6,6,3,3,
case_22681,CV-759503-25/KI,7,7,7,7,6,6,
case_22684,CV-759512-25/KI,21,21,21,21,0,0,
case_22685,CV-759515-25/KI,5,5,5,5,0,0,
case_22686,CV-759525-25/KI,3,3,3,3,0,0,
case_22687,CV-759531-25/KI,2,2,2,2,0,0,
case_22688,CV-759536-25/KI,3,3,3,3,0,0,
case_22689,CV-759758-25/KI,9,9,9,9,0,0,
case_22690,CV-760679-25/RI,9,9,9,9,0,0,
case_22691,CV-763402-25/KI,28,28,28,28,0,0,
case_22692,CV-763403-25/KI,29,29,29,29,0,0,
case_22693,CV-763405-25/KI,27,27,27,27,0,0,
case_22694,CV-763732-24/RI,11,11,11,11,0,0,
case_22695,CV-764004-25/KI,5,5,5,5,0,0,
case_22696,CV-764018-25/KI,3,3,3,3,0,0,
case_22697,CV-764289-24/RI,9,9,9,9,0,0,
case_22698,CV-765407-24/KI,9,9,9,9,0,0,
case_22699,CV-765419-24/KI,10,10,10,10,0,0,
case_22700,CV-765420-24/KI,6,6,6,6,0,0,
case_22701,CV-768096-24/KI,3,3,3,3,0,0,
case_22702,CV-768097-24/KI,15,15,15,15,0,0,
case_22703,CV-768859-24/KI,7,7,7,7,0,0,
case_22704,CV-768862-24/KI,23,23,23,23,0,0,
case_22705,CV-768865-24/KI,5,5,5,5,0,0,
case_22706,CV-768866-24/KI,13,13,13,13,0,0,
case_22708,CV-768872-24/KI,7,7,7,7,0,0,
case_22709,CV-768875-24/KI,5,5,5,5,0,0,
case_22710,CV-768877-24/KI,11,11,11,11,0,0,
case_22711,CV-768882-24/KI,3,3,3,3,0,0,
case_22712,CV-768884-24/KI,10,10,10,10,0,0,
case_22713,CV-768887-24/KI,9,9,9,9,0,0,
case_22714,CV-768888-24/KI,8,8,8,8,0,0,
case_22715,CV-768920-24/KI,7,7,7,7,0,0,
case_22716,CV-768921-24/KI,9,9,9,9,0,0,
case_22717,CV-768949-24/KI,7,7,7,7,0,0,
case_22718,CV-768959-24/KI,8,8,8,8,0,0,
case_22719,CV-768984-24/KI,5,5,5,5,0,0,
case_22720,CV-768985-24/KI,5,5,5,5,0,0,
case_22721,CV-768986-24/KI,6,6,6,6,0,0,
case_22722,CV-768988-24/KI,14,14,14,14,0,0,
case_22723,CV-768991-24/KI,75,75,75,75,0,0,
case_22724,CV-769040-24/KI,7,7,7,7,0,0,
case_22725,CV-770310-24/KI,6,6,6,6,0,0,
case_22726,CV-770351-24/KI,19,19,19,19,0,0,
case_22727,CV-773592-24/KI,7,7,7,7,1,1,
case_22728,CV-773593-25/KI,9,9,9,9,1,1,
case_22729,CV-773763-24/KI,7,7,7,7,5,5,
case_22730,CV-774342-24/KI,3,3,3,3,2,2,
case_22731,CV-775469-25/KI,5,5,5,5,2,2,
case_22732,CV-775471-25/KI,5,5,5,5,1,1,
case_22734,CV-776360-25/KI,40,40,40,40,4,4,
case_22735,CV-776381-25/KI,6,6,6,6,0,0,
case_22736,CV-776711-25/KI,5,5,5,5,0,0,
case_22737,CV-797025-25/RI,8,8,8,8,0,0,
case_22738,CV-797026-25/RI,8,8,8,8,0,0,
case_22739,CV-797027-25/RI,3,3,3,3,0,0,
case_22740,CV-797050-25/RI,3,3,3,3,0,0,
case_22741,CV-797065-25/RI,8,8,8,8,0,0,
case_22742,CV-797067-25/RI,8,8,8,8,0,0,
case_23085,850224/2016,49,49,48,48,48,48,
case_23131,850245/2013,55,55,54,54,54,54,
case_23132,850245/2018,47,47,45,45,45,45,
case_23133,850245/2023,15,15,14,14,14,14,
case_23536,LT-308247-24/KI,10,10,10,10,0,0,
case_23537,LT-326266-26/BX,10,10,10,10,0,0,
case_23574,LT-301736-20/QU,8,8,8,8,0,0,
case_23575,LT-341013-25/BX,9,9,9,9,0,0,
case_23602,903652-20,435,435,433,433,435,435,
case_23664,262753/2010,4,4,4,4,3,3,
case_23716,LT-000913-22/KI,18,18,18,18,9,9,
case_23717,LT-072364-19/NY,37,37,37,37,36,36,
case_23718,LT-300365-26/HA,6,6,6,6,1,1,
case_23719,LT-300366-26/HA,6,6,6,6,0,0,
case_23720,LT-302886-22/NY,3,3,3,3,0,0,
case_23721,LT-303720-26/NY,7,7,7,7,0,0,
case_23722,LT-304706-22/NY,14,14,14,14,0,0,
case_23723,LT-304813-26/NY,13,13,13,13,0,0,
case_23724,LT-306740-23/NY,6,6,6,6,0,0,
case_23725,LT-306753-21/NY,24,24,24,24,0,0,
case_23726,LT-307210-21/NY,43,43,43,43,0,0,
case_23727,LT-309159-24/KI,5,5,5,5,0,0,
case_23728,LT-311864-23/NY,6,6,6,6,0,0,
case_23729,LT-313024-23/KI,9,9,9,9,0,0,
case_23730,LT-313062-23/NY,7,7,7,7,0,0,
case_23731,LT-318353-23/NY,5,5,5,5,0,0,
case_23732,LT-319386-23/NY,13,13,13,13,0,0,
case_23733,LT-320220-25/NY,9,9,9,9,0,0,
case_23734,LT-321819-24/NY,5,5,5,5,0,0,
case_23735,LT-329150-22/KI,28,28,28,28,0,0,
case_23758,CV-713747-26/RI,7,7,7,7,0,0,
case_23759,CV-713748-26/RI,4,4,4,4,0,0,
case_23761,CV-713750-26/RI,4,4,4,4,0,0,
case_23762,CV-713751-26/RI,7,7,7,7,1,1,
case_23763,CV-713752-26/RI,8,8,8,8,0,0,
case_23764,CV-713753-26/RI,2,2,2,2,0,0,
case_23765,CV-713754-26/RI,4,4,4,4,0,0,
case_23766,CV-713755-26/RI,4,4,4,4,0,0,
case_23767,CV-713756-26/RI,5,5,5,5,0,0,
case_23768,CV-713757-26/RI,7,7,7,7,0,0,
case_23769,CV-713758-26/RI,4,4,4,4,0,0,
case_23770,CV-713759-26/RI,5,5,5,5,0,0,
case_23771,CV-713760-26/RI,3,3,3,3,0,0,
case_23772,CV-713761-26/RI,4,4,4,4,0,0,
case_23773,CV-713762-26/RI,3,3,3,3,0,0,
case_23774,CV-713763-26/RI,4,4,4,4,0,0,
case_23775,CV-718200-26/KI,2,2,2,2,0,0,
case_23776,CV-718201-26/KI,4,4,4,4,0,0,
case_23777,CV-718202-26/KI,6,6,6,6,0,0,
case_23778,CV-718203-26/KI,2,2,2,2,0,0,
case_23779,CV-718204-26/KI,3,3,3,3,0,0,
case_23780,CV-718205-26/KI,3,3,3,3,0,0,
case_23781,CV-718206-26/KI,2,2,2,2,0,0,
case_23782,CV-718207-26/KI,5,5,5,5,0,0,
case_23783,CV-718208-26/KI,2,2,2,2,0,0,
case_23784,Not Assigned,2,2,2,2,0,0,
case_23785,Not Assigned,1,1,1,1,0,0,
case_23786,Not Assigned,1,1,1,1,0,0,
case_23787,Not Assigned,1,1,1,1,0,0,
case_23788,Not Assigned,1,1,1,1,0,0,
case_23821,CV-046917-11/QU,1,1,1,1,0,0,
case_23822,CV-050985-11/QU,1,1,1,1,0,0,
case_23823,CV-055523-11/QU,1,1,1,1,0,0,
case_23824,CV-066361-10/QU,1,1,1,1,0,0,
case_23825,CV-066372-10/QU,1,1,1,1,0,0,
case_23826,CV-701259-26/BX,4,4,4,4,0,0,
case_23827,CV-701263-26/BX,3,3,3,3,0,0,
case_23828,CV-701266-26/BX,3,3,3,3,0,0,
case_23829,CV-701267-26/BX,3,3,3,3,0,0,
case_23830,CV-701268-26/BX,4,4,4,4,0,0,
case_23831,CV-701272-26/BX,4,4,4,4,0,0,
case_23832,CV-701274-26/BX,4,4,4,4,0,0,
case_23833,CV-701276-26/BX,5,5,5,5,0,0,
case_23834,CV-701839-26/BX,2,2,2,2,0,0,
case_23835,CV-701843-26/BX,6,6,6,6,0,0,
case_23836,CV-701892-26/BX,4,4,4,4,0,0,
case_23837,CV-701899-26/BX,3,3,3,3,0,0,
case_23838,CV-701910-26/BX,4,4,4,4,0,0,
case_23839,CV-701946-26/BX,6,6,6,6,0,0,
case_23840,CV-702238-26/BX,3,3,3,3,0,0,
case_23841,CV-703041-19/QU,1,1,1,1,0,0,
case_23842,CV-703043-19/QU,1,1,1,1,0,0,
case_23843,CV-703497-26/NY,4,4,4,4,0,0,
case_23844,CV-704395-25/BX,6,6,6,6,0,0,
case_23845,CV-704396-25/BX,6,6,6,6,0,0,
case_23846,CV-704566-22/QU,8,8,8,8,0,0,
case_23847,CV-704784-26/BX,2,2,2,2,0,0,
case_23848,CV-705555-26/NY,3,3,3,3,0,0,
case_23849,CV-705556-26/NY,5,5,5,5,0,0,
case_23850,CV-706592-15/QU,1,1,1,1,0,0,
case_23851,CV-706795-15/QU,1,1,1,1,0,0,
case_23852,CV-706805-26/BX,2,2,2,2,0,0,
case_23853,CV-706806-26/BX,6,6,6,6,0,0,
case_23854,CV-706834-15/QU,1,1,1,1,0,0,
case_23855,CV-706835-15/QU,1,1,1,1,0,0,
case_23856,CV-706872-26/BX,2,2,2,2,0,0,
case_23857,CV-707190-25/BX,5,5,5,5,0,0,
case_23858,CV-707295-26/NY,5,5,5,5,0,0,
case_23859,CV-707297-26/NY,3,3,3,3,0,0,
case_23860,CV-707305-16/QU,1,1,1,1,0,0,
case_23861,CV-707426-25/BX,8,8,8,8,0,0,
case_23862,CV-707494-25/BX,3,3,3,3,0,0,
case_23863,CV-707528-26/BX,4,4,4,4,0,0,
case_23864,CV-707766-17/QU,1,1,1,1,0,0,
case_23865,CV-707873-25/BX,3,3,3,3,0,0,
case_23866,CV-707874-25/BX,3,3,3,3,0,0,
case_23867,CV-709791-26/BX,6,6,6,6,0,0,
case_23868,CV-710249-25/BX,3,3,3,3,0,0,
case_23869,CV-711057-26/BX,4,4,4,4,0,0,
case_23870,CV-711107-26/BX,5,5,5,5,0,0,
case_23871,CV-711108-26/BX,4,4,4,4,0,0,
case_23872,CV-711455-25/BX,6,6,6,6,0,0,
case_23873,CV-711532-17/QU,3,3,3,3,0,0,
case_23874,CV-711582-25/BX,3,3,3,3,0,0,
case_23875,CV-712337-25/BX,3,3,3,3,0,0,
case_23876,CV-712338-25/BX,4,4,4,4,0,0,
case_23877,CV-712391-25/BX,3,3,3,3,0,0,
case_23878,CV-712392-25/BX,4,4,4,4,0,0,
case_23879,CV-712393-25/BX,3,3,3,3,0,0,
case_23880,CV-712394-25/BX,4,4,4,4,0,0,
case_23881,CV-712402-25/BX,3,3,3,3,0,0,
case_23882,CV-712403-25/BX,6,6,6,6,0,0,
case_23883,CV-712405-25/BX,3,3,3,3,0,0,
case_23884,CV-712411-25/BX,6,6,6,6,0,0,
case_23885,CV-712569-25/BX,3,3,3,3,0,0,
case_23886,CV-712975-25/BX,3,3,3,3,0,0,
case_23887,CV-713019-25/BX,3,3,3,3,0,0,
case_23888,CV-713021-25/BX,3,3,3,3,0,0,
case_23889,CV-713022-25/BX,3,3,3,3,0,0,
case_23890,CV-713216-25/BX,3,3,3,3,0,0,
case_23891,CV-713501-21/QU,3,3,3,3,0,0,
case_23892,CV-714265-25/BX,4,4,4,4,0,0,
case_23893,CV-714811-25/BX,3,3,3,3,0,0,
case_23894,CV-714823-24/BX,3,3,3,3,0,0,
case_23895,CV-714832-24/BX,3,3,3,3,0,0,
case_23896,CV-715556-25/BX,2,2,2,2,0,0,
case_23897,CV-715557-25/BX,6,6,6,6,0,0,
case_23898,CV-715584-25/BX,5,5,5,5,0,0,
case_23899,CV-715737-26/KI,4,4,4,4,0,0,
case_23900,CV-715740-26/KI,5,5,5,5,0,0,
case_23901,CV-715769-26/KI,6,6,6,6,0,0,
case_23902,CV-716387-25/BX,6,6,6,6,0,0,
case_23903,CV-716932-25/BX,6,6,6,6,0,0,
case_23904,CV-716937-25/BX,3,3,3,3,0,0,
case_23905,CV-716938-25/BX,6,6,6,6,0,0,
case_23906,CV-716946-25/BX,2,2,2,2,0,0,
case_23907,CV-717396-25/BX,3,3,3,3,0,0,
case_23908,CV-717886-26/KI,3,3,3,3,0,0,
case_23909,CV-717923-24/BX,3,3,3,3,1,1,
case_23910,CV-717925-24/BX,3,3,3,3,2,2,
case_23911,CV-718843-26/KI,4,4,4,4,3,3,
case_23912,CV-718846-26/KI,2,2,2,2,1,1,
case_23913,CV-719499-25/BX,5,5,5,5,1,1,
case_23914,CV-719671-25/BX,7,7,7,7,6,6,
case_23924,CV-725148-26/KI,3,3,3,3,2,2,
case_23925,CV-725155-26/KI,3,3,3,3,0,0,
case_23926,CV-725163-26/KI,3,3,3,3,0,0,
case_23927,CV-725164-26/KI,4,4,4,4,0,0,
case_23928,CV-730284-26/KI,2,2,2,2,0,0,
case_23929,CV-732663-12/QU,1,1,1,1,0,0,
case_23930,CV-733340-26/KI,2,2,2,2,1,1,
case_23931,CV-735838-25/KI,4,4,4,4,2,2,
case_23933,CV-745593-25/KI,6,6,6,6,5,5,
case_23942,CV-759748-25/KI,16,16,16,16,4,4,
case_23943,CV-759766-25/KI,5,5,5,5,0,0,
case_23944,CV-760500-25/KI,5,5,5,5,3,3,
case_23945,CV-760660-25/KI,5,5,5,5,1,1,
case_23946,CV-760663-25/KI,17,17,17,17,3,3,
case_23947,CV-761000-25/KI,4,4,4,4,2,2,
case_23948,CV-761106-25/KI,3,3,3,3,1,1,
case_23949,CV-762541-25/KI,2,2,2,2,1,1,
case_23950,CV-762577-25/KI,12,12,12,12,8,8,
case_23953,CV-763186-25/KI,17,17,17,17,12,12,
case_23954,CV-763342-25/KI,3,3,3,3,0,0,
case_23955,CV-765040-25/KI,7,7,7,7,0,0,
case_23956,CV-766028-25/KI,3,3,3,3,0,0,
case_23957,CV-767465-25/KI,5,5,5,5,0,0,
case_23958,CV-770694-25/KI,6,6,6,6,0,0,
case_23959,CV-771116-25/KI,3,3,3,3,0,0,
case_23960,CV-771315-25/KI,5,5,5,5,0,0,
case_23961,CV-772765-24/KI,5,5,5,5,0,0,
case_23979,CV-703192-21/KI,1,1,1,1,0,0,
case_23980,CV-710249-21/KI,1,1,1,1,0,0,
case_23981,CV-710436-21/KI,2,2,2,2,0,0,
case_23982,CV-725709-21/KI,2,2,2,2,0,0,
case_23983,CV-725750-21/KI,1,1,1,1,0,0,
case_23984,CV-725751-21/KI,1,1,1,1,0,0,
case_23985,CV-725784-21/KI,3,3,3,3,0,0,
case_23986,CV-725860-21/KI,1,1,1,1,0,0,
case_23989,LT-307236-26/BX,8,8,8,8,0,0,
case_24076,LT-310334-25/NY,11,11,11,11,0,0,
case_24077,LT-334118-25/KI,6,6,6,6,0,0,
case_24141,LT-323330-22/KI,12,12,12,12,0,0,
case_24142,LT-323334-22/KI,12,12,12,12,1,1,
case_24143,LT-323337-22/KI,12,12,12,12,9,9,
case_24270,LT-053331-20/NY,5,5,5,5,4,4,
case_24271,LT-301142-24/NY,14,14,14,14,3,3,
case_24272,LT-308754-23/NY,7,7,7,7,0,0,
case_24273,LT-311670-25/NY,23,23,23,23,0,0,
case_24274,LT-317954-22/NY,14,14,14,14,3,3,
case_24275,LT-320020-23/NY,6,6,6,6,5,5,
case_24506,LT-300867-25/KI,3,3,3,3,0,0,
case_24507,LT-306476-22/NY,8,8,8,8,0,0,
case_24508,LT-317385-24/BX,12,12,12,12,0,0,
case_24616,250649/2014,1,1,0,0,0,0,
case_25006,CV-000132-26/SM,2,2,2,2,0,0,
case_25007,CV-000140-26/SM,2,2,2,2,0,0,
case_25008,CV-000378-26/SM,2,2,2,2,0,0,
case_25009,CV-000379-26/SM,2,2,2,2,0,0,
case_25010,CV-001243-26/SM,2,2,2,2,0,0,
case_25011,CV-001295-26/SM,2,2,2,2,0,0,
case_25012,CV-001296-26/SM,2,2,2,2,0,0,
case_25013,CV-002201-25/SM,2,2,2,2,0,0,
case_25014,CV-002883-26/SM,2,2,2,2,0,0,
case_25015,CV-002884-26/SM,2,2,2,2,0,0,
case_25016,CV-002885-26/SM,2,2,2,2,0,0,
case_25017,CV-003134-26/SM,2,2,2,2,0,0,
case_25018,CV-003135-26/SM,2,2,2,2,0,0,
case_25019,CV-003136-26/SM,2,2,2,2,0,0,
case_25020,CV-003137-26/SM,4,4,4,4,0,0,
case_25021,CV-003407-26/SM,2,2,2,2,0,0,
case_25022,CV-003651-26/SM,2,2,2,2,0,0,
case_25023,CV-003652-26/SM,2,2,2,2,0,0,
case_25024,CV-003653-26/SM,2,2,2,2,0,0,
case_25025,CV-003928-25/SM,2,2,2,2,1,1,
case_25026,CV-003929-25/SM,2,2,2,2,0,0,
case_25027,CV-003931-25/SM,2,2,2,2,0,0,
case_25028,CV-003977-25/SM,2,2,2,2,0,0,
case_25029,CV-004059-25/SM,2,2,2,2,0,0,
case_25030,CV-005053-25/SM,2,2,2,2,0,0,
case_25031,CV-005872-26/SM,2,2,2,2,0,0,
case_25032,CV-005947-26/SM,2,2,2,2,0,0,
case_25033,CV-005948-26/SM,3,3,3,3,0,0,
case_25034,CV-005949-26/SM,2,2,2,2,0,0,
case_25035,CV-005950-26/SM,2,2,2,2,0,0,
case_25036,CV-006043-26/SM,2,2,2,2,0,0,
case_25037,CV-006044-26/SM,2,2,2,2,0,0,
case_25038,CV-006446-26/SM,2,2,2,2,0,0,
case_25039,CV-006500-26/SM,2,2,2,2,0,0,
case_25040,CV-006501-26/SM,2,2,2,2,0,0,
case_25041,CV-006656-25/SM,2,2,2,2,0,0,
case_25042,CV-006657-25/SM,2,2,2,2,0,0,
case_25043,CV-006658-25/SM,2,2,2,2,0,0,
case_25044,CV-006659-25/SM,2,2,2,2,0,0,
case_25045,CV-006660-25/SM,2,2,2,2,0,0,
case_25046,CV-026736-09/KI,1,1,1,1,0,0,
case_25047,CV-031519-09/KI,1,1,1,1,0,0,
case_25048,CV-031520-09/KI,1,1,1,1,0,0,
case_25049,CV-043023-15/KI,1,1,1,1,0,0,
case_25050,CV-043038-15/KI,1,1,1,1,0,0,
case_25051,CV-059342-15/KI,1,1,1,1,0,0,
case_25052,CV-059852-15/KI,1,1,1,1,0,0,
case_25053,CV-064244-15/KI,1,1,1,1,0,0,
case_25054,CV-065455-07/KI,1,1,1,1,0,0,
case_25055,CV-099962-10/BX,1,1,1,1,0,0,
case_25056,CV-108737-09/QU,1,1,1,1,0,0,
case_25057,CV-130819-10/QU,1,1,1,1,0,0,
case_25058,CV-167828-07/QU,1,1,1,1,0,0,
case_25059,CV-167829-07/QU,1,1,1,1,0,0,
case_25060,CV-167830-07/QU,1,1,1,1,0,0,
case_25061,CV-167831-07/QU,1,1,1,1,0,0,
case_25064,CV-701469-19/QU,3,3,3,3,0,0,
case_25065,CV-701470-19/QU,1,1,1,1,0,0,
case_25066,CV-701580-16/KI,1,1,1,1,0,0,
case_25067,CV-701588-16/KI,1,1,1,1,0,0,
case_25068,CV-701891-26/RI,20,20,20,20,0,0,
case_25069,CV-702170-17/KI,1,1,1,1,0,0,
case_25070,CV-702739-18/KI,2,2,2,2,0,0,
case_25071,CV-702740-18/KI,2,2,2,2,0,0,
case_25072,CV-703896-16/BX,1,1,1,1,0,0,
case_25073,CV-704267-16/KI,1,1,1,1,0,0,
case_25074,CV-704271-16/KI,1,1,1,1,0,0,
case_25075,CV-704326-23/KI,4,4,4,4,0,0,
case_25076,CV-704327-23/KI,4,4,4,4,0,0,
case_25077,CV-704329-23/KI,4,4,4,4,0,0,
case_25078,CV-704330-23/KI,4,4,4,4,0,0,
case_25079,CV-704331-23/KI,4,4,4,4,0,0,
case_25080,CV-704334-23/KI,5,5,5,5,0,0,
case_25081,CV-704335-23/KI,4,4,4,4,0,0,
case_25082,CV-704343-23/KI,4,4,4,4,0,0,
case_25083,CV-704344-23/KI,4,4,4,4,0,0,
case_25084,CV-704454-23/KI,4,4,4,4,0,0,
case_25085,CV-704455-23/KI,4,4,4,4,0,0,
case_25086,CV-704458-23/KI,5,5,5,5,0,0,
case_25087,CV-704464-23/KI,4,4,4,4,0,0,
case_25088,CV-705949-23/KI,5,5,5,5,0,0,
case_25089,CV-705952-23/KI,5,5,5,5,0,0,
case_25090,CV-705953-23/KI,5,5,5,5,0,0,
case_25091,CV-705957-23/KI,5,5,5,5,0,0,
case_25092,CV-706000-21/KI,1,1,1,1,0,0,
case_25093,CV-706002-21/KI,2,2,2,2,0,0,
case_25094,CV-706018-15/RI,1,1,1,1,0,0,
case_25095,CV-706029-21/KI,1,1,1,1,0,0,
case_25096,CV-706037-21/KI,2,2,2,2,0,0,
case_25097,CV-706047-21/KI,4,4,4,4,0,0,
case_25098,CV-706048-21/KI,14,14,14,14,0,0,
case_25099,CV-706310-21/KI,1,1,1,1,0,0,
case_25100,CV-707658-17/KI,1,1,1,1,0,0,
case_25101,CV-707659-17/KI,1,1,1,1,0,0,
case_25102,CV-709495-16/BX,1,1,1,1,0,0,
case_25103,CV-709602-18/QU,1,1,1,1,0,0,
case_25104,CV-709711-16/KI,1,1,1,1,0,0,
case_25105,CV-709712-16/KI,1,1,1,1,0,0,
case_25106,CV-711960-21/QU,2,2,2,2,0,0,
case_25107,CV-712712-23/RI,5,5,5,5,0,0,
case_25108,CV-712713-23/RI,2,2,2,2,0,0,
case_25109,CV-712716-23/RI,11,11,11,11,0,0,
case_25110,CV-712717-23/RI,15,15,15,15,0,0,
case_25111,CV-712718-23/RI,19,19,19,19,0,0,
case_25112,CV-712719-23/RI,2,2,2,2,0,0,
case_25113,CV-712720-23/RI,6,6,6,6,0,0,
case_25114,CV-712721-23/RI,6,6,6,6,0,0,
case_25115,CV-712722-23/RI,15,15,15,15,0,0,
case_25116,CV-712723-23/RI,17,17,17,17,0,0,
case_25117,CV-712724-23/RI,3,3,3,3,0,0,
case_25118,CV-712725-23/RI,3,3,3,3,0,0,
case_25119,CV-712726-23/RI,6,6,6,6,0,0,
case_25120,CV-712727-23/RI,5,5,5,5,0,0,
case_25121,CV-712728-23/RI,32,32,32,32,0,0,
case_25122,CV-712729-23/RI,2,2,2,2,0,0,
case_25123,CV-712730-23/RI,7,7,7,7,0,0,
case_25124,CV-712731-23/RI,4,4,4,4,0,0,
case_25125,CV-712732-23/RI,17,17,17,17,0,0,
case_25126,CV-712733-23/RI,8,8,8,8,0,0,
case_25127,CV-712734-23/RI,10,10,10,10,0,0,
case_25128,CV-712735-23/RI,18,18,18,18,0,0,
case_25129,CV-712736-23/RI,6,6,6,6,0,0,
case_25130,CV-712737-23/RI,4,4,4,4,0,0,
case_25131,CV-712738-23/RI,7,7,7,7,0,0,
case_25132,CV-712739-23/RI,6,6,6,6,0,0,
case_25133,CV-712740-23/RI,6,6,6,6,0,0,
case_25134,CV-712741-23/RI,5,5,5,5,0,0,
case_25135,CV-712809-23/RI,15,15,15,15,0,0,
case_25136,CV-712810-23/RI,5,5,5,5,0,0,
case_25137,CV-712811-23/RI,5,5,5,5,0,0,
case_25138,CV-712812-23/RI,8,8,8,8,0,0,
case_25139,CV-712813-23/RI,17,17,17,17,0,0,
case_25140,CV-712814-23/RI,8,8,8,8,0,0,
case_25141,CV-712815-23/RI,15,15,15,15,0,0,
case_25142,CV-712816-23/RI,7,7,7,7,0,0,
case_25143,CV-712817-23/RI,18,18,18,18,0,0,
case_25144,CV-712818-23/RI,19,19,19,19,0,0,
case_25145,CV-712819-23/RI,5,5,5,5,0,0,
case_25146,CV-712820-23/RI,5,5,5,5,0,0,
case_25147,CV-712821-23/RI,6,6,6,6,0,0,
case_25148,CV-712822-23/RI,6,6,6,6,0,0,
case_25149,CV-712823-23/RI,5,5,5,5,0,0,
case_25150,CV-712824-23/RI,8,8,8,8,0,0,
case_25151,CV-712825-23/RI,2,2,2,2,0,0,
case_25152,CV-712826-23/RI,7,7,7,7,0,0,
case_25153,CV-712827-23/RI,7,7,7,7,0,0,
case_25154,CV-712828-23/RI,2,2,2,2,0,0,
case_25155,CV-712829-23/RI,9,9,9,9,0,0,
case_25156,CV-712830-23/RI,5,5,5,5,0,0,
case_25157,CV-712982-23/RI,5,5,5,5,0,0,
case_25158,CV-712983-23/RI,15,15,15,15,0,0,
case_25159,CV-712984-23/RI,24,24,24,24,0,0,
case_25160,CV-712985-23/RI,8,8,8,8,0,0,
case_25161,CV-712986-23/RI,15,15,15,15,0,0,
case_25162,CV-712987-23/RI,9,9,9,9,0,0,
case_25163,CV-712988-23/RI,15,15,15,15,0,0,
case_25164,CV-712989-23/RI,5,5,5,5,0,0,
case_25165,CV-712990-23/RI,5,5,5,5,0,0,
case_25166,CV-712991-23/RI,20,20,20,20,0,0,
case_25167,CV-712992-23/RI,2,2,2,2,0,0,
case_25168,CV-712993-23/RI,2,2,2,2,0,0,
case_25169,CV-712994-23/RI,2,2,2,2,0,0,
case_25170,CV-712995-23/RI,5,5,5,5,0,0,
case_25171,CV-712996-23/RI,5,5,5,5,0,0,
case_25172,CV-712997-23/RI,5,5,5,5,0,0,
case_25173,CV-712998-23/RI,2,2,2,2,0,0,
case_25174,CV-712999-23/RI,2,2,2,2,0,0,
case_25175,CV-713000-23/RI,5,5,5,5,0,0,
case_25176,CV-713001-23/RI,7,7,7,7,0,0,
case_25177,CV-713002-23/RI,5,5,5,5,0,0,
case_25178,CV-713446-20/KI,1,1,1,1,0,0,
case_25179,CV-713476-20/KI,1,1,1,1,0,0,
case_25180,CV-713477-20/KI,1,1,1,1,0,0,
case_25181,CV-713478-20/KI,4,4,4,4,0,0,
case_25182,CV-713498-20/KI,11,11,11,11,0,0,
case_25183,CV-714158-16/KI,1,1,1,1,0,0,
case_25184,CV-714159-16/KI,1,1,1,1,0,0,
case_25185,CV-716308-20/KI,5,5,5,5,0,0,
case_25186,CV-716309-20/KI,2,2,2,2,0,0,
case_25187,CV-716310-20/KI,3,3,3,3,0,0,
case_25188,CV-716311-20/KI,1,1,1,1,0,0,
case_25189,CV-716324-20/KI,1,1,1,1,0,0,
case_25190,CV-717312-22/RI,19,19,19,19,0,0,
case_25191,CV-717313-22/RI,2,2,2,2,0,0,
case_25192,CV-717314-22/RI,8,8,8,8,5,5,
case_25193,CV-717319-22/RI,21,21,21,21,20,20,
case_25194,CV-717320-22/RI,31,31,31,31,7,7,
case_25195,CV-717511-21/KI,3,3,3,3,0,0,
case_25196,CV-717512-21/KI,2,2,2,2,0,0,
case_25197,CV-719432-20/KI,1,1,1,1,0,0,
case_25198,CV-719775-19/KI,4,4,4,4,0,0,
case_25199,CV-719779-19/KI,4,4,4,4,0,0,
case_25200,CV-719782-19/KI,2,2,2,2,0,0,
case_25201,CV-719788-19/KI,1,1,1,1,0,0,
case_25202,CV-719789-19/KI,1,1,1,1,0,0,
case_25203,CV-723010-18/KI,1,1,1,1,0,0,
case_25204,CV-723012-18/KI,1,1,1,1,0,0,
case_25205,CV-723013-18/KI,3,3,3,3,0,0,
case_25206,CV-723014-18/KI,1,1,1,1,0,0,
case_25207,CV-725642-19/KI,2,2,2,2,0,0,
case_25208,CV-725643-19/KI,1,1,1,1,0,0,
case_25209,CV-725645-19/KI,1,1,1,1,0,0,
case_25210,CV-725655-19/KI,1,1,1,1,0,0,
case_25211,CV-725656-19/KI,1,1,1,1,0,0,
case_25212,CV-727202-16/KI,1,1,1,1,0,0,
case_25213,CV-731084-22/KI,2,2,2,2,0,0,
case_25214,CV-731089-22/KI,4,4,4,4,0,0,
case_25215,CV-735910-21/KI,2,2,2,2,0,0,
case_25216,CV-735912-21/KI,2,2,2,2,0,0,
case_25217,CV-735929-21/KI,2,2,2,2,0,0,
case_25218,CV-735930-21/KI,2,2,2,2,0,0,
case_25219,CV-736359-17/KI,1,1,1,1,0,0,
case_25220,CV-736378-17/KI,1,1,1,1,0,0,
case_25221,CV-736813-22/KI,2,2,2,2,0,0,
case_25222,CV-741360-21/KI,5,5,5,5,0,0,
case_25223,CV-743449-20/KI,1,1,1,1,0,0,
case_25224,CV-743487-20/KI,1,1,1,1,0,0,
case_25225,CV-743496-20/KI,1,1,1,1,0,0,
case_25226,CV-743719-18/KI,1,1,1,1,0,0,
case_25227,CV-744358-26/RI,4,4,4,4,0,0,
case_25228,CV-745366-16/KI,1,1,1,1,0,0,
case_25229,CV-745367-16/KI,1,1,1,1,0,0,
case_25230,CV-750784-26/RI,4,4,4,4,0,0,
case_25231,CV-750785-26/RI,2,2,2,2,0,0,
case_25232,CV-750786-26/RI,4,4,4,4,0,0,
case_25233,CV-750787-26/RI,4,4,4,4,0,0,
case_25234,CV-750788-26/RI,4,4,4,4,0,0,
case_25235,CV-750789-26/RI,4,4,4,4,0,0,
case_25236,CV-750790-26/RI,4,4,4,4,0,0,
case_25237,CV-750972-26/RI,2,2,2,2,0,0,
case_25238,CV-750973-26/RI,2,2,2,2,0,0,
case_25239,CV-750974-26/RI,2,2,2,2,0,0,
case_25240,CV-750975-26/RI,1,1,1,1,0,0,
case_25241,CV-751315-19/KI,1,1,1,1,0,0,
case_25242,CV-751391-19/KI,1,1,1,1,0,0,
case_25243,CV-751393-19/KI,1,1,1,1,0,0,
case_25244,CV-751395-19/KI,1,1,1,1,0,0,
case_25245,CV-751398-19/KI,1,1,1,1,0,0,
case_25246,CV-751402-19/KI,1,1,1,1,0,0,
case_25247,CV-751468-19/KI,1,1,1,1,0,0,
case_25248,CV-751478-19/KI,1,1,1,1,0,0,
case_25249,CV-751498-19/KI,1,1,1,1,0,0,
case_25250,CV-751503-19/KI,1,1,1,1,0,0,
case_25251,CV-751504-19/KI,1,1,1,1,0,0,
case_25252,CV-751521-19/KI,1,1,1,1,0,0,
case_25253,CV-751522-19/KI,1,1,1,1,0,0,
case_25254,CV-754769-19/KI,1,1,1,1,0,0,
case_25255,CV-757496-26/RI,3,3,3,3,0,0,
case_25256,CV-797994-25/RI,2,2,2,2,0,0,
case_25302,LT-300129-20/QU,16,16,16,16,15,15,
case_25303,LT-302467-22/QU,15,15,15,15,0,0,
case_25304,LT-306467-25/NY,7,7,7,7,0,0,
case_25305,LT-316113-22/NY,9,9,9,9,0,0,
case_25306,LT-316552-23/QU,9,9,9,9,0,0,
case_25307,LT-317441-23/KI,9,9,9,9,0,0,
case_25308,LT-320066-22/NY,18,18,18,18,0,0,
case_25309,LT-331097-25/BX,13,13,13,13,0,0,
case_25374,LT-302246-24/QU,10,10,10,10,0,0,
case_25375,LT-302274-24/QU,7,7,7,7,0,0,
case_25376,LT-302713-24/QU,15,15,15,15,0,0,
case_25504,Not Assigned,6,6,6,6,0,0,
case_25505,Not Assigned,3,3,3,3,0,0,
case_25506,Not Assigned,4,4,4,4,0,0,
case_25507,Not Assigned,3,3,3,3,0,0,
case_25508,Not Assigned,3,3,3,3,0,0,
case_25509,Not Assigned,3,3,3,3,0,0,
case_25510,Not Assigned,3,3,3,3,0,0,
case_25511,Not Assigned,4,4,4,4,0,0,
case_25512,Not Assigned,4,4,4,4,0,0,
case_25513,Not Assigned,4,4,4,4,0,0,
case_25518,Not Assigned,3,3,3,3,0,0,
case_25519,Not Assigned,3,3,3,3,0,0,
case_25520,Not Assigned,3,3,3,3,0,0,
case_25525,Not Assigned,3,3,3,3,0,0,
case_25526,Not Assigned,3,3,3,3,0,0,
case_25527,Not Assigned,3,3,3,3,0,0,
case_25528,Not Assigned,4,4,4,4,0,0,
case_25529,Not Assigned,3,3,3,3,0,0,
case_25530,Not Assigned,3,3,3,3,0,0,
case_25531,Not Assigned,3,3,3,3,0,0,
case_25532,Not Assigned,3,3,3,3,0,0,
case_25533,Not Assigned,3,3,3,3,0,0,
case_25534,Not Assigned,3,3,3,3,0,0,
case_25535,Not Assigned,3,3,3,3,0,0,
case_25536,Not Assigned,3,3,3,3,0,0,
case_25537,Not Assigned,3,3,3,3,0,0,
case_25538,Not Assigned,3,3,3,3,0,0,
case_25539,Not Assigned,3,3,3,3,0,0,
case_25540,Not Assigned,3,3,3,3,0,0,
case_25541,Not Assigned,3,3,3,3,0,0,
case_25542,Not Assigned,3,3,3,3,0,0,
case_25543,Not Assigned,3,3,3,3,0,0,
case_25544,Not Assigned,3,3,3,3,0,0,
case_25545,Not Assigned,3,3,3,3,0,0,
case_25546,Not Assigned,3,3,3,3,0,0,
case_25547,Not Assigned,3,3,3,3,0,0,
case_25548,Not Assigned,3,3,3,3,0,0,
case_25549,Not Assigned,3,3,3,3,0,0,
case_25550,Not Assigned,3,3,3,3,0,0,
case_25551,Not Assigned,4,4,4,4,0,0,
case_25552,Not Assigned,4,4,4,4,0,0,
case_25553,Not Assigned,3,3,3,3,0,0,
case_25554,Not Assigned,3,3,3,3,0,0,
case_25555,Not Assigned,3,3,3,3,0,0,
case_25556,Not Assigned,3,3,3,3,0,0,
case_25557,Not Assigned,3,3,3,3,0,0,
case_25558,Not Assigned,3,3,3,3,0,0,
case_25560,Not Assigned,3,3,3,3,0,0,
case_25561,Not Assigned,3,3,3,3,0,0,
case_25562,Not Assigned,4,4,4,4,0,0,
case_25563,Not Assigned,3,3,3,3,0,0,
case_25564,Not Assigned,3,3,3,3,0,0,
case_25565,Not Assigned,3,3,3,3,0,0,
case_25566,Not Assigned,3,3,3,3,0,0,
case_25567,Not Assigned,3,3,3,3,0,0,
case_25570,Not Assigned,4,4,4,4,2,2,
case_25571,Not Assigned,3,3,3,3,0,0,
case_25572,Not Assigned,3,3,3,3,0,0,
case_25574,Not Assigned,4,4,4,4,2,2,
case_25591,Not Assigned,3,3,3,3,2,2,
case_25592,Not Assigned,3,3,3,3,0,0,
case_25593,Not Assigned,3,3,3,3,0,0,
case_25594,Not Assigned,4,4,4,4,0,0,
case_25595,Not Assigned,3,3,3,3,0,0,
case_25596,Not Assigned,3,3,3,3,0,0,
case_25597,Not Assigned,5,5,5,5,0,0,
case_25598,Not Assigned,3,3,3,3,0,0,
case_25599,Not Assigned,6,6,6,6,0,0,
case_25600,Not Assigned,3,3,3,3,0,0,
case_25601,Not Assigned,3,3,3,3,0,0,
case_25602,Not Assigned,3,3,3,3,0,0,
case_25603,Not Assigned,3,3,3,3,0,0,
case_25604,Not Assigned,3,3,3,3,0,0,
case_25605,Not Assigned,3,3,3,3,0,0,
case_25606,Not Assigned,3,3,3,3,0,0,
case_25607,Not Assigned,3,3,3,3,0,0,
case_25608,Not Assigned,3,3,3,3,0,0,
case_25609,Not Assigned,4,4,4,4,0,0,
case_25610,Not Assigned,4,4,4,4,0,0,
case_25611,Not Assigned,3,3,3,3,0,0,
case_25612,Not Assigned,3,3,3,3,0,0,
case_25613,Not Assigned,3,3,3,3,0,0,
case_25614,Not Assigned,3,3,3,3,0,0,
case_25615,Not Assigned,3,3,3,3,0,0,
case_25616,Not Assigned,3,3,3,3,0,0,
case_25617,Not Assigned,3,3,3,3,0,0,
case_25618,Not Assigned,4,4,4,4,0,0,
case_25619,Not Assigned,3,3,3,3,0,0,
case_25620,Not Assigned,3,3,3,3,0,0,
case_25621,Not Assigned,3,3,3,3,0,0,
case_25622,Not Assigned,4,4,4,4,0,0,
case_25623,Not Assigned,3,3,3,3,0,0,
case_25624,Not Assigned,3,3,3,3,0,0,
case_25625,Not Assigned,3,3,3,3,0,0,
case_25626,Not Assigned,3,3,3,3,0,0,
case_25627,Not Assigned,3,3,3,3,0,0,
case_25628,Not Assigned,7,7,7,7,0,0,
case_25629,Not Assigned,3,3,3,3,0,0,
case_25630,Not Assigned,3,3,3,3,0,0,
case_25631,Not Assigned,3,3,3,3,0,0,
case_25632,Not Assigned,3,3,3,3,0,0,
case_25633,Not Assigned,5,5,5,5,0,0,
case_25634,Not Assigned,3,3,3,3,0,0,
case_25635,Not Assigned,3,3,3,3,0,0,
case_25636,Not Assigned,3,3,3,3,0,0,
case_25637,Not Assigned,3,3,3,3,0,0,
case_25638,Not Assigned,3,3,3,3,0,0,
case_25639,Not Assigned,4,4,4,4,0,0,
case_25641,Not Assigned,3,3,3,3,0,0,
case_25642,Not Assigned,3,3,3,3,0,0,
case_25643,Not Assigned,3,3,3,3,0,0,
case_25644,Not Assigned,3,3,3,3,0,0,
case_25645,Not Assigned,4,4,4,4,0,0,
case_25646,Not Assigned,3,3,3,3,0,0,
case_25647,Not Assigned,3,3,3,3,0,0,
case_25648,Not Assigned,3,3,3,3,0,0,
case_25649,Not Assigned,4,4,4,4,0,0,
case_25650,Not Assigned,3,3,3,3,0,0,
case_25651,Not Assigned,3,3,3,3,0,0,
case_25652,Not Assigned,3,3,3,3,0,0,
case_25653,Not Assigned,3,3,3,3,0,0,
case_25654,Not Assigned,3,3,3,3,0,0,
case_25655,Not Assigned,3,3,3,3,0,0,
case_25656,Not Assigned,3,3,3,3,0,0,
case_25657,Not Assigned,3,3,3,3,0,0,
case_25658,Not Assigned,3,3,3,3,0,0,
case_25659,Not Assigned,3,3,3,3,0,0,
case_25660,Not Assigned,3,3,3,3,0,0,
case_25661,Not Assigned,3,3,3,3,0,0,
case_25662,Not Assigned,3,3,3,3,0,0,
case_25663,Not Assigned,3,3,3,3,0,0,
case_25664,Not Assigned,3,3,3,3,0,0,
case_25665,Not Assigned,3,3,3,3,0,0,
case_25666,Not Assigned,3,3,3,3,0,0,
case_25667,Not Assigned,4,4,4,4,0,0,
case_25668,Not Assigned,3,3,3,3,0,0,
case_25669,Not Assigned,4,4,4,4,0,0,
case_25671,Not Assigned,1,1,1,1,0,0,
case_25672,Not Assigned,1,1,1,1,0,0,
case_25673,Not Assigned,1,1,1,1,0,0,
case_25674,Not Assigned,1,1,1,1,0,0,
case_25675,Not Assigned,1,1,1,1,0,0,
case_25677,Not Assigned,3,3,3,3,0,0,
case_25678,Not Assigned,3,3,3,3,0,0,
case_25679,Not Assigned,3,3,3,3,0,0,
case_25680,Not Assigned,3,3,3,3,0,0,
case_25681,Not Assigned,3,3,3,3,0,0,
case_25682,Not Assigned,3,3,3,3,0,0,
case_25683,Not Assigned,3,3,3,3,0,0,
case_25684,Not Assigned,3,3,3,3,0,0,
case_25685,Not Assigned,3,3,3,3,0,0,
case_25686,Not Assigned,3,3,3,3,0,0,
case_25687,Not Assigned,3,3,3,3,0,0,
case_25688,Not Assigned,4,4,4,4,0,0,
case_25689,Not Assigned,3,3,3,3,0,0,
case_25690,Not Assigned,3,3,3,3,0,0,
case_25691,Not Assigned,3,3,3,3,0,0,
case_25692,Not Assigned,3,3,3,3,0,0,
case_25693,Not Assigned,3,3,3,3,0,0,
case_25694,Not Assigned,4,4,4,4,0,0,
case_25695,Not Assigned,3,3,3,3,0,0,
case_25696,Not Assigned,3,3,3,3,0,0,
case_25697,Not Assigned,3,3,3,3,0,0,
case_25698,Not Assigned,3,3,3,3,0,0,
case_25699,Not Assigned,3,3,3,3,0,0,
case_25700,Not Assigned,3,3,3,3,0,0,
case_25701,Not Assigned,3,3,3,3,0,0,
case_25702,Not Assigned,3,3,3,3,0,0,
case_25703,Not Assigned,4,4,4,4,0,0,
case_25704,Not Assigned,4,4,4,4,0,0,
case_25706,Not Assigned,3,3,3,3,0,0,
case_25707,Not Assigned,3,3,3,3,0,0,
case_25708,Not Assigned,3,3,3,3,0,0,
case_25709,Not Assigned,3,3,3,3,0,0,
case_25710,Not Assigned,5,5,5,5,0,0,
case_25711,Not Assigned,6,6,6,6,0,0,
case_25712,Not Assigned,4,4,4,4,0,0,
case_25713,Not Assigned,4,4,4,4,0,0,
case_25714,Not Assigned,3,3,3,3,0,0,
case_25715,Not Assigned,4,4,4,4,0,0,
case_25716,Not Assigned,3,3,3,3,0,0,
case_25717,Not Assigned,3,3,3,3,0,0,
case_25718,Not Assigned,6,6,6,6,0,0,
case_25719,Not Assigned,3,3,3,3,0,0,
case_25720,Not Assigned,3,3,3,3,0,0,
case_25722,Not Assigned,3,3,3,3,0,0,
case_25723,Not Assigned,3,3,3,3,0,0,
case_25725,Not Assigned,5,5,5,5,0,0,
case_25726,Not Assigned,4,4,4,4,0,0,
case_25727,Not Assigned,3,3,3,3,1,1,
case_25728,Not Assigned,3,3,3,3,1,1,
case_25729,Not Assigned,4,4,4,4,3,3,
case_25730,Not Assigned,3,3,3,3,1,1,
case_25731,Not Assigned,3,3,3,3,1,1,
case_25732,Not Assigned,3,3,3,3,2,2,
case_25734,Not Assigned,3,3,3,3,2,2,
case_25736,Not Assigned,3,3,3,3,2,2,
case_25738,Not Assigned,3,3,3,3,2,2,
case_25740,Not Assigned,4,4,4,4,3,3,
case_25741,Not Assigned,3,3,3,3,2,2,
case_25742,Not Assigned,4,4,4,4,3,3,
case_25743,Not Assigned,4,4,4,4,0,0,
case_25744,Not Assigned,3,3,3,3,0,0,
case_25745,Not Assigned,3,3,3,3,0,0,
case_25746,Not Assigned,3,3,3,3,0,0,
case_25747,Not Assigned,3,3,3,3,0,0,
case_25748,Not Assigned,3,3,3,3,0,0,
case_25749,Not Assigned,3,3,3,3,0,0,
case_25750,Not Assigned,1,1,1,1,0,0,
case_25751,Not Assigned,3,3,3,3,0,0,
case_25752,Not Assigned,3,3,3,3,0,0,
case_25753,Not Assigned,1,1,1,1,0,0,
case_25754,Not Assigned,3,3,3,3,0,0,
case_25755,Not Assigned,1,1,1,1,0,0,
case_25756,Not Assigned,4,4,4,4,0,0,
case_25757,Not Assigned,4,4,4,4,0,0,
case_25761,Not Assigned,3,3,3,3,0,0,
case_26859,612694/2019,220,220,220,220,216,216,
case_26870,E2019001094,929,929,929,929,928,928,
case_26872,E2020004078,280,280,280,280,278,278,
case_26875,EF20201021,654,654,652,652,651,651,
case_26876,EF20201025,885,885,885,885,875,875,
case_26892,LT-308008-25/NY,13,13,13,13,0,0,
case_26912,2024-1017,273,273,270,270,269,269,
case_26943,LT-301605-23/RI,5,5,5,5,0,0,
case_27191,012827/2012,32,32,30,30,30,30,
case_27196,024966/2014,79,79,78,78,78,78,
case_27223,030680/2013,124,124,124,124,122,122,
case_27231,030838/2012,4,4,2,2,2,2,
case_27437,034920/2025,11,11,9,9,9,9,
case_27438,034923/2019,156,156,155,155,155,155,
case_27439,034978/2023,107,107,106,106,106,106,
case_27440,034998/2012,17,17,16,16,15,15,
case_27522,065368/2014,64,64,63,63,63,63,
case_27807,102222/2016,3,3,2,2,2,2,
case_28177,034355/2024,70,70,70,70,58,58,
case_28223,061806/2014,450,450,449,449,448,448,
case_28226,062448/2013,31,31,31,31,30,30,
case_28247,069855/2014,363,363,363,363,284,284,
case_28345,102395/2015,2,2,1,1,1,1,
case_28508,151532/2019,519,519,518,518,517,517,
case_28514,151547/2014,134,134,132,132,131,131,
case_28519,151650/2014,138,138,138,138,136,136,
case_28522,151657/2020,325,325,324,324,324,324,
case_28567,152437/2024,56,56,56,56,55,55,
case_28570,152456/2018,113,113,112,112,111,111,
case_28573,152497/2022,80,80,80,80,79,79,
case_28577,152551/2015,314,314,313,313,308,308,
case_28582,152635/2012,76,76,76,76,75,75,
case_28583,152660/2015,37,37,37,37,36,36,
case_28589,152771/2014,39,39,39,39,38,38,
case_28590,152830/2015,181,181,181,181,180,180,
case_28591,152864/2016,24,24,24,24,23,23,
case_28592,152866/2021,269,269,269,269,268,268,
case_28633,153662/2019,62,62,62,62,61,61,
case_28787,LT-302753-22/QU,3,3,3,3,0,0,
case_28810,Not Assigned,2,2,1,1,1,1,
case_29030,LT-300973-20/NY,4,4,4,4,0,0,
case_29031,LT-306452-20/NY,5,5,5,5,0,0,
case_29212,LT-301768-23/NY,5,5,5,5,0,0,
case_29213,LT-301912-23/NY,22,22,22,22,0,0,
case_29214,LT-316697-24/NY,2,2,2,2,0,0,
case_29215,LT-327488-24/KI,7,7,7,7,0,0,
case_29363,CV-001912-17/KI,1,1,1,1,0,0,
case_29445,LT-000482-25/KI,3,3,3,3,0,0,
case_29446,LT-010011-22/KI,17,17,17,17,0,0,
case_29447,LT-300989-24/KI,20,20,20,20,0,0,
case_29448,LT-300990-24/KI,24,24,24,24,0,0,
case_29449,LT-300991-24/KI,19,19,19,19,0,0,
case_29450,LT-311108-23/KI,12,12,12,12,0,0,
case_29451,LT-329666-23/KI,9,9,9,9,0,0,
case_29452,LT-329680-23/KI,10,10,10,10,0,0,
case_29453,LT-330784-23/KI,26,26,26,26,0,0,
case_29454,LT-330910-23/KI,14,14,14,14,0,0,
case_29455,LT-330911-23/KI,13,13,13,13,2,2,
case_29456,LT-330912-23/KI,13,13,13,13,6,6,
case_29457,LT-330913-23/KI,10,10,10,10,5,5,
case_29458,LT-330974-23/KI,18,18,18,18,0,0,
case_29459,LT-331058-23/KI,12,12,12,12,0,0,
case_29460,LT-332992-23/KI,4,4,4,4,0,0,
case_29461,LT-332993-23/KI,4,4,4,4,0,0,
case_29462,LT-332996-23/KI,4,4,4,4,0,0,
case_29463,LT-333000-23/KI,5,5,5,5,0,0,
case_29506,CV-009144-20/KI,1,1,1,1,0,0,
case_29515,612226/2020,6,8,8,8,8,8,
case_29535,LT-323303-23/KI,19,19,19,19,0,0,
case_29690,LT-300455-23/QU,5,5,5,5,0,0,
case_29698,LT-313998-22/NY,6,6,6,6,0,0,
case_29839,EF2020-1957,363,363,363,363,180,180,
case_29873,Not Assigned,1,1,1,1,0,0,
case_29874,Not Assigned,1,1,1,1,0,0,
case_29875,Not Assigned,1,1,1,1,0,0,
case_29876,Not Assigned,1,1,1,1,0,0,
case_29877,Not Assigned,1,1,1,1,0,0,
case_29878,Not Assigned,1,1,1,1,0,0,
case_29879,Not Assigned,1,1,1,1,0,0,
case_29880,Not Assigned,1,1,1,1,0,0,
case_29881,Not Assigned,1,1,1,1,0,0,
case_29882,Not Assigned,1,1,1,1,0,0,
case_29883,Not Assigned,1,1,1,1,0,0,
case_29884,Not Assigned,1,1,1,1,0,0,
case_29885,Not Assigned,1,1,1,1,0,0,
case_29886,Not Assigned,1,1,1,1,0,0,
case_29887,Not Assigned,1,1,1,1,0,0,
case_29888,Not Assigned,1,1,1,1,0,0,
case_29889,Not Assigned,1,1,1,1,0,0,
case_29890,Not Assigned,1,1,1,1,0,0,
case_29891,Not Assigned,1,1,1,1,0,0,
case_29892,Not Assigned,1,1,1,1,0,0,
case_29893,Not Assigned,1,1,1,1,0,0,
case_29894,Not Assigned,1,1,1,1,0,0,
case_29909,CV-701123-26/RI,4,4,4,4,0,0,
case_29910,CV-701124-26/RI,5,5,5,5,0,0,
case_29911,CV-701125-26/RI,3,3,3,3,1,1,
case_29920,CV-701158-26/RI,3,3,3,3,2,2,
case_29921,CV-701159-26/RI,6,6,6,6,2,2,
case_29922,CV-701160-26/RI,7,7,7,7,2,2,
case_29923,CV-701161-26/RI,3,3,2,2,1,1,
case_29929,CV-701167-26/RI,4,4,4,4,2,2,
case_29930,CV-701168-26/RI,5,5,5,5,4,4,
case_29933,CV-701171-26/RI,3,3,3,3,2,2,
case_29934,CV-701172-26/RI,4,4,4,4,2,2,
case_29935,CV-701173-26/RI,4,4,4,4,1,1,
case_29936,CV-701174-26/RI,4,4,4,4,1,1,
case_29937,CV-701175-26/RI,3,3,3,3,2,2,
case_29938,CV-701176-26/RI,15,15,15,15,3,3,
case_29939,CV-701177-26/RI,4,4,4,4,0,0,
case_29940,CV-701178-26/RI,5,5,5,5,0,0,
case_29941,CV-701179-26/RI,5,5,5,5,0,0,
case_29942,CV-701180-26/RI,5,5,5,5,0,0,
case_29943,CV-701181-26/RI,3,3,3,3,0,0,
case_29944,CV-701182-26/RI,4,4,4,4,0,0,
case_29945,CV-701183-26/RI,5,5,5,5,0,0,
case_29946,CV-701184-26/RI,4,4,4,4,0,0,
case_29947,CV-701185-26/RI,4,4,4,4,0,0,
case_29948,CV-701186-26/RI,17,17,17,17,1,1,
case_29950,CV-701188-26/RI,3,3,3,3,2,2,
case_29953,CV-701191-26/RI,4,4,4,4,3,3,
case_29962,CV-701200-26/RI,3,3,3,3,0,0,
case_29963,CV-701860-26/KI,2,2,2,2,1,1,
case_29964,CV-704668-25/RI,2,2,2,2,0,0,
case_29965,CV-707951-24/RI,4,4,4,4,0,0,
case_29966,CV-708308-24/KI,1,1,1,1,0,0,
case_29967,CV-708315-24/KI,13,13,13,13,1,1,
case_29968,CV-708316-24/KI,1,1,1,1,0,0,
case_29969,CV-708420-24/RI,10,10,10,10,0,0,
case_29970,CV-708714-24/RI,5,5,5,5,0,0,
case_29971,CV-711723-26/KI,3,3,3,3,0,0,
case_29972,CV-711724-26/KI,5,5,5,5,0,0,
case_29973,CV-711812-26/KI,3,3,3,3,0,0,
case_29974,CV-711813-26/KI,5,5,5,5,0,0,
case_29975,CV-711814-26/KI,3,3,3,3,0,0,
case_29976,CV-711815-26/KI,1,1,1,1,0,0,
case_29977,CV-711816-26/KI,5,5,5,5,3,3,
case_29978,CV-711817-26/KI,5,5,5,5,2,2,
case_29979,CV-711818-26/KI,3,3,3,3,2,2,
case_29980,CV-711819-26/KI,2,2,2,2,1,1,
case_29981,CV-711820-26/KI,11,11,11,11,10,10,
case_29986,CV-715135-25/RI,5,5,5,5,1,1,
case_29987,CV-715136-25/RI,5,5,5,5,0,0,
case_29988,CV-715368-25/RI,3,3,3,3,0,0,
case_29989,CV-715419-25/RI,8,8,8,8,0,0,
case_29990,CV-719910-25/RI,11,11,11,11,7,7,
case_29991,CV-721247-25/KI,2,2,2,2,1,1,
case_30014,CV-743493-26/RI,3,3,3,3,0,0,
case_30015,CV-743494-26/RI,3,3,3,3,1,1,
case_30016,CV-743495-26/RI,3,3,3,3,0,0,
case_30017,CV-748469-26/RI,2,2,2,2,1,1,
case_30018,CV-748471-26/RI,3,3,3,3,0,0,
case_30019,CV-748473-26/RI,5,5,5,5,0,0,
case_30020,CV-748475-26/RI,5,5,5,5,0,0,
case_30021,CV-748477-26/RI,6,6,6,6,0,0,
case_30022,CV-748479-26/RI,5,5,5,5,0,0,
case_30023,CV-748481-26/RI,5,5,5,5,0,0,
case_30024,CV-748483-26/RI,4,4,4,4,0,0,
case_30025,CV-748664-26/RI,4,4,4,4,0,0,
case_30026,CV-749957-24/KI,2,2,2,2,0,0,
case_30027,CV-751301-24/RI,3,3,3,3,0,0,
case_30028,CV-751302-24/RI,2,2,2,2,0,0,
case_30029,CV-751303-24/RI,2,2,2,2,0,0,
case_30030,CV-751304-24/RI,2,2,2,2,0,0,
case_30031,CV-753585-25/KI,5,5,5,5,0,0,
case_30032,CV-754419-26/RI,4,4,4,4,0,0,
case_30033,CV-756848-23/RI,2,2,2,2,0,0,
case_30034,CV-756849-23/RI,2,2,2,2,0,0,
case_30035,CV-756850-23/RI,2,2,2,2,0,0,
case_30036,CV-758031-23/RI,8,8,8,8,0,0,
case_30037,CV-758770-24/KI,3,3,3,3,0,0,
case_30038,CV-758771-24/KI,7,7,7,7,0,0,
case_30039,CV-758772-24/KI,3,3,3,3,0,0,
case_30040,CV-758868-26/RI,3,3,3,3,0,0,
case_30041,CV-758869-26/RI,5,5,5,5,0,0,
case_30042,CV-758870-26/RI,4,4,4,4,0,0,
case_30043,CV-758871-26/RI,5,5,5,5,0,0,
case_30044,CV-758872-26/RI,4,4,4,4,0,0,
case_30045,CV-758873-26/RI,2,2,2,2,0,0,
case_30046,CV-758926-26/RI,2,2,2,2,0,0,
case_30047,CV-758927-26/RI,4,4,4,4,0,0,
case_30048,CV-758928-26/RI,2,2,2,2,0,0,
case_30049,CV-758929-26/RI,4,4,4,4,0,0,
case_30050,CV-758931-26/RI,2,2,2,2,0,0,
case_30051,CV-758932-26/RI,5,5,5,5,0,0,
case_30052,CV-758933-26/RI,2,2,2,2,0,0,
case_30053,CV-758934-26/RI,3,3,3,3,0,0,
case_30054,CV-758936-26/RI,2,2,2,2,0,0,
case_30055,CV-758937-26/RI,2,2,2,2,0,0,
case_30056,CV-758938-26/RI,4,4,4,4,0,0,
case_30057,CV-758939-26/RI,4,4,4,4,0,0,
case_30058,CV-758941-26/RI,2,2,2,2,0,0,
case_30059,CV-758942-26/RI,4,4,4,4,0,0,
case_30060,CV-758943-25/RI,5,5,5,5,0,0,
case_30061,CV-758944-26/RI,5,5,5,5,0,0,
case_30062,CV-758945-26/RI,5,5,5,5,0,0,
case_30063,CV-758946-26/RI,4,4,4,4,0,0,
case_30064,CV-758947-26/RI,2,2,2,2,0,0,
case_30065,CV-758948-26/RI,1,1,1,1,0,0,
case_30066,CV-758949-26/RI,4,4,4,4,0,0,
case_30067,CV-758950-26/RI,2,2,2,2,0,0,
case_30068,CV-758951-26/RI,3,3,3,3,0,0,
case_30069,CV-758952-26/RI,2,2,2,2,0,0,
case_30070,CV-758953-26/RI,3,3,3,3,0,0,
case_30071,CV-758954-26/RI,2,2,2,2,0,0,
case_30072,CV-758955-26/RI,3,3,3,3,0,0,
case_30073,CV-758956-26/RI,2,2,2,2,0,0,
case_30074,CV-758957-26/RI,2,2,2,2,0,0,
case_30075,CV-758958-26/RI,4,4,4,4,0,0,
case_30076,CV-758959-26/RI,2,2,2,2,0,0,
case_30077,CV-758962-26/RI,4,4,4,4,0,0,
case_30078,CV-758963-26/RI,3,3,3,3,0,0,
case_30079,CV-758964-26/RI,5,5,5,5,0,0,
case_30080,CV-758965-26/RI,2,2,2,2,0,0,
case_30081,CV-758966-26/RI,2,2,2,2,0,0,
case_30082,CV-758967-26/RI,4,4,4,4,0,0,
case_30083,CV-758969-26/RI,2,2,2,2,0,0,
case_30084,CV-758970-26/RI,3,3,3,3,0,0,
case_30085,CV-758974-26/RI,3,3,3,3,0,0,
case_30086,CV-759008-26/RI,2,2,2,2,0,0,
case_30087,CV-759009-26/RI,2,2,2,2,0,0,
case_30088,CV-759010-26/RI,3,3,3,3,0,0,
case_30089,CV-759011-26/RI,3,3,3,3,0,0,
case_30090,CV-759012-26/RI,3,3,3,3,0,0,
case_30091,CV-759021-26/RI,2,2,2,2,0,0,
case_30092,CV-759022-26/RI,3,3,3,3,0,0,
case_30093,CV-759023-26/RI,5,5,5,5,0,0,
case_30094,CV-759024-26/RI,3,3,3,3,0,0,
case_30095,CV-759025-26/RI,3,3,3,3,0,0,
case_30096,CV-759026-26/RI,2,2,2,2,0,0,
case_30097,CV-759027-26/RI,4,4,4,4,0,0,
case_30098,CV-759028-26/RI,3,3,3,3,0,0,
case_30099,CV-759029-26/RI,3,3,3,3,0,0,
case_30100,CV-759030-26/RI,4,4,4,4,0,0,
case_30101,CV-759031-26/RI,2,2,2,2,0,0,
case_30102,CV-759047-26/RI,3,3,3,3,0,0,
case_30103,CV-759048-26/RI,3,3,3,3,0,0,
case_30104,CV-759049-26/RI,3,3,3,3,0,0,
case_30105,CV-759075-26/RI,5,5,5,5,0,0,
case_30106,CV-759076-26/RI,3,3,3,3,0,0,
case_30107,CV-759077-26/RI,2,2,2,2,0,0,
case_30108,CV-759078-26/RI,2,2,2,2,0,0,
case_30109,CV-759079-26/RI,4,4,4,4,0,0,
case_30110,CV-759085-26/RI,2,2,2,2,0,0,
case_30111,CV-759086-26/RI,2,2,2,2,0,0,
case_30112,CV-769596-26/RI,1,1,1,1,0,0,
case_30113,CV-769597-26/RI,1,1,1,1,0,0,
case_30114,CV-769598-26/RI,1,1,1,1,0,0,
case_30115,CV-769599-26/RI,1,1,1,1,0,0,
case_30116,CV-769600-26/RI,1,1,1,1,0,0,
case_30117,CV-769601-26/RI,1,1,1,1,0,0,
case_30118,CV-770575-25/KI,5,5,5,5,0,0,
case_30119,CV-772570-26/RI,1,1,1,1,0,0,
case_30120,CV-772571-26/RI,1,1,1,1,0,0,
case_30121,CV-772760-26/RI,1,1,1,1,0,0,
case_30122,CV-772761-26/RI,1,1,1,1,0,0,
case_30232,Not Assigned,1,1,1,1,0,0,
case_30233,Not Assigned,1,1,1,1,0,0,
case_30234,Not Assigned,1,1,1,1,0,0,
case_30235,Not Assigned,1,1,1,1,0,0,
case_30236,Not Assigned,1,1,1,1,0,0,
case_30237,Not Assigned,1,1,1,1,0,0,
case_30238,Not Assigned,1,1,1,1,0,0,
case_30239,Not Assigned,1,1,1,1,0,0,
case_30240,Not Assigned,1,1,1,1,0,0,
case_30241,Not Assigned,1,1,1,1,0,0,
case_30242,Not Assigned,1,1,1,1,0,0,
case_30243,Not Assigned,1,1,1,1,0,0,
case_30244,Not Assigned,1,1,1,1,0,0,
case_30245,Not Assigned,1,1,1,1,0,0,
case_30246,Not Assigned,1,1,1,1,0,0,
case_30247,Not Assigned,1,1,1,1,0,0,
case_30248,Not Assigned,1,1,1,1,0,0,
case_30249,Not Assigned,1,1,1,1,0,0,
case_30250,Not Assigned,1,1,1,1,0,0,
case_30251,Not Assigned,1,1,1,1,0,0,
case_30252,Not Assigned,1,1,1,1,0,0,
case_30253,Not Assigned,1,1,1,1,0,0,
case_30254,Not Assigned,1,1,1,1,0,0,
case_30255,Not Assigned,1,1,1,1,0,0,
case_30256,Not Assigned,1,1,1,1,0,0,
case_30257,Not Assigned,1,1,1,1,0,0,
case_30258,Not Assigned,1,1,1,1,0,0,
case_30259,Not Assigned,1,1,1,1,0,0,
case_30260,Not Assigned,1,1,1,1,0,0,
case_30261,Not Assigned,1,1,1,1,0,0,
case_30262,Not Assigned,1,1,1,1,0,0,
case_30263,Not Assigned,1,1,1,1,0,0,
case_30264,Not Assigned,1,1,1,1,0,0,
case_30265,Not Assigned,1,1,1,1,0,0,
case_30266,Not Assigned,1,1,1,1,0,0,
case_30267,Not Assigned,1,1,1,1,0,0,
case_30268,Not Assigned,1,1,1,1,0,0,
case_30269,Not Assigned,1,1,1,1,0,0,
case_30270,Not Assigned,1,1,1,1,0,0,
case_30271,Not Assigned,1,1,1,1,0,0,
case_30272,Not Assigned,1,1,1,1,0,0,
case_30273,Not Assigned,2,2,2,2,0,0,
case_30274,Not Assigned,2,2,2,2,0,0,
case_30275,Not Assigned,2,2,2,2,0,0,
case_30276,Not Assigned,2,2,2,2,0,0,
case_30277,Not Assigned,2,2,2,2,0,0,
case_30278,Not Assigned,2,2,2,2,0,0,
case_30279,Not Assigned,2,2,2,2,0,0,
case_30280,Not Assigned,2,2,2,2,0,0,
case_30281,Not Assigned,2,2,2,2,0,0,
case_30282,Not Assigned,2,2,2,2,0,0,
case_30283,Not Assigned,2,2,2,2,0,0,
case_30284,Not Assigned,2,2,2,2,0,0,
case_30285,Not Assigned,2,2,2,2,0,0,
case_30286,Not Assigned,2,2,2,2,0,0,
case_30287,Not Assigned,2,2,2,2,0,0,
case_30288,Not Assigned,2,2,2,2,0,0,
case_30292,Not Assigned,2,2,2,2,0,0,
case_30295,Not Assigned,2,2,2,2,0,0,
case_30296,Not Assigned,2,2,2,2,1,1,
case_30421,607438/2015,22,22,22,22,16,16,
case_30444,615225/2025,69,69,69,69,40,40,
case_30536,CV-003222-25/HU,3,3,3,3,1,1,
case_30537,CV-003273-25/HU,3,3,3,3,0,0,
case_30538,CV-003299-26/HU,2,2,2,2,0,0,
case_30539,CV-003300-26/HU,2,2,2,2,1,1,
case_30540,CV-003898-26/HU,2,2,2,2,1,1,
case_30547,CV-004191-25/BA,2,2,2,2,1,1,
case_30556,CV-005328-26/SM,2,2,2,2,1,1,
case_30557,CV-005329-26/SM,2,2,2,2,1,1,
case_30558,CV-005330-26/SM,2,2,2,2,1,1,
case_30559,CV-005331-26/SM,2,2,2,2,1,1,
case_30561,CV-005334-26/SM,2,2,2,2,0,0,
case_30562,CV-005335-26/SM,2,2,2,2,1,1,
case_30583,CV-011283-25/BA,2,2,2,2,0,0,
case_30584,CV-011699-24/HU,2,2,2,2,1,1,
case_30585,CV-012312-24/HU,2,2,2,2,0,0,
case_30586,CV-012747-25/BA,2,2,2,2,0,0,
case_30587,CV-013602-24/HU,2,2,2,2,0,0,
case_30588,CV-013720-24/HU,2,2,2,2,1,1,
case_30589,CV-014183-24/HU,2,2,2,2,1,1,
case_30590,CV-014184-24/HU,2,2,2,2,0,0,
case_30591,CV-014730-24/HU,2,2,2,2,0,0,
case_30592,CV-014794-24/HU,2,2,2,2,0,0,
case_30593,CV-015938-24/HU,2,2,2,2,0,0,
case_30594,CV-015939-24/HU,2,2,2,2,0,0,
case_30595,CV-700002-26/KI,5,5,5,5,0,0,
case_30596,CV-700032-24/QU,12,12,12,12,0,0,
case_30597,CV-700049-24/NY,8,8,8,8,0,0,
case_30598,CV-700090-24/BX,14,14,14,14,0,0,
case_30599,CV-700666-24/NY,22,22,22,22,0,0,
case_30600,CV-700680-25/NY,2,2,2,2,0,0,
case_30601,CV-700682-25/NY,5,5,5,5,0,0,
case_30602,CV-700811-24/BX,5,5,5,5,0,0,
case_30603,CV-700841-25/QU,2,2,2,2,0,0,
case_30604,CV-700846-26/NY,11,11,11,11,0,0,
case_30605,CV-701025-26/NY,2,2,2,2,0,0,
case_30606,CV-701226-26/NY,11,11,11,11,2,2,
case_30607,CV-701369-24/BX,11,11,11,11,4,4,
case_30608,CV-701446-25/NY,6,6,6,6,1,1,
case_30609,CV-701539-24/BX,26,26,26,26,0,0,
case_30610,CV-701664-25/NY,5,5,5,5,0,0,
case_30611,CV-701672-25/BX,2,2,2,2,0,0,
case_30612,CV-701766-26/NY,3,3,3,3,0,0,
case_30613,CV-701801-25/BX,5,5,5,5,0,0,
case_30614,CV-701826-24/NY,8,8,8,8,0,0,
case_30615,CV-702009-24/QU,2,2,2,2,0,0,
case_30616,CV-702181-25/RI,4,4,4,4,0,0,
case_30617,CV-702182-25/RI,5,5,5,5,0,0,
case_30618,CV-702184-25/RI,7,7,7,7,0,0,
case_30619,CV-702192-26/NY,5,5,5,5,0,0,
case_30620,CV-702253-26/QU,5,5,5,5,0,0,
case_30621,CV-702254-26/QU,5,5,5,5,0,0,
case_30622,CV-702255-26/QU,5,5,5,5,0,0,
case_30623,CV-702293-26/NY,5,5,5,5,0,0,
case_30624,CV-702420-24/BX,7,7,7,7,0,0,
case_30625,CV-702523-25/BX,4,4,4,4,0,0,
case_30626,CV-702530-26/QU,8,8,8,8,0,0,
case_30627,CV-702531-26/QU,8,8,8,8,0,0,
case_30628,CV-702692-25/QU,5,5,5,5,0,0,
case_30629,CV-702834-26/QU,4,4,4,4,0,0,
case_30630,CV-702989-25/BX,5,5,5,5,0,0,
case_30631,CV-703018-25/BX,5,5,5,5,0,0,
case_30632,CV-703089-26/BX,4,4,4,4,0,0,
case_30633,CV-703105-24/NY,6,6,6,6,0,0,
case_30634,CV-703121-24/QU,7,7,7,7,0,0,
case_30635,CV-703185-24/NY,9,9,9,9,0,0,
case_30636,CV-703360-24/BX,7,7,7,7,0,0,
case_30637,CV-703361-24/BX,4,4,4,4,0,0,
case_30638,CV-703390-24/NY,22,22,22,22,0,0,
case_30639,CV-703391-24/NY,21,21,21,21,0,0,
case_30640,CV-703442-25/NY,6,6,6,6,0,0,
case_30641,CV-703564-24/BX,4,4,4,4,0,0,
case_30642,CV-703570-24/BX,5,5,5,5,0,0,
case_30643,CV-703804-24/BX,4,4,4,4,0,0,
case_30644,CV-703843-24/BX,7,7,7,7,0,0,
case_30645,CV-703980-25/QU,5,5,5,5,0,0,
case_30646,CV-703989-25/QU,7,7,7,7,0,0,
case_30647,CV-704144-25/NY,2,2,2,2,0,0,
case_30648,CV-704145-25/NY,2,2,2,2,0,0,
case_30649,CV-704251-24/QU,19,19,19,19,0,0,
case_30650,CV-704289-26/NY,2,2,2,2,0,0,
case_30651,CV-704365-25/QU,2,2,2,2,0,0,
case_30652,CV-704447-25/BX,6,6,6,6,0,0,
case_30653,CV-704538-24/BX,5,5,5,5,0,0,
case_30654,CV-704610-24/BX,20,20,20,20,0,0,
case_30655,CV-705005-26/NY,1,1,1,1,0,0,
case_30656,CV-705518-24/NY,12,12,12,12,0,0,
case_30657,CV-705534-26/NY,2,2,2,2,0,0,
case_30658,CV-705536-25/RI,5,5,5,5,0,0,
case_30659,CV-705537-24/NY,4,4,4,4,0,0,
case_30660,CV-705597-26/KI,8,8,8,8,0,0,
case_30661,CV-705635-24/NY,6,6,6,6,0,0,
case_30662,CV-705728-24/BX,7,7,7,7,0,0,
case_30663,CV-705914-24/BX,5,5,5,5,0,0,
case_30664,CV-705964-24/QU,4,4,4,4,0,0,
case_30665,CV-705996-24/KI,2,2,2,2,0,0,
case_30666,CV-705998-24/KI,6,6,6,6,0,0,
case_30667,CV-706027-25/QU,5,5,5,5,0,0,
case_30668,CV-706127-25/RI,14,14,14,14,0,0,
case_30669,CV-706130-25/RI,14,14,14,14,0,0,
case_30670,CV-706164-25/NY,7,7,7,7,0,0,
case_30671,CV-706191-24/BX,2,2,2,2,0,0,
case_30672,CV-706260-24/BX,14,14,14,14,0,0,
case_30673,CV-706303-26/QU,5,5,5,5,0,0,
case_30674,CV-706399-25/RI,5,5,5,5,0,0,
case_30675,CV-706403-24/NY,6,6,6,6,0,0,
case_30676,CV-706459-25/RI,2,2,2,2,0,0,
case_30677,CV-706460-25/RI,5,5,5,5,0,0,
case_30678,CV-706888-24/QU,7,7,7,7,0,0,
case_30679,CV-706979-26/BX,2,2,2,2,0,0,
case_30680,CV-706994-24/QU,5,5,5,5,0,0,
case_30681,CV-707490-24/QU,5,5,5,5,0,0,
case_30682,CV-707576-24/QU,5,5,5,5,0,0,
case_30683,CV-707658-25/QU,5,5,5,5,2,2,
case_30684,CV-708329-24/NY,6,6,6,6,5,5,
case_30685,CV-708504-26/QU,5,5,5,5,4,4,
case_30689,CV-708979-26/KI,11,11,11,11,10,10,
case_30690,CV-708983-24/RI,7,7,7,7,2,2,
case_30691,CV-709005-26/BX,4,4,4,4,3,3,
case_30692,CV-709098-25/BX,7,7,7,7,0,0,
case_30693,CV-709204-26/QU,5,5,5,5,0,0,
case_30694,CV-709387-26/KI,3,3,3,3,0,0,
case_30695,CV-709479-23/NY,2,2,2,2,0,0,
case_30696,CV-709591-26/RI,7,7,7,7,0,0,
case_30697,CV-710154-25/BX,5,5,5,5,0,0,
case_30698,CV-710159-25/BX,5,5,5,5,0,0,
case_30699,CV-710189-24/BX,2,2,2,2,0,0,
case_30700,CV-710347-26/KI,5,5,5,5,0,0,
case_30701,CV-710451-26/RI,15,15,15,15,0,0,
case_30702,CV-710612-26/RI,2,2,2,2,0,0,
case_30703,CV-710617-26/RI,4,4,4,4,0,0,
case_30704,CV-710710-26/QU,2,2,2,2,0,0,
case_30705,CV-710712-26/QU,2,2,2,2,0,0,
case_30706,CV-710749-26/QU,2,2,2,2,0,0,
case_30707,CV-710765-26/QU,2,2,2,2,0,0,
case_30708,CV-710810-26/KI,2,2,2,2,0,0,
case_30709,CV-710833-26/QU,2,2,2,2,0,0,
case_30710,CV-710905-26/RI,4,4,4,4,0,0,
case_30711,CV-710908-26/RI,4,4,4,4,0,0,
case_30712,CV-710946-26/RI,4,4,4,4,2,2,
case_30713,CV-710964-26/RI,4,4,4,4,2,2,
case_30714,CV-710965-26/RI,3,3,3,3,2,2,
case_30715,CV-710966-26/RI,4,4,4,4,2,2,
case_30716,CV-711006-24/RI,4,4,4,4,3,3,
case_30717,CV-711016-25/KI,6,6,6,6,4,4,
case_30718,CV-711028-26/RI,4,4,4,4,2,2,
case_30720,CV-711033-26/RI,4,4,4,4,3,3,
case_30721,CV-711126-24/KI,14,14,14,14,1,1,
case_30722,CV-711209-24/QU,9,9,9,9,0,0,
case_30723,CV-711215-26/RI,2,2,2,2,0,0,
case_30724,CV-711345-25/KI,27,27,27,27,0,0,
case_30725,CV-711407-26/BX,2,2,2,2,0,0,
case_30726,CV-711420-24/KI,5,5,5,5,0,0,
case_30727,CV-711427-24/KI,5,5,5,5,0,0,
case_30728,CV-711433-24/QU,12,12,12,12,0,0,
case_30729,CV-711504-24/BX,7,7,7,7,0,0,
case_30730,CV-711673-24/BX,2,2,2,2,0,0,
case_30731,CV-711682-24/BX,3,3,3,3,0,0,
case_30732,CV-711683-24/BX,5,5,5,5,0,0,
case_30733,CV-711685-25/KI,2,2,2,2,0,0,
case_30734,CV-711928-24/BX,2,2,2,2,0,0,
case_30735,CV-711963-25/QU,5,5,5,5,0,0,
case_30736,CV-711964-25/QU,5,5,5,5,0,0,
case_30737,CV-712076-26/RI,12,12,12,12,0,0,
case_30738,CV-712077-26/RI,1,1,1,1,0,0,
case_30739,CV-712078-26/RI,2,2,2,2,0,0,
case_30740,CV-712079-26/RI,3,3,3,3,0,0,
case_30741,CV-712080-26/RI,11,11,11,11,0,0,
case_30742,CV-712083-26/RI,2,2,2,2,0,0,
case_30743,CV-712199-24/QU,23,23,23,23,0,0,
case_30744,CV-712250-25/QU,2,2,2,2,0,0,
case_30745,CV-712266-24/BX,5,5,5,5,0,0,
case_30746,CV-712267-24/BX,4,4,4,4,0,0,
case_30747,CV-712837-24/QU,4,4,4,4,0,0,
case_30748,CV-712838-24/QU,4,4,4,4,0,0,
case_30749,CV-712997-26/QU,1,1,1,1,0,0,
case_30750,CV-713316-24/KI,4,4,4,4,0,0,
case_30751,CV-713387-24/QU,2,2,2,2,0,0,
case_30752,CV-713979-25/KI,6,6,6,6,0,0,
case_30753,CV-714207-25/BX,5,5,5,5,0,0,
case_30754,CV-714262-24/BX,2,2,2,2,0,0,
case_30755,CV-714354-24/BX,4,4,4,4,0,0,
case_30756,CV-714367-24/RI,6,6,6,6,0,0,
case_30757,CV-714368-24/RI,6,6,6,6,0,0,
case_30758,CV-714369-24/RI,3,3,3,3,0,0,
case_30759,CV-714424-21/BX,3,3,3,3,0,0,
case_30760,CV-714425-21/BX,3,3,3,3,0,0,
case_30761,CV-715198-24/BX,2,2,2,2,0,0,
case_30762,CV-715202-24/BX,10,10,10,10,0,0,
case_30763,CV-715308-24/RI,5,5,5,5,0,0,
case_30764,CV-715366-26/QU,1,1,1,1,0,0,
case_30765,CV-715421-25/QU,5,5,5,5,0,0,
case_30766,CV-715501-25/KI,5,5,5,5,0,0,
case_30767,CV-715597-25/KI,2,2,2,2,0,0,
case_30768,CV-715620-24/RI,6,6,6,6,0,0,
case_30769,CV-715650-24/RI,9,9,9,9,0,0,
case_30770,CV-715666-25/KI,2,2,2,2,0,0,
case_30771,CV-715759-24/QU,5,5,5,5,0,0,
case_30772,CV-715760-24/QU,2,2,2,2,0,0,
case_30773,CV-715777-24/RI,4,4,4,4,0,0,
case_30774,CV-716102-25/QU,12,12,12,12,0,0,
case_30775,CV-716134-24/BX,6,6,6,6,0,0,
case_30776,CV-716187-24/RI,14,14,14,14,0,0,
case_30777,CV-716236-25/RI,2,2,2,2,0,0,
case_30778,CV-716240-25/RI,3,3,3,3,0,0,
case_30779,CV-716243-25/RI,4,4,4,4,0,0,
case_30780,CV-716330-24/BX,2,2,2,2,0,0,
case_30781,CV-716335-25/RI,7,7,7,7,0,0,
case_30782,CV-716342-25/RI,3,3,3,3,0,0,
case_30783,CV-716557-25/RI,5,5,5,5,0,0,
case_30784,CV-716678-25/RI,7,7,7,7,0,0,
case_30785,CV-716691-25/RI,6,6,6,6,0,0,
case_30786,CV-716886-24/QU,2,2,2,2,0,0,
case_30787,CV-717115-25/QU,5,5,5,5,0,0,
case_30788,CV-717419-24/KI,4,4,4,4,0,0,
case_30789,CV-717542-25/BX,5,5,5,5,0,0,
case_30790,CV-718070-26/RI,2,2,2,2,0,0,
case_30791,CV-718145-25/QU,4,4,4,4,0,0,
case_30792,CV-718191-26/RI,5,5,5,5,0,0,
case_30793,CV-718205-26/RI,2,2,2,2,0,0,
case_30794,CV-718206-26/RI,2,2,2,2,0,0,
case_30795,CV-718292-24/KI,15,15,15,15,0,0,
case_30796,CV-718300-26/RI,2,2,2,2,0,0,
case_30797,CV-718329-26/RI,2,2,2,2,0,0,
case_30798,CV-718657-25/BX,6,6,6,6,0,0,
case_30799,CV-718922-23/BX,2,2,2,2,0,0,
case_30800,CV-718923-23/BX,18,18,18,18,0,0,
case_30801,CV-718927-25/BX,5,5,5,5,0,0,
case_30802,CV-718960-26/BX,1,1,1,1,0,0,
case_30803,CV-719145-25/RI,2,2,2,2,0,0,
case_30804,CV-719241-25/RI,4,4,4,4,0,0,
case_30805,CV-719288-25/RI,6,6,6,6,0,0,
case_30806,CV-719289-25/RI,4,4,4,4,0,0,
case_30807,CV-719290-25/RI,2,2,2,2,0,0,
case_30808,CV-719291-25/RI,2,2,2,2,0,0,
case_30809,CV-719842-24/KI,4,4,4,4,0,0,
case_30810,CV-719843-24/KI,7,7,7,7,0,0,
case_30811,CV-720335-24/BX,5,5,5,5,0,0,
case_30812,CV-720341-24/BX,5,5,5,5,0,0,
case_30813,CV-720476-24/RI,7,7,7,7,0,0,
case_30814,CV-720481-24/RI,16,16,16,16,0,0,
case_30815,CV-720502-24/RI,2,2,2,2,0,0,
case_30816,CV-720556-25/KI,3,3,3,3,0,0,
case_30817,CV-720619-25/KI,5,5,5,5,0,0,
case_30818,CV-720624-25/KI,5,5,5,5,0,0,
case_30819,CV-720739-25/RI,3,3,3,3,0,0,
case_30820,CV-720777-25/RI,19,19,19,19,0,0,
case_30821,CV-720778-25/RI,1,1,1,1,0,0,
case_30822,CV-720839-25/RI,3,3,3,3,0,0,
case_30823,CV-720843-25/RI,3,3,3,3,0,0,
case_30824,CV-721032-24/RI,7,7,7,7,0,0,
case_30825,CV-721070-26/KI,7,7,7,7,0,0,
case_30826,CV-721317-26/KI,6,6,6,6,0,0,
case_30827,CV-721318-26/KI,6,6,6,6,0,0,
case_30828,CV-721494-24/RI,7,7,7,7,0,0,
case_30829,CV-722054-24/QU,5,5,5,5,0,0,
case_30830,CV-722110-26/RI,3,3,3,3,0,0,
case_30831,CV-722145-24/QU,5,5,5,5,0,0,
case_30832,CV-722258-24/QU,3,3,3,3,0,0,
case_30833,CV-722339-24/QU,5,5,5,5,0,0,
case_30834,CV-722383-26/RI,3,3,3,3,0,0,
case_30835,CV-722794-24/QU,5,5,5,5,0,0,
case_30836,CV-722795-24/QU,5,5,5,5,0,0,
case_30837,CV-722797-24/QU,5,5,5,5,0,0,
case_30838,CV-723113-26/KI,5,5,5,5,0,0,
case_30839,CV-723118-26/KI,6,6,6,6,0,0,
case_30840,CV-723253-26/KI,4,4,4,4,0,0,
case_30841,CV-723443-25/QU,5,5,5,5,0,0,
case_30842,CV-723478-25/QU,5,5,5,5,0,0,
case_30843,CV-723487-25/QU,10,10,10,10,0,0,
case_30844,CV-724716-25/KI,5,5,5,5,0,0,
case_30845,CV-724756-26/KI,1,1,1,1,0,0,
case_30846,CV-725047-24/KI,2,2,2,2,0,0,
case_30847,CV-725073-24/KI,12,12,12,12,0,0,
case_30848,CV-725771-24/KI,7,7,7,7,0,0,
case_30849,CV-725848-24/KI,7,7,7,7,0,0,
case_30850,CV-725859-24/KI,7,7,7,7,0,0,
case_30851,CV-726074-26/RI,3,3,3,3,0,0,
case_30852,CV-726276-24/KI,5,5,5,5,0,0,
case_30853,CV-726397-25/RI,5,5,5,5,0,0,
case_30854,CV-726870-25/RI,3,3,3,3,0,0,
case_30855,CV-728122-24/KI,14,14,14,14,0,0,
case_30856,CV-728435-26/KI,7,7,7,7,0,0,
case_30857,CV-728522-26/KI,4,4,4,4,0,0,
case_30858,CV-729530-25/RI,2,2,2,2,0,0,
case_30859,CV-729531-25/RI,2,2,2,2,0,0,
case_30860,CV-730629-24/KI,7,7,7,7,0,0,
case_30861,CV-730682-25/RI,4,4,4,4,0,0,
case_30862,CV-732623-25/RI,2,2,2,2,0,0,
case_30863,CV-733423-24/RI,21,21,21,21,0,0,
case_30864,CV-733953-25/RI,4,4,4,4,0,0,
case_30865,CV-734378-24/RI,23,23,23,23,0,0,
case_30866,CV-734399-24/RI,6,6,6,6,0,0,
case_30867,CV-734400-24/RI,6,6,6,6,0,0,
case_30868,CV-734964-26/KI,2,2,2,2,0,0,
case_30869,CV-734966-26/KI,2,2,2,2,0,0,
case_30870,CV-734967-26/KI,2,2,2,2,0,0,
case_30871,CV-734970-26/KI,2,2,2,2,0,0,
case_30872,CV-734973-26/KI,2,2,2,2,0,0,
case_30873,CV-734975-26/KI,2,2,2,2,0,0,
case_30874,CV-734999-26/KI,2,2,2,2,0,0,
case_30875,CV-735003-25/RI,4,4,4,4,0,0,
case_30876,CV-735058-26/KI,3,3,3,3,0,0,
case_30877,CV-735132-26/KI,2,2,2,2,0,0,
case_30878,CV-736611-25/RI,4,4,4,4,0,0,
case_30879,CV-736631-26/KI,2,2,2,2,0,0,
case_30880,CV-736960-24/RI,7,7,7,7,0,0,
case_30881,CV-736977-24/RI,6,6,6,6,0,0,
case_30882,CV-737104-25/RI,7,7,7,7,0,0,
case_30883,CV-737184-25/RI,4,4,4,4,0,0,
case_30884,CV-737307-25/RI,5,5,5,5,0,0,
case_30885,CV-737308-25/RI,5,5,5,5,0,0,
case_30886,CV-737616-24/RI,3,3,3,3,0,0,
case_30887,CV-737699-24/RI,1,1,1,1,0,0,
case_30888,CV-737700-24/RI,4,4,4,4,0,0,
case_30889,CV-739969-24/RI,7,7,7,7,0,0,
case_30890,CV-740626-24/RI,2,2,2,2,0,0,
case_30891,CV-740791-24/RI,8,8,8,8,0,0,
case_30892,CV-740850-24/RI,17,17,17,17,0,0,
case_30893,CV-741326-24/RI,9,9,9,9,0,0,
case_30894,CV-742456-24/KI,2,2,2,2,0,0,
case_30895,CV-742471-24/KI,2,2,2,2,0,0,
case_30896,CV-742493-24/KI,5,5,5,5,0,0,
case_30897,CV-743702-26/RI,2,2,2,2,0,0,
case_30898,CV-743739-26/RI,2,2,2,2,0,0,
case_30899,CV-743869-26/RI,2,2,2,2,0,0,
case_30900,CV-744597-26/RI,2,2,2,2,0,0,
case_30901,CV-744598-26/RI,2,2,2,2,0,0,
case_30902,CV-745009-25/RI,5,5,5,5,0,0,
case_30903,CV-745037-24/KI,3,3,3,3,0,0,
case_30904,CV-745038-24/KI,3,3,3,3,0,0,
case_30905,CV-745559-24/RI,8,8,8,8,0,0,
case_30906,CV-745560-24/RI,7,7,7,7,0,0,
case_30907,CV-745561-24/RI,7,7,7,7,0,0,
case_30908,CV-745906-24/RI,1,1,1,1,0,0,
case_30909,CV-746623-24/KI,12,12,12,12,0,0,
case_30910,CV-747931-24/RI,11,11,11,11,0,0,
case_30911,CV-748184-24/RI,5,5,5,5,0,0,
case_30912,CV-748306-24/RI,2,2,2,2,0,0,
case_30913,CV-749355-26/RI,5,5,5,5,0,0,
case_30914,CV-749846-24/RI,30,30,30,30,0,0,
case_30915,CV-750508-24/KI,7,7,7,7,0,0,
case_30916,CV-750839-24/KI,2,2,2,2,0,0,
case_30917,CV-751578-26/RI,1,1,1,1,0,0,
case_30918,CV-753783-26/RI,1,1,1,1,0,0,
case_30919,CV-754682-25/KI,5,5,5,5,0,0,
case_30920,CV-755651-24/RI,5,5,5,5,0,0,
case_30921,CV-756109-23/RI,7,7,7,7,0,0,
case_30922,CV-756110-23/RI,5,5,5,5,0,0,
case_30923,CV-756797-26/RI,1,1,1,1,0,0,
case_30924,CV-756798-26/RI,1,1,1,1,0,0,
case_30925,CV-757274-26/RI,1,1,1,1,0,0,
case_30926,CV-757391-24/KI,2,2,2,2,0,0,
case_30927,CV-757694-26/RI,1,1,1,1,0,0,
case_30928,CV-757785-26/RI,1,1,1,1,0,0,
case_30929,CV-758273-26/RI,1,1,1,1,0,0,
case_30930,CV-758643-24/KI,2,2,2,2,0,0,
case_30931,CV-758830-25/KI,2,2,2,2,0,0,
case_30932,CV-758831-25/KI,2,2,2,2,0,0,
case_30933,CV-758832-25/KI,11,11,11,11,0,0,
case_30934,CV-759021-25/RI,6,6,6,6,0,0,
case_30935,CV-759117-24/KI,6,6,6,6,0,0,
case_30936,CV-759166-24/KI,6,6,6,6,0,0,
case_30937,CV-759167-24/KI,4,4,4,4,0,0,
case_30938,CV-759169-24/KI,7,7,7,7,0,0,
case_30939,CV-759171-24/KI,4,4,4,4,0,0,
case_30940,CV-759178-24/KI,6,6,6,6,0,0,
case_30941,CV-759179-24/KI,6,6,6,6,0,0,
case_30942,CV-759182-24/KI,6,6,6,6,0,0,
case_30943,CV-759183-24/KI,7,7,7,7,0,0,
case_30944,CV-759184-24/KI,9,9,9,9,0,0,
case_30945,CV-759185-24/KI,4,4,4,4,0,0,
case_30946,CV-759187-24/KI,6,6,6,6,0,0,
case_30947,CV-759189-24/KI,4,4,4,4,0,0,
case_30948,CV-759400-24/RI,7,7,7,7,0,0,
case_30949,CV-759503-24/RI,5,5,5,5,0,0,
case_30950,CV-760396-24/RI,5,5,5,5,0,0,
case_30951,CV-761045-25/KI,6,6,6,6,0,0,
case_30952,CV-761320-24/RI,18,18,18,18,0,0,
case_30953,CV-763156-25/RI,4,4,4,4,0,0,
case_30954,CV-763829-26/RI,1,1,1,1,0,0,
case_30955,CV-764544-25/KI,15,15,15,15,0,0,
case_30956,CV-764603-25/KI,4,4,4,4,0,0,
case_30957,CV-764604-25/KI,3,3,3,3,0,0,
case_30958,CV-764828-25/RI,12,12,12,12,0,0,
case_30959,CV-764830-25/RI,12,12,12,12,0,0,
case_30960,CV-765128-25/RI,3,3,3,3,0,0,
case_30961,CV-768086-24/KI,4,4,4,4,0,0,
case_30962,CV-768087-24/KI,6,6,6,6,0,0,
case_30963,CV-768088-24/KI,6,6,6,6,0,0,
case_30964,CV-768089-24/KI,7,7,7,7,0,0,
case_30965,CV-768090-24/KI,38,38,38,38,0,0,
case_30966,CV-768091-24/KI,25,25,25,25,0,0,
case_30967,CV-768380-24/RI,1,1,1,1,0,0,
case_30968,CV-769418-24/RI,5,5,5,5,0,0,
case_30969,CV-769421-24/RI,7,7,7,7,0,0,
case_30970,CV-769425-24/RI,6,6,6,6,0,0,
case_30971,CV-769429-24/RI,28,28,28,28,0,0,
case_30972,CV-769627-24/RI,7,7,7,7,0,0,
case_30973,CV-770933-24/RI,10,10,10,10,0,0,
case_30974,CV-770959-24/RI,11,11,11,11,0,0,
case_30975,CV-770960-24/RI,10,10,10,10,0,0,
case_30976,CV-770999-24/RI,10,10,10,10,0,0,
case_30977,CV-771012-24/RI,13,13,13,13,0,0,
case_30978,CV-771540-24/KI,4,4,4,4,0,0,
case_30979,CV-771553-24/KI,8,8,8,8,0,0,
case_30980,CV-771709-24/KI,7,7,7,7,0,0,
case_30981,CV-771710-24/KI,7,7,7,7,0,0,
case_30982,CV-771711-24/KI,6,6,6,6,0,0,
case_30983,CV-771718-24/KI,6,6,6,6,0,0,
case_30984,CV-771719-24/KI,9,9,9,9,0,0,
case_30985,CV-771724-24/KI,10,10,10,10,0,0,
case_30986,CV-773289-25/RI,3,3,3,3,0,0,
case_30987,CV-773722-24/KI,5,5,5,5,0,0,
case_30988,CV-773723-24/KI,5,5,5,5,0,0,
case_30989,CV-773725-24/KI,4,4,4,4,0,0,
case_30990,CV-775443-24/RI,7,7,7,7,0,0,
case_30991,CV-775445-24/RI,7,7,7,7,0,0,
case_30992,CV-775446-24/RI,5,5,5,5,0,0,
case_30993,CV-775449-24/RI,2,2,2,2,0,0,
case_30994,CV-775485-24/RI,9,9,9,9,0,0,
case_30995,CV-776940-24/RI,8,8,8,8,0,0,
case_30996,CV-777390-25/KI,5,5,5,5,0,0,
case_30997,CV-778035-25/RI,4,4,4,4,0,0,
case_30998,CV-778039-25/RI,12,12,12,12,0,0,
case_30999,CV-778061-25/RI,5,5,5,5,0,0,
case_31000,CV-778366-24/RI,26,26,26,26,0,0,
case_31001,CV-778370-24/RI,7,7,7,7,0,0,
case_31002,CV-778374-24/RI,7,7,7,7,0,0,
case_31003,CV-778380-24/RI,10,10,10,10,0,0,
case_31004,CV-778384-24/RI,10,10,10,10,0,0,
case_31005,CV-778396-24/RI,21,21,21,21,0,0,
case_31006,CV-778399-24/RI,8,8,8,8,0,0,
case_31007,CV-780511-24/RI,22,22,22,22,0,0,
case_31008,CV-781476-25/RI,11,11,11,11,0,0,
case_31009,CV-781704-24/RI,16,16,16,16,0,0,
case_31010,CV-781724-24/RI,4,4,4,4,0,0,
case_31011,CV-781726-24/RI,8,8,8,8,0,0,
case_31012,CV-781731-24/RI,9,9,9,9,0,0,
case_31013,CV-782067-25/RI,4,4,4,4,0,0,
case_31014,CV-783226-24/RI,2,2,2,2,0,0,
case_31015,CV-783608-24/RI,5,5,5,5,0,0,
case_31016,CV-783668-24/RI,2,2,2,2,0,0,
case_31017,CV-783692-24/RI,5,5,5,5,0,0,
case_31018,CV-783752-24/RI,4,4,4,4,0,0,
case_31021,CV-783888-24/RI,26,26,26,26,25,25,
case_31022,CV-783889-24/RI,28,28,28,28,2,2,
case_31023,CV-783897-24/RI,5,5,5,5,0,0,
case_31024,CV-784849-24/RI,20,20,20,20,0,0,
case_31025,CV-785517-25/RI,4,4,4,4,0,0,
case_31026,CV-785967-24/RI,5,5,5,5,0,0,
case_31027,CV-794247-25/RI,27,27,27,27,0,0,
case_31028,CV-794314-25/RI,5,5,5,5,0,0,
case_31029,CV-794341-25/RI,2,2,2,2,0,0,
case_31030,CV-794452-25/RI,4,4,4,4,0,0,
case_31031,CV-794822-25/RI,15,15,15,15,0,0,
case_31032,CV-794888-25/RI,4,4,4,4,0,0,
case_31033,CV-794889-25/RI,6,6,6,6,0,0,
case_31034,CV-797545-25/RI,6,6,6,6,0,0,
case_31035,CV-797546-25/RI,3,3,3,3,0,0,
case_31088,LT-300681-26/NY,7,7,7,7,0,0,
case_31146,600262/2015,134,134,134,134,102,102,
case_31172,CV-22-1945,30,30,30,30,28,28,
case_31174,EF001120-2017,22,22,21,21,21,21,
case_31178,LT-302214-25/QU,5,5,5,5,0,0,
case_31179,LT-305208-21/QU,27,27,27,27,0,0,
case_31180,LT-310826-24/QU,6,6,6,6,0,0,
case_31351,CV-710548-17/QU,1,1,1,1,0,0,
case_31352,CV-764875-26/RI,1,1,1,1,0,0,
case_31353,CV-766839-26/RI,1,1,1,1,0,0,
case_31514,510803/2025,54,54,53,53,53,53,
case_31600,CV-000723-26/HU,2,2,2,2,0,0,
case_31601,CV-000724-26/HU,2,2,2,2,0,0,
case_31602,CV-000725-26/HU,2,2,2,2,0,0,
case_31603,CV-000781-24/HU,2,2,2,2,0,0,
case_31604,CV-000785-24/HU,2,2,2,2,0,0,
case_31605,CV-000876-24/HU,2,2,2,2,0,0,
case_31606,CV-001172-24/HU,2,2,2,2,0,0,
case_31607,CV-001247-26/BA,2,2,2,2,1,1,
case_31608,CV-001416-24/HU,2,2,2,2,0,0,
case_31610,CV-001768-24/HU,2,2,2,2,1,1,
case_31612,CV-001928-24/HU,2,2,2,2,0,0,
case_31613,CV-002470-24/HU,2,2,2,2,1,1,
case_31617,CV-003058-26/HU,2,2,2,2,1,1,
case_31619,CV-003368-24/SM,2,2,2,2,1,1,
case_31622,CV-003687-25/HU,2,2,2,2,1,1,
case_31623,CV-004040-24/HU,2,2,2,2,1,1,
case_31624,CV-004183-26/BA,2,2,2,2,1,1,
case_31627,CV-004444-24/SM,2,2,2,2,0,0,
case_31628,CV-004537-26/HU,3,3,3,3,2,2,
case_31629,CV-004539-24/HU,2,2,2,2,0,0,
case_31630,CV-004823-24/SM,2,2,2,2,1,1,
case_31640,CV-006051-25/BA,2,2,2,2,1,1,
case_31642,CV-006201-25/BA,2,2,2,2,1,1,
case_31643,CV-006202-25/BA,2,2,2,2,1,1,
case_31646,CV-006355-25/BA,2,2,2,2,1,1,
case_31647,CV-006358-25/BA,2,2,2,2,1,1,
case_31650,CV-006597-24/HU,2,2,2,2,1,1,
case_31651,CV-007171-24/SM,2,2,2,2,1,1,
case_31652,CV-007197-24/HU,2,2,2,2,0,0,
case_31653,CV-007428-24/HU,2,2,2,2,1,1,
case_31654,CV-007675-25/HU,2,2,2,2,1,1,
case_31655,CV-008136-24/SM,2,2,2,2,1,1,
case_31656,CV-009689-23/HU,2,2,2,2,0,0,
case_31657,CV-009807-23/HU,2,2,2,2,0,0,
case_31658,CV-010532-25/BA,2,2,2,2,0,0,
case_31659,CV-010856-25/BA,2,2,2,2,0,0,
case_31660,CV-010857-25/BA,2,2,2,2,0,0,
case_31661,CV-010858-25/BA,2,2,2,2,0,0,
case_31662,CV-010860-25/BA,2,2,2,2,0,0,
case_31663,CV-010861-25/BA,2,2,2,2,0,0,
case_31664,CV-010862-25/BA,2,2,2,2,0,0,
case_31665,CV-010863-25/BA,2,2,2,2,0,0,
case_31666,CV-010864-25/BA,2,2,2,2,0,0,
case_31667,CV-010865-25/BA,2,2,2,2,0,0,
case_31668,CV-010866-25/BA,2,2,2,2,0,0,
case_31669,CV-010867-25/BA,2,2,2,2,0,0,
case_31670,CV-010868-25/BA,2,2,2,2,0,0,
case_31671,CV-010869-25/BA,2,2,2,2,0,0,
case_31672,CV-011284-25/BA,2,2,2,2,0,0,
case_31675,CV-700005-24/QU,7,7,7,7,2,2,
case_31676,CV-700046-24/QU,5,5,5,5,3,3,
case_31677,CV-700074-24/KI,5,5,5,5,3,3,
case_31678,CV-700144-24/BX,7,7,7,7,1,1,
case_31683,CV-700355-24/NY,2,2,2,2,1,1,
case_31684,CV-700356-24/NY,14,14,14,14,9,9,
case_31685,CV-700357-24/NY,11,11,11,11,0,0,
case_31686,CV-700404-24/NY,12,12,12,12,6,6,
case_31689,CV-700490-24/BX,5,5,5,5,4,4,
case_31690,CV-700491-24/BX,2,2,2,2,1,1,
case_31693,CV-700663-23/NY,13,13,13,13,6,6,
case_31694,CV-700754-23/RI,5,5,5,5,0,0,
case_31695,CV-700759-24/BX,6,6,6,6,0,0,
case_31696,CV-700785-23/QU,5,5,5,5,0,0,
case_31697,CV-700979-26/KI,4,4,4,4,0,0,
case_31698,CV-701015-24/RI,4,4,4,4,0,0,
case_31699,CV-701017-24/RI,5,5,5,5,0,0,
case_31700,CV-701018-24/RI,5,5,5,5,0,0,
case_31701,CV-701019-24/RI,7,7,7,7,0,0,
case_31702,CV-701220-24/QU,6,6,6,6,0,0,
case_31703,CV-701221-24/QU,24,24,24,24,0,0,
case_31704,CV-701222-24/QU,5,5,5,5,0,0,
case_31705,CV-701224-24/QU,5,5,5,5,0,0,
case_31706,CV-701282-24/QU,5,5,5,5,0,0,
case_31707,CV-701295-24/QU,6,6,6,6,0,0,
case_31708,CV-701297-24/QU,4,4,4,4,0,0,
case_31709,CV-701338-24/QU,5,5,5,5,0,0,
case_31710,CV-701378-24/NY,6,6,6,6,0,0,
case_31711,CV-701379-24/NY,2,2,2,2,0,0,
case_31712,CV-701380-24/NY,12,12,12,12,0,0,
case_31713,CV-701408-23/QU,5,5,5,5,0,0,
case_31714,CV-701408-24/QU,5,5,5,5,0,0,
case_31715,CV-701409-24/QU,5,5,5,5,0,0,
case_31716,CV-701473-24/QU,7,7,7,7,0,0,
case_31717,CV-701498-24/NY,6,6,6,6,0,0,
case_31718,CV-701499-24/NY,6,6,6,6,0,0,
case_31719,CV-701502-24/QU,5,5,5,5,0,0,
case_31720,CV-701620-23/QU,2,2,2,2,0,0,
case_31721,CV-701669-24/NY,15,15,15,15,0,0,
case_31722,CV-701675-24/NY,11,11,11,11,0,0,
case_31723,CV-701686-24/NY,5,5,5,5,0,0,
case_31724,CV-701702-24/KI,2,2,2,2,0,0,
case_31725,CV-701830-24/NY,12,12,12,12,0,0,
case_31726,CV-701831-24/NY,5,5,5,5,0,0,
case_31727,CV-701846-24/RI,6,6,6,6,0,0,
case_31728,CV-701849-24/RI,5,5,5,5,0,0,
case_31729,CV-701850-24/RI,3,3,3,3,0,0,
case_31730,CV-701869-24/QU,6,6,6,6,0,0,
case_31731,CV-702154-24/RI,5,5,5,5,0,0,
case_31732,CV-702163-23/QU,4,4,4,4,0,0,
case_31733,CV-702417-24/BX,5,5,5,5,0,0,
case_31734,CV-702426-24/BX,5,5,5,5,0,0,
case_31735,CV-702427-24/BX,5,5,5,5,0,0,
case_31736,CV-702428-24/BX,3,3,3,3,0,0,
case_31737,CV-702429-24/BX,5,5,5,5,0,0,
case_31738,CV-702430-24/BX,2,2,2,2,0,0,
case_31739,CV-702431-24/BX,8,8,8,8,0,0,
case_31740,CV-702434-25/NY,6,6,6,6,0,0,
case_31741,CV-702440-25/NY,6,6,6,6,0,0,
case_31742,CV-702441-25/NY,6,6,6,6,0,0,
case_31743,CV-702449-25/NY,6,6,6,6,0,0,
case_31744,CV-702521-24/NY,8,8,8,8,0,0,
case_31745,CV-702525-24/NY,8,8,8,8,0,0,
case_31746,CV-702526-24/NY,3,3,3,3,0,0,
case_31747,CV-702565-24/BX,7,7,7,7,0,0,
case_31748,CV-702595-25/NY,10,10,10,10,0,0,
case_31749,CV-702597-25/NY,16,16,16,16,0,0,
case_31750,CV-702608-24/NY,7,7,7,7,2,2,
case_31751,CV-702627-24/NY,12,12,12,12,0,0,
case_31752,CV-702678-24/NY,12,12,12,12,0,0,
case_31753,CV-702705-23/RI,16,16,16,16,0,0,
case_31754,CV-702727-24/NY,13,13,13,13,0,0,
case_31755,CV-702763-24/BX,12,12,12,12,3,3,
case_31758,CV-702861-23/BX,6,6,6,6,4,4,
case_31762,CV-702975-25/NY,4,4,4,4,3,3,
case_31763,CV-702977-25/NY,13,13,13,13,7,7,
case_31777,CV-703098-24/QU,6,6,6,6,4,4,
case_31778,CV-703099-24/QU,6,6,6,6,0,0,
case_31782,CV-703115-23/QU,5,5,5,5,0,0,
case_31783,CV-703164-24/BX,6,6,6,6,0,0,
case_31784,CV-703177-24/BX,5,5,5,5,0,0,
case_31785,CV-703178-25/NY,4,4,4,4,0,0,
case_31786,CV-703189-25/NY,4,4,4,4,0,0,
case_31787,CV-703195-25/NY,4,4,4,4,0,0,
case_31788,CV-703275-24/NY,5,5,5,5,0,0,
case_31789,CV-703358-24/KI,5,5,5,5,0,0,
case_31790,CV-703392-24/NY,2,2,2,2,0,0,
case_31791,CV-703393-23/KI,2,2,2,2,0,0,
case_31792,CV-703395-23/KI,4,4,4,4,0,0,
case_31793,CV-703426-24/NY,2,2,2,2,0,0,
case_31794,CV-703427-24/NY,3,3,3,3,0,0,
case_31795,CV-703434-24/NY,13,13,13,13,0,0,
case_31796,CV-703527-24/BX,2,2,2,2,1,1,
case_31797,CV-703533-24/BX,5,5,5,5,1,1,
case_31798,CV-703790-24/RI,6,6,6,6,3,3,
case_31799,CV-703791-24/RI,6,6,6,6,1,1,
case_31800,CV-703798-24/RI,4,4,4,4,3,3,
case_31801,CV-703831-24/RI,8,8,8,8,2,2,
case_31802,CV-703833-24/RI,6,6,6,6,0,0,
case_31803,CV-703846-24/RI,3,3,3,3,2,2,
case_31805,CV-703937-24/KI,7,7,7,7,6,6,
case_31813,CV-704299-24/KI,5,5,5,5,1,1,
case_31814,CV-704485-24/NY,12,12,12,12,0,0,
case_31815,CV-704532-24/NY,12,12,12,12,0,0,
case_31818,CV-704658-24/RI,4,4,4,4,0,0,
case_31819,CV-704683-24/NY,6,6,6,6,0,0,
case_31820,CV-704694-24/NY,8,8,8,8,0,0,
case_31821,CV-704805-23/QU,15,15,15,15,0,0,
case_31823,CV-704881-24/KI,4,4,4,4,0,0,
case_31824,CV-704902-24/NY,12,12,12,12,0,0,
case_31825,CV-704903-24/NY,8,8,8,8,0,0,
case_31827,CV-704929-24/NY,5,5,5,5,0,0,
case_31828,CV-705296-24/NY,3,3,3,3,0,0,
case_31830,CV-705520-24/NY,8,8,8,8,7,7,
case_31831,CV-705521-24/NY,6,6,6,6,5,5,
case_31832,CV-705522-24/NY,12,12,12,12,0,0,
case_31833,CV-705523-24/NY,5,5,5,5,0,0,
case_31834,CV-705531-24/NY,1,1,1,1,0,0,
case_31835,CV-705535-24/NY,2,2,2,2,0,0,
case_31836,CV-705541-24/NY,11,11,11,11,0,0,
case_31837,CV-705554-24/NY,2,2,2,2,0,0,
case_31838,CV-705575-24/QU,2,2,2,2,0,0,
case_31839,CV-705576-24/QU,5,5,5,5,0,0,
case_31840,CV-705713-24/NY,16,16,16,16,0,0,
case_31841,CV-705753-24/NY,6,6,6,6,0,0,
case_31842,CV-705833-24/QU,5,5,5,5,0,0,
case_31843,CV-705834-24/QU,5,5,5,5,0,0,
case_31844,CV-705835-24/QU,5,5,5,5,0,0,
case_31845,CV-705836-24/QU,6,6,6,6,0,0,
case_31846,CV-705838-24/QU,5,5,5,5,0,0,
case_31847,CV-705839-24/QU,5,5,5,5,0,0,
case_31848,CV-705850-25/NY,3,3,3,3,0,0,
case_31849,CV-705854-25/NY,3,3,3,3,0,0,
case_31850,CV-705855-25/NY,3,3,3,3,0,0,
case_31851,CV-705919-24/BX,5,5,5,5,0,0,
case_31852,CV-705985-24/KI,2,2,2,2,0,0,
case_31853,CV-705992-24/QU,5,5,5,5,0,0,
case_31854,CV-705993-23/KI,6,6,6,6,0,0,
case_31855,CV-705993-24/QU,2,2,2,2,0,0,
case_31856,CV-705994-24/QU,5,5,5,5,0,0,
case_31857,CV-705995-24/QU,5,5,5,5,0,0,
case_31858,CV-705997-24/QU,16,16,16,16,0,0,
case_31859,CV-706002-25/NY,6,6,6,6,0,0,
case_31860,CV-706005-24/KI,5,5,5,5,0,0,
case_31861,CV-706167-24/NY,7,7,7,7,0,0,
case_31862,CV-706183-24/BX,5,5,5,5,0,0,
case_31863,CV-706184-24/BX,24,24,24,24,0,0,
case_31864,CV-706371-24/QU,5,5,5,5,0,0,
case_31865,CV-706461-24/QU,3,3,3,3,0,0,
case_31866,CV-706686-22/NY,13,13,13,13,0,0,
case_31867,CV-706687-22/NY,15,15,15,15,0,0,
case_31868,CV-706767-24/NY,18,18,18,18,0,0,
case_31869,CV-706784-24/NY,11,11,11,11,0,0,
case_31870,CV-706855-23/NY,14,14,14,14,0,0,
case_31871,CV-706859-24/QU,5,5,5,5,0,0,
case_31872,CV-706893-25/RI,5,5,5,5,0,0,
case_31873,CV-707008-24/QU,5,5,5,5,0,0,
case_31874,CV-707018-24/QU,6,6,6,6,0,0,
case_31875,CV-707060-24/RI,4,4,4,4,0,0,
case_31876,CV-707097-22/RI,5,5,5,5,0,0,
case_31877,CV-707101-24/RI,4,4,4,4,0,0,
case_31878,CV-707105-24/RI,4,4,4,4,0,0,
case_31879,CV-707106-24/RI,2,2,2,2,0,0,
case_31880,CV-707108-24/RI,4,4,4,4,0,0,
case_31881,CV-707109-24/RI,5,5,5,5,0,0,
case_31882,CV-707112-24/RI,6,6,6,6,0,0,
case_31883,CV-707235-23/NY,12,12,12,12,0,0,
case_31884,CV-707244-24/NY,6,6,6,6,0,0,
case_31885,CV-707247-24/NY,1,1,1,1,0,0,
case_31886,CV-707266-23/NY,12,12,12,12,0,0,
case_31887,CV-707493-24/QU,11,11,11,11,0,0,
case_31888,CV-707494-24/QU,5,5,5,5,0,0,
case_31889,CV-707515-24/QU,5,5,5,5,0,0,
case_31890,CV-707516-24/QU,5,5,5,5,0,0,
case_31891,CV-707521-24/QU,5,5,5,5,0,0,
case_31892,CV-707545-24/QU,6,6,6,6,0,0,
case_31893,CV-707546-24/QU,5,5,5,5,0,0,
case_31894,CV-707562-24/NY,2,2,2,2,0,0,
case_31895,CV-707568-25/BX,5,5,5,5,0,0,
case_31896,CV-707571-25/BX,5,5,5,5,0,0,
case_31897,CV-707572-25/BX,16,16,16,16,0,0,
case_31898,CV-707575-25/BX,5,5,5,5,0,0,
case_31899,CV-707576-25/BX,5,5,5,5,0,0,
case_31900,CV-707596-25/BX,5,5,5,5,0,0,
case_31901,CV-707597-25/BX,5,5,5,5,0,0,
case_31902,CV-707599-25/BX,5,5,5,5,0,0,
case_31903,CV-707600-25/BX,5,5,5,5,0,0,
case_31904,CV-707765-22/QU,7,7,7,7,0,0,
case_31905,CV-707861-25/BX,5,5,5,5,0,0,
case_31906,CV-707982-25/BX,4,4,4,4,0,0,
case_31907,CV-707985-25/BX,4,4,4,4,0,0,
case_31908,CV-708020-24/NY,5,5,5,5,0,0,
case_31909,CV-708270-23/NY,4,4,4,4,0,0,
case_31910,CV-708399-22/BX,2,2,2,2,0,0,
case_31911,CV-708449-25/BX,5,5,5,5,0,0,
case_31912,CV-708477-25/BX,4,4,4,4,0,0,
case_31913,CV-708478-25/BX,5,5,5,5,0,0,
case_31914,CV-708542-23/NY,12,12,12,12,0,0,
case_31915,CV-708687-23/NY,2,2,2,2,0,0,
case_31916,CV-708688-23/NY,6,6,6,6,0,0,
case_31917,CV-708797-22/RI,4,4,4,4,0,0,
case_31918,CV-709108-24/BX,5,5,5,5,0,0,
case_31919,CV-709199-24/BX,6,6,6,6,5,5,
case_31921,CV-709207-24/BX,20,20,20,20,17,17,
case_31923,CV-709335-25/BX,5,5,5,5,1,1,
case_31924,CV-709336-25/BX,5,5,5,5,1,1,
case_31925,CV-709338-25/BX,2,2,2,2,0,0,
case_31926,CV-709342-25/BX,4,4,4,4,0,0,
case_31927,CV-709344-25/BX,4,4,4,4,0,0,
case_31928,CV-709351-25/BX,5,5,5,5,0,0,
case_31929,CV-709352-25/BX,5,5,5,5,0,0,
case_31930,CV-709366-25/BX,4,4,4,4,0,0,
case_31931,CV-709367-25/BX,4,4,4,4,0,0,
case_31932,CV-709370-22/RI,4,4,4,4,1,1,
case_31933,CV-709371-22/RI,4,4,4,4,2,2,
case_31934,CV-709419-23/NY,2,2,2,2,1,1,
case_31935,CV-709420-23/NY,2,2,2,2,0,0,
case_31936,CV-709784-25/BX,4,4,4,4,1,1,
case_31940,CV-709950-25/BX,4,4,4,4,3,3,
case_31943,CV-709977-24/BX,6,6,6,6,5,5,
case_31944,CV-709984-24/BX,6,6,6,6,1,1,
case_31945,CV-710008-24/BX,2,2,2,2,0,0,
case_31946,CV-710011-24/BX,5,5,5,5,0,0,
case_31947,CV-710082-24/QU,4,4,4,4,0,0,
case_31948,CV-710083-25/QU,37,37,37,37,0,0,
case_31949,CV-710085-25/QU,7,7,7,7,0,0,
case_31950,CV-710102-25/QU,5,5,5,5,0,0,
case_31951,CV-710105-25/QU,5,5,5,5,0,0,
case_31952,CV-710108-25/QU,5,5,5,5,0,0,
case_31953,CV-710109-25/QU,5,5,5,5,0,0,
case_31954,CV-710262-23/BX,13,13,13,13,0,0,
case_31955,CV-710395-24/QU,22,22,22,22,0,0,
case_31956,CV-710402-25/QU,28,28,28,28,0,0,
case_31957,CV-710442-24/QU,2,2,2,2,0,0,
case_31958,CV-710443-24/QU,15,15,15,15,0,0,
case_31959,CV-710453-23/KI,4,4,4,4,3,3,
case_31960,CV-710624-24/KI,5,5,5,5,4,4,
case_31961,CV-710804-24/BX,2,2,2,2,0,0,
case_31962,CV-710808-24/BX,3,3,3,3,2,2,
case_31964,CV-710927-22/BX,6,6,6,6,5,5,
case_31968,CV-710966-24/KI,5,5,5,5,3,3,
case_31969,CV-710968-24/KI,7,7,7,7,5,5,
case_31970,CV-710974-24/BX,25,25,25,25,0,0,
case_31971,CV-711048-25/QU,5,5,5,5,0,0,
case_31972,CV-711049-25/QU,7,7,7,7,0,0,
case_31973,CV-711134-24/KI,5,5,5,5,0,0,
case_31974,CV-711196-24/QU,4,4,4,4,0,0,
case_31975,CV-711197-24/QU,2,2,2,2,0,0,
case_31976,CV-711202-24/QU,5,5,5,5,0,0,
case_31977,CV-711203-24/QU,6,6,6,6,0,0,
case_31978,CV-711204-24/QU,5,5,5,5,0,0,
case_31979,CV-711205-24/QU,2,2,2,2,0,0,
case_31980,CV-711261-24/QU,1,1,1,1,0,0,
case_31981,CV-711272-24/QU,4,4,4,4,0,0,
case_31982,CV-711273-24/QU,5,5,5,5,0,0,
case_31983,CV-711409-24/KI,7,7,7,7,0,0,
case_31984,CV-711430-24/KI,2,2,2,2,0,0,
case_31985,CV-711502-24/BX,5,5,5,5,0,0,
case_31986,CV-711505-24/BX,5,5,5,5,0,0,
case_31987,CV-711506-24/BX,2,2,2,2,0,0,
case_31988,CV-711507-24/BX,13,13,13,13,0,0,
case_31989,CV-711508-24/BX,2,2,2,2,0,0,
case_31990,CV-711518-24/BX,17,17,17,17,0,0,
case_31991,CV-711524-24/BX,16,16,16,16,0,0,
case_31992,CV-711695-26/RI,4,4,4,4,0,0,
case_31993,CV-711990-24/BX,5,5,5,5,0,0,
case_31994,CV-712036-22/RI,9,9,9,9,0,0,
case_31995,CV-712118-26/RI,1,1,1,1,0,0,
case_31996,CV-712138-25/KI,18,18,18,18,0,0,
case_31997,CV-712140-25/QU,5,5,5,5,0,0,
case_31999,CV-712161-25/QU,5,5,5,5,0,0,
case_32000,CV-712165-25/QU,4,4,4,4,0,0,
case_32001,CV-712174-25/QU,5,5,5,5,0,0,
case_32003,CV-712177-25/QU,6,6,6,6,3,3,
case_32005,CV-712181-25/QU,26,26,26,26,20,20,
case_32006,CV-712182-25/QU,4,4,4,4,1,1,
case_32007,CV-712190-25/QU,5,5,5,5,3,3,
case_32008,CV-712215-25/QU,5,5,5,5,2,2,
case_32009,CV-712290-24/QU,4,4,4,4,2,2,
case_32010,CV-712602-24/QU,5,5,5,5,1,1,
case_32011,CV-712603-24/QU,5,5,5,5,0,0,
case_32012,CV-712604-24/QU,2,2,2,2,0,0,
case_32013,CV-712605-24/QU,3,3,3,3,0,0,
case_32014,CV-712612-24/QU,4,4,4,4,0,0,
case_32015,CV-712613-24/QU,1,1,1,1,0,0,
case_32016,CV-712618-24/QU,5,5,5,5,0,0,
case_32017,CV-712623-24/QU,1,1,1,1,0,0,
case_32018,CV-712624-24/QU,27,27,27,27,0,0,
case_32019,CV-712632-24/QU,4,4,4,4,0,0,
case_32020,CV-712634-24/QU,7,7,7,7,0,0,
case_32021,CV-712698-25/QU,25,25,25,25,0,0,
case_32022,CV-712699-25/QU,25,25,25,25,0,0,
case_32023,CV-712754-25/QU,5,5,5,5,0,0,
case_32024,CV-712755-25/QU,5,5,5,5,0,0,
case_32025,CV-712756-25/QU,5,5,5,5,0,0,
case_32026,CV-712926-23/KI,15,15,15,15,0,0,
case_32027,CV-712937-24/BX,5,5,5,5,0,0,
case_32028,CV-712965-23/BX,15,15,15,15,0,0,
case_32029,CV-712966-23/BX,7,7,7,7,0,0,
case_32030,CV-712985-23/BX,2,2,2,2,0,0,
case_32031,CV-713081-22/BX,5,5,5,5,0,0,
case_32032,CV-713285-24/QU,5,5,5,5,0,0,
case_32033,CV-713286-24/QU,4,4,4,4,0,0,
case_32034,CV-713287-24/QU,5,5,5,5,0,0,
case_32035,CV-713288-24/QU,2,2,2,2,0,0,
case_32036,CV-713301-24/QU,7,7,7,7,0,0,
case_32037,CV-713369-24/QU,4,4,4,4,0,0,
case_32038,CV-713370-24/QU,4,4,4,4,0,0,
case_32039,CV-713405-24/QU,5,5,5,5,0,0,
case_32040,CV-713406-24/QU,4,4,4,4,0,0,
case_32041,CV-713544-23/BX,7,7,7,7,0,0,
case_32042,CV-713546-23/BX,7,7,7,7,0,0,
case_32043,CV-713774-24/KI,4,4,4,4,0,0,
case_32044,CV-713899-23/QU,7,7,7,7,0,0,
case_32045,CV-713986-23/BX,2,2,2,2,0,0,
case_32046,CV-714352-24/RI,5,5,5,5,0,0,
case_32047,CV-714402-23/BX,6,6,6,6,0,0,
case_32048,CV-714414-22/RI,6,6,6,6,3,3,
case_32053,CV-715101-23/BX,16,16,16,16,13,13,
case_32054,CV-715142-23/BX,7,7,7,7,1,1,
case_32055,CV-715158-23/BX,2,2,2,2,0,0,
case_32056,CV-715163-22/RI,5,5,5,5,3,3,
case_32057,CV-715164-22/RI,5,5,5,5,2,2,
case_32058,CV-715177-22/RI,5,5,5,5,3,3,
case_32059,CV-715195-23/BX,7,7,7,7,3,3,
case_32062,CV-715271-24/RI,2,2,2,2,0,0,
case_32063,CV-715272-24/RI,4,4,4,4,0,0,
case_32064,CV-715298-24/RI,5,5,5,5,0,0,
case_32065,CV-715374-24/RI,6,6,6,6,0,0,
case_32066,CV-715375-24/RI,5,5,5,5,0,0,
case_32067,CV-715376-24/RI,2,2,2,2,0,0,
case_32068,CV-715554-23/BX,5,5,5,5,0,0,
case_32069,CV-715592-22/RI,6,6,6,6,0,0,
case_32070,CV-715663-24/KI,4,4,4,4,0,0,
case_32071,CV-715664-24/KI,5,5,5,5,0,0,
case_32072,CV-715665-24/KI,9,9,9,9,0,0,
case_32073,CV-715666-24/KI,5,5,5,5,0,0,
case_32074,CV-715667-24/KI,2,2,2,2,0,0,
case_32075,CV-715756-23/QU,4,4,4,4,0,0,
case_32076,CV-715789-22/BX,5,5,5,5,0,0,
case_32077,CV-715789-23/QU,5,5,5,5,0,0,
case_32078,CV-715795-22/BX,5,5,5,5,0,0,
case_32079,CV-715799-23/QU,5,5,5,5,0,0,
case_32080,CV-715814-24/RI,2,2,2,2,0,0,
case_32081,CV-715829-24/KI,5,5,5,5,0,0,
case_32082,CV-715830-24/KI,8,8,8,8,0,0,
case_32083,CV-716032-24/RI,5,5,5,5,0,0,
case_32084,CV-716162-24/RI,4,4,4,4,0,0,
case_32085,CV-716167-23/BX,2,2,2,2,0,0,
case_32086,CV-716430-23/QU,5,5,5,5,0,0,
case_32087,CV-716431-23/QU,7,7,7,7,0,0,
case_32088,CV-716432-23/QU,5,5,5,5,0,0,
case_32089,CV-716435-23/QU,5,5,5,5,0,0,
case_32090,CV-716452-22/BX,6,6,6,6,0,0,
case_32091,CV-716483-23/QU,5,5,5,5,0,0,
case_32092,CV-716955-24/KI,4,4,4,4,0,0,
case_32093,CV-716985-24/KI,4,4,4,4,0,0,
case_32094,CV-717093-25/BX,5,5,5,5,1,1,
case_32103,CV-717714-23/BX,7,7,7,7,2,2,
case_32104,CV-717952-23/BX,5,5,5,5,0,0,
case_32105,CV-717977-23/BX,4,4,4,4,0,0,
case_32106,CV-718010-23/BX,2,2,2,2,0,0,
case_32107,CV-718040-23/RI,4,4,4,4,0,0,
case_32108,CV-718164-22/QU,5,5,5,5,0,0,
case_32109,CV-718233-23/QU,7,7,7,7,0,0,
case_32110,CV-718241-24/KI,4,4,4,4,0,0,
case_32111,CV-718244-23/QU,5,5,5,5,0,0,
case_32112,CV-718250-24/KI,2,2,2,2,0,0,
case_32113,CV-718254-23/QU,7,7,7,7,0,0,
case_32114,CV-718293-23/QU,6,6,6,6,0,0,
case_32115,CV-718323-23/QU,11,11,11,11,0,0,
case_32116,CV-718374-25/BX,2,2,2,2,0,0,
case_32117,CV-718379-24/BX,2,2,2,2,0,0,
case_32118,CV-718405-24/BX,2,2,2,2,0,0,
case_32119,CV-718459-26/RI,4,4,4,4,0,0,
case_32120,CV-718460-26/RI,4,4,4,4,0,0,
case_32121,CV-718585-24/QU,3,3,3,3,0,0,
case_32122,CV-718862-23/BX,7,7,7,7,0,0,
case_32123,CV-718880-23/BX,5,5,5,5,0,0,
case_32124,CV-718906-22/RI,5,5,5,5,0,0,
case_32125,CV-718908-22/RI,5,5,5,5,0,0,
case_32126,CV-718940-22/RI,5,5,5,5,0,0,
case_32127,CV-718978-22/RI,8,8,8,8,0,0,
case_32128,CV-719144-22/RI,8,8,8,8,0,0,
case_32129,CV-719700-24/KI,5,5,5,5,0,0,
case_32130,CV-719705-24/KI,2,2,2,2,0,0,
case_32131,CV-719711-24/KI,7,7,7,7,0,0,
case_32132,CV-719766-24/KI,4,4,4,4,0,0,
case_32133,CV-719882-24/KI,4,4,4,4,0,0,
case_32134,CV-719921-24/KI,4,4,4,4,0,0,
case_32135,CV-720247-23/QU,5,5,5,5,0,0,
case_32136,CV-720272-23/QU,2,2,2,2,0,0,
case_32137,CV-720379-22/RI,5,5,5,5,0,0,
case_32138,CV-720380-22/RI,5,5,5,5,0,0,
case_32139,CV-720385-23/QU,5,5,5,5,0,0,
case_32140,CV-720386-23/QU,5,5,5,5,0,0,
case_32141,CV-720389-22/BX,5,5,5,5,0,0,
case_32142,CV-720504-24/RI,2,2,2,2,0,0,
case_32143,CV-720524-23/QU,6,6,6,6,0,0,
case_32144,CV-720542-22/BX,6,6,6,6,0,0,
case_32145,CV-720657-23/QU,23,23,23,23,0,0,
case_32146,CV-720658-23/QU,5,5,5,5,0,0,
case_32147,CV-720750-24/RI,6,6,6,6,0,0,
case_32148,CV-720915-23/QU,7,7,7,7,0,0,
case_32149,CV-720937-23/QU,5,5,5,5,0,0,
case_32150,CV-720973-25/QU,13,13,13,13,0,0,
case_32151,CV-721185-22/QU,2,2,2,2,0,0,
case_32152,CV-721186-22/QU,4,4,4,4,0,0,
case_32153,CV-721349-23/QU,5,5,5,5,0,0,
case_32154,CV-721397-22/BX,6,6,6,6,0,0,
case_32155,CV-721441-23/QU,4,4,4,4,0,0,
case_32156,CV-721447-23/QU,5,5,5,5,0,0,
case_32157,CV-721475-23/QU,6,6,6,6,0,0,
case_32158,CV-721534-22/RI,5,5,5,5,0,0,
case_32159,CV-721831-22/QU,5,5,5,5,0,0,
case_32160,CV-721890-22/BX,7,7,7,7,4,4,
case_32161,CV-722003-22/KI,2,2,2,2,0,0,
case_32162,CV-722027-24/RI,6,6,6,6,4,4,
case_32163,CV-722594-22/BX,4,4,4,4,0,0,
case_32164,CV-722613-25/QU,1,1,1,1,0,0,
case_32165,CV-722621-22/QU,7,7,7,7,0,0,
case_32166,CV-722715-22/QU,6,6,6,6,0,0,
case_32167,CV-723496-22/BX,7,7,7,7,0,0,
case_32168,CV-723996-22/QU,2,2,2,2,0,0,
case_32169,CV-724395-23/KI,5,5,5,5,0,0,
case_32170,CV-724491-22/RI,5,5,5,5,0,0,
case_32171,CV-725138-24/KI,4,4,4,4,0,0,
case_32172,CV-725437-22/BX,7,7,7,7,0,0,
case_32173,CV-725509-22/BX,2,2,2,2,0,0,
case_32174,CV-725551-22/QU,7,7,7,7,0,0,
case_32175,CV-725555-22/QU,2,2,2,2,0,0,
case_32176,CV-725602-22/RI,17,17,17,17,0,0,
case_32177,CV-726012-22/BX,5,5,5,5,0,0,
case_32178,CV-726021-22/BX,5,5,5,5,0,0,
case_32179,CV-726093-22/BX,2,2,2,2,0,0,
case_32180,CV-726110-24/RI,2,2,2,2,0,0,
case_32181,CV-726239-24/KI,2,2,2,2,0,0,
case_32182,CV-726240-24/KI,5,5,5,5,0,0,
case_32183,CV-726241-24/KI,3,3,3,3,0,0,
case_32184,CV-726244-24/KI,4,4,4,4,0,0,
case_32185,CV-726245-24/KI,4,4,4,4,0,0,
case_32186,CV-726298-22/QU,4,4,4,4,0,0,
case_32187,CV-726299-22/QU,8,8,8,8,0,0,
case_32188,CV-726301-22/QU,8,8,8,8,0,0,
case_32189,CV-726722-23/KI,6,6,6,6,0,0,
case_32190,CV-726726-23/KI,5,5,5,5,0,0,
case_32191,CV-726917-22/BX,4,4,4,4,0,0,
case_32192,CV-727256-26/RI,2,2,2,2,0,0,
case_32193,CV-727257-26/RI,4,4,4,4,0,0,
case_32194,CV-727258-26/RI,1,1,1,1,0,0,
case_32195,CV-727424-26/RI,22,22,22,22,0,0,
case_32196,CV-727425-26/RI,4,4,4,4,0,0,
case_32197,CV-727430-24/KI,3,3,3,3,0,0,
case_32198,CV-727569-22/QU,8,8,8,8,0,0,
case_32199,CV-728320-22/RI,7,7,7,7,0,0,
case_32200,CV-728324-22/RI,5,5,5,5,0,0,
case_32201,CV-729114-24/RI,2,2,2,2,0,0,
case_32202,CV-729120-24/RI,6,6,6,6,0,0,
case_32203,CV-729229-22/BX,4,4,4,4,0,0,
case_32204,CV-729447-23/RI,19,19,19,19,0,0,
case_32205,CV-729455-23/RI,27,27,27,27,0,0,
case_32206,CV-729463-23/KI,7,7,7,7,0,0,
case_32207,CV-729507-23/KI,2,2,2,2,0,0,
case_32208,CV-729739-22/RI,5,5,5,5,0,0,
case_32209,CV-729741-22/RI,22,22,22,22,0,0,
case_32210,CV-729782-22/BX,5,5,5,5,0,0,
case_32211,CV-729871-24/RI,5,5,5,5,0,0,
case_32212,CV-729874-24/RI,5,5,5,5,0,0,
case_32213,CV-730563-22/QU,8,8,8,8,0,0,
case_32214,CV-730564-22/QU,8,8,8,8,0,0,
case_32215,CV-730565-22/QU,7,7,7,7,0,0,
case_32216,CV-730567-22/QU,8,8,8,8,0,0,
case_32217,CV-730568-22/QU,5,5,5,5,0,0,
case_32218,CV-730569-22/QU,8,8,8,8,0,0,
case_32219,CV-730693-23/RI,5,5,5,5,0,0,
case_32220,CV-730961-22/QU,5,5,5,5,0,0,
case_32221,CV-730967-23/KI,4,4,4,4,0,0,
case_32222,CV-731777-22/KI,5,5,5,5,0,0,
case_32223,CV-732599-22/KI,5,5,5,5,0,0,
case_32224,CV-732679-25/RI,7,7,7,7,0,0,
case_32225,CV-732689-22/KI,7,7,7,7,0,0,
case_32226,CV-733443-24/RI,25,25,25,25,0,0,
case_32227,CV-735021-23/RI,7,7,7,7,0,0,
case_32228,CV-735139-25/RI,5,5,5,5,0,0,
case_32229,CV-735140-25/RI,5,5,5,5,0,0,
case_32230,CV-735143-25/RI,5,5,5,5,0,0,
case_32231,CV-735156-25/RI,8,8,8,8,0,0,
case_32232,CV-735161-25/RI,4,4,4,4,0,0,
case_32233,CV-735169-25/RI,5,5,5,5,0,0,
case_32234,CV-735663-22/KI,7,7,7,7,0,0,
case_32235,CV-735664-22/KI,6,6,6,6,0,0,
case_32236,CV-735963-24/KI,4,4,4,4,0,0,
case_32237,CV-736027-25/RI,4,4,4,4,0,0,
case_32238,CV-736028-25/RI,11,11,11,11,0,0,
case_32239,CV-736031-25/RI,4,4,4,4,0,0,
case_32240,CV-736032-25/RI,4,4,4,4,0,0,
case_32241,CV-736610-24/KI,4,4,4,4,0,0,
case_32242,CV-736707-24/KI,5,5,5,5,0,0,
case_32243,CV-736734-22/KI,7,7,7,7,0,0,
case_32244,CV-736758-22/KI,4,4,4,4,0,0,
case_32245,CV-737515-24/RI,5,5,5,5,0,0,
case_32246,CV-737564-25/KI,5,5,5,5,0,0,
case_32247,CV-737565-25/KI,5,5,5,5,0,0,
case_32248,CV-737680-24/RI,5,5,5,5,0,0,
case_32249,CV-737681-24/RI,2,2,2,2,0,0,
case_32250,CV-737682-24/RI,2,2,2,2,0,0,
case_32251,CV-737690-24/RI,5,5,5,5,0,0,
case_32252,CV-737735-25/RI,5,5,5,5,0,0,
case_32253,CV-737742-25/RI,5,5,5,5,0,0,
case_32254,CV-737758-25/RI,5,5,5,5,0,0,
case_32255,CV-737759-25/RI,5,5,5,5,0,0,
case_32256,CV-737775-24/RI,2,2,2,2,0,0,
case_32257,CV-737778-24/RI,4,4,4,4,0,0,
case_32258,CV-737779-24/RI,5,5,5,5,0,0,
case_32259,CV-737780-24/RI,22,22,22,22,0,0,
case_32260,CV-737783-24/RI,5,5,5,5,0,0,
case_32261,CV-737787-24/RI,5,5,5,5,0,0,
case_32262,CV-737789-24/RI,4,4,4,4,0,0,
case_32263,CV-737791-24/RI,11,11,11,11,0,0,
case_32264,CV-737833-24/RI,5,5,5,5,0,0,
case_32265,CV-737865-24/RI,5,5,5,5,0,0,
case_32266,CV-737867-24/RI,14,14,14,14,0,0,
case_32267,CV-737869-24/RI,46,46,46,46,1,1,
case_32269,CV-737871-24/RI,8,8,8,8,6,6,
case_32270,CV-737872-24/RI,5,5,5,5,2,2,
case_32271,CV-737873-24/RI,6,6,6,6,3,3,
case_32272,CV-737875-24/RI,5,5,5,5,3,3,
case_32273,CV-737905-24/RI,5,5,5,5,0,0,
case_32274,CV-737907-23/RI,2,2,2,2,0,0,
case_32275,CV-737978-24/RI,5,5,5,5,0,0,
case_32276,CV-737982-24/RI,5,5,5,5,0,0,
case_32277,CV-738385-23/RI,5,5,5,5,1,1,
case_32278,CV-738413-23/RI,5,5,5,5,4,4,
case_32279,CV-738526-25/KI,14,14,14,14,0,0,
case_32280,CV-739100-26/RI,2,2,2,2,0,0,
case_32281,CV-739327-25/KI,4,4,4,4,0,0,
case_32282,CV-739602-23/RI,4,4,4,4,0,0,
case_32283,CV-739914-23/RI,5,5,5,5,0,0,
case_32284,CV-740151-23/RI,2,2,2,2,0,0,
case_32285,CV-740154-23/RI,14,14,14,14,0,0,
case_32286,CV-740841-24/RI,7,7,7,7,0,0,
case_32287,CV-740842-24/RI,4,4,4,4,0,0,
case_32288,CV-740851-24/RI,5,5,5,5,0,0,
case_32289,CV-740875-24/RI,6,6,6,6,0,0,
case_32290,CV-740878-24/RI,8,8,8,8,0,0,
case_32291,CV-740963-24/RI,5,5,5,5,0,0,
case_32292,CV-740964-24/RI,5,5,5,5,0,0,
case_32293,CV-741110-22/KI,5,5,5,5,0,0,
case_32294,CV-741622-24/KI,2,2,2,2,0,0,
case_32295,CV-741623-24/KI,3,3,3,3,0,0,
case_32296,CV-741624-24/KI,5,5,5,5,0,0,
case_32297,CV-741651-24/KI,4,4,4,4,0,0,
case_32298,CV-741848-23/RI,4,4,4,4,0,0,
case_32299,CV-741930-23/RI,2,2,2,2,0,0,
case_32300,CV-741949-23/RI,2,2,2,2,0,0,
case_32301,CV-742096-24/RI,5,5,5,5,0,0,
case_32302,CV-742097-24/RI,2,2,2,2,0,0,
case_32303,CV-742132-24/RI,7,7,7,7,0,0,
case_32304,CV-742290-24/RI,4,4,4,4,0,0,
case_32305,CV-742550-24/KI,6,6,6,6,0,0,
case_32306,CV-742586-24/KI,20,20,20,20,0,0,
case_32307,CV-742771-22/KI,5,5,5,5,0,0,
case_32308,CV-742773-22/KI,3,3,3,3,0,0,
case_32309,CV-742774-22/KI,5,5,5,5,0,0,
case_32310,CV-743913-23/RI,2,2,2,2,0,0,
case_32311,CV-743935-23/RI,5,5,5,5,0,0,
case_32312,CV-743943-23/RI,5,5,5,5,0,0,
case_32313,CV-743949-23/RI,5,5,5,5,0,0,
case_32314,CV-743996-23/RI,5,5,5,5,0,0,
case_32315,CV-743997-23/RI,5,5,5,5,0,0,
case_32316,CV-743998-23/RI,4,4,4,4,0,0,
case_32317,CV-744984-25/KI,5,5,5,5,0,0,
case_32318,CV-744986-23/RI,5,5,5,5,0,0,
case_32319,CV-745007-25/KI,5,5,5,5,0,0,
case_32320,CV-745010-24/KI,5,5,5,5,0,0,
case_32321,CV-745013-24/KI,5,5,5,5,0,0,
case_32322,CV-745014-24/KI,5,5,5,5,0,0,
case_32323,CV-745015-24/KI,5,5,5,5,0,0,
case_32324,CV-745016-24/KI,2,2,2,2,0,0,
case_32325,CV-745018-24/KI,13,13,13,13,0,0,
case_32326,CV-745024-25/KI,4,4,4,4,0,0,
case_32327,CV-745029-25/KI,4,4,4,4,0,0,
case_32328,CV-745031-24/KI,4,4,4,4,0,0,
case_32329,CV-745032-25/KI,4,4,4,4,0,0,
case_32330,CV-745043-24/KI,4,4,4,4,0,0,
case_32331,CV-745044-23/RI,2,2,2,2,0,0,
case_32332,CV-745044-25/KI,3,3,3,3,0,0,
case_32333,CV-745045-25/KI,4,4,4,4,0,0,
case_32334,CV-745061-25/KI,5,5,5,5,0,0,
case_32335,CV-745073-25/KI,4,4,4,4,0,0,
case_32336,CV-745084-25/KI,4,4,4,4,0,0,
case_32337,CV-745085-25/KI,2,2,2,2,0,0,
case_32338,CV-745090-25/KI,4,4,4,4,0,0,
case_32339,CV-745294-24/KI,5,5,5,5,0,0,
case_32340,CV-745539-24/RI,3,3,3,3,0,0,
case_32341,CV-745553-24/RI,4,4,4,4,0,0,
case_32342,CV-745564-24/RI,1,1,1,1,0,0,
case_32343,CV-745565-24/RI,5,5,5,5,0,0,
case_32344,CV-745566-24/RI,1,1,1,1,0,0,
case_32345,CV-745885-24/RI,5,5,5,5,0,0,
case_32346,CV-745892-24/RI,1,1,1,1,0,0,
case_32347,CV-746543-24/KI,2,2,2,2,0,0,
case_32348,CV-746822-23/RI,6,6,6,6,0,0,
case_32349,CV-746971-23/RI,5,5,5,5,0,0,
case_32350,CV-747000-25/RI,4,4,4,4,0,0,
case_32351,CV-747012-25/RI,4,4,4,4,0,0,
case_32352,CV-747013-25/RI,14,14,14,14,0,0,
case_32353,CV-747207-25/RI,5,5,5,5,0,0,
case_32354,CV-747222-25/RI,4,4,4,4,0,0,
case_32355,CV-747223-25/RI,2,2,2,2,0,0,
case_32356,CV-747778-25/KI,5,5,5,5,0,0,
case_32357,CV-747794-25/KI,3,3,3,3,0,0,
case_32358,CV-747924-23/RI,5,5,5,5,0,0,
case_32359,CV-747986-23/RI,5,5,5,5,0,0,
case_32360,CV-748136-24/RI,5,5,5,5,0,0,
case_32361,CV-748137-24/RI,4,4,4,4,0,0,
case_32362,CV-748202-24/KI,4,4,4,4,0,0,
case_32363,CV-748353-24/RI,2,2,2,2,0,0,
case_32364,CV-748745-24/KI,5,5,5,5,0,0,
case_32365,CV-748846-23/RI,5,5,5,5,0,0,
case_32366,CV-748847-23/RI,3,3,3,3,0,0,
case_32367,CV-749353-22/KI,2,2,2,2,0,0,
case_32368,CV-749387-22/KI,7,7,7,7,0,0,
case_32369,CV-749642-25/KI,5,5,5,5,0,0,
case_32370,CV-749971-25/RI,5,5,5,5,0,0,
case_32371,CV-749986-25/RI,20,20,20,20,0,0,
case_32372,CV-749987-25/RI,3,3,3,3,0,0,
case_32373,CV-750007-25/RI,2,2,2,2,0,0,
case_32374,CV-750140-22/KI,3,3,3,3,0,0,
case_32375,CV-750264-23/RI,5,5,5,5,0,0,
case_32376,CV-750347-22/KI,4,4,4,4,0,0,
case_32377,CV-750548-23/RI,4,4,4,4,0,0,
case_32378,CV-750557-23/RI,4,4,4,4,0,0,
case_32379,CV-751219-25/RI,5,5,5,5,0,0,
case_32380,CV-751474-23/RI,5,5,5,5,0,0,
case_32381,CV-751475-23/RI,6,6,6,6,0,0,
case_32382,CV-751476-23/RI,5,5,5,5,0,0,
case_32383,CV-751629-23/RI,2,2,2,2,0,0,
case_32384,CV-751633-23/RI,5,5,5,5,0,0,
case_32385,CV-753265-26/RI,1,1,1,1,0,0,
case_32386,CV-753388-26/RI,1,1,1,1,0,0,
case_32387,CV-753390-26/RI,1,1,1,1,0,0,
case_32388,CV-753473-26/RI,1,1,1,1,0,0,
case_32389,CV-753474-26/RI,1,1,1,1,0,0,
case_32390,CV-753475-26/RI,1,1,1,1,0,0,
case_32391,CV-753477-26/RI,1,1,1,1,0,0,
case_32392,CV-753478-26/RI,1,1,1,1,0,0,
case_32393,CV-753480-26/RI,1,1,1,1,0,0,
case_32394,CV-753481-26/RI,1,1,1,1,0,0,
case_32395,CV-753502-26/RI,1,1,1,1,0,0,
case_32396,CV-753613-26/RI,1,1,1,1,0,0,
case_32397,CV-753932-25/RI,5,5,5,5,0,0,
case_32398,CV-753965-25/RI,3,3,3,3,0,0,
case_32399,CV-754523-25/KI,5,5,5,5,0,0,
case_32400,CV-755003-25/RI,2,2,2,2,0,0,
case_32401,CV-755474-24/RI,2,2,2,2,0,0,
case_32402,CV-755642-23/RI,7,7,7,7,0,0,
case_32403,CV-755645-23/RI,3,3,3,3,0,0,
case_32404,CV-755669-23/RI,4,4,4,4,0,0,
case_32405,CV-755670-23/RI,4,4,4,4,0,0,
case_32406,CV-755671-23/RI,5,5,5,5,0,0,
case_32407,CV-757797-25/RI,2,2,2,2,0,0,
case_32408,CV-758292-26/RI,1,1,1,1,0,0,
case_32409,CV-758640-24/KI,4,4,4,4,0,0,
case_32410,CV-758644-24/KI,18,18,18,18,0,0,
case_32411,CV-760105-25/RI,6,6,6,6,0,0,
case_32412,CV-761303-24/RI,5,5,5,5,0,0,
case_32413,CV-761332-24/RI,3,3,3,3,0,0,
case_32414,CV-761414-24/RI,4,4,4,4,0,0,
case_32415,CV-761424-24/RI,2,2,2,2,0,0,
case_32416,CV-763096-25/KI,5,5,5,5,0,0,
case_32417,CV-764590-25/KI,3,3,3,3,0,0,
case_32418,CV-766218-24/KI,17,17,17,17,0,0,
case_32419,CV-768658-24/RI,9,9,9,9,0,0,
case_32420,CV-769449-25/RI,4,4,4,4,0,0,
case_32421,CV-771045-25/RI,11,11,11,11,0,0,
case_32422,CV-771231-24/RI,1,1,1,1,0,0,
case_32423,CV-771234-24/RI,1,1,1,1,0,0,
case_32424,CV-771265-24/RI,1,1,1,1,0,0,
case_32425,CV-773461-25/KI,2,2,2,2,0,0,
case_32426,CV-773486-25/KI,3,3,3,3,0,0,
case_32427,CV-773490-25/KI,4,4,4,4,0,0,
case_32428,CV-776805-25/KI,4,4,4,4,0,0,
case_32429,CV-778006-25/RI,6,6,6,6,0,0,
case_32430,CV-778589-25/RI,7,7,7,7,0,0,
case_32431,CV-778641-25/RI,4,4,4,4,0,0,
case_32432,CV-780714-25/RI,4,4,4,4,0,0,
case_32433,CV-780719-25/RI,4,4,4,4,0,0,
case_32434,CV-780763-24/RI,20,20,20,20,0,0,
case_32435,CV-780770-24/RI,5,5,5,5,0,0,
case_32436,CV-780772-24/RI,4,4,4,4,0,0,
case_32437,CV-783283-24/RI,5,5,5,5,0,0,
case_32438,CV-785221-24/RI,3,3,3,3,0,0,
case_32439,CV-785252-24/RI,6,6,6,6,0,0,
case_32440,CV-786455-25/RI,5,5,5,5,0,0,
case_32441,CV-786584-25/RI,5,5,5,5,0,0,
case_32442,CV-788052-25/RI,6,6,6,6,0,0,
case_32443,CV-788215-25/RI,13,13,13,13,0,0,
case_32806,190033/2014,605,605,604,604,552,552,
case_34006,154615/2013,11,11,8,8,8,8,
case_34016,2020-04561,17,17,14,14,14,14,
case_34033,614378/2026,16,16,16,16,14,14,
case_34045,805385/2016,74,74,74,74,73,73,
case_34055,151183/2013,375,375,372,372,372,372,
case_34056,653214/2022,109,109,106,106,105,105,
case_34219,604913/2021,25,25,19,19,18,18,
case_35038,25791/2014E,195,195,193,193,190,190,
case_35070,62515/2026,15,15,15,15,14,14,
case_35097,190289/2013,123,123,121,121,120,120,
case_35157,50385/2011,213,213,208,208,205,205,
case_36295,607659/2021,83,83,80,80,80,80,
case_36296,608568/2024,53,53,52,52,52,52,
case_36297,609063/2023,52,52,51,51,51,51,
case_36597,CV-702578-17/KI,1,1,1,1,0,0,
case_36598,CV-703398-17/KI,1,1,1,1,0,0,
case_36599,CV-705176-16/KI,1,1,1,1,0,0,
case_36600,CV-705255-16/KI,1,1,1,1,0,0,
case_36601,CV-705272-16/KI,1,1,1,1,0,0,
case_36602,CV-705304-16/KI,1,1,1,1,0,0,
case_36603,CV-708118-16/KI,2,2,2,2,0,0,
case_36604,CV-709951-16/KI,14,14,14,14,0,0,
case_36605,CV-710082-16/KI,30,30,30,30,0,0,
case_36606,CV-712658-17/KI,1,1,1,1,0,0,
case_36607,CV-712659-17/KI,1,1,1,1,0,0,
case_36608,CV-713170-17/KI,7,7,7,7,0,0,
case_36609,CV-717141-17/KI,1,1,1,1,0,0,
case_36610,CV-717142-17/KI,9,9,9,9,1,1,
case_36611,CV-717143-17/KI,36,36,36,36,6,6,
case_36612,CV-717144-17/KI,38,38,38,38,35,35,
case_36613,CV-717335-17/KI,2,2,2,2,0,0,
case_36614,CV-717365-17/KI,1,1,1,1,0,0,
case_36615,CV-717536-13/QU,1,1,1,1,0,0,
case_36616,CV-717537-13/QU,1,1,1,1,0,0,
case_36617,CV-717539-13/QU,1,1,1,1,0,0,
case_36618,CV-717542-13/QU,1,1,1,1,0,0,
case_36619,CV-717607-13/QU,1,1,1,1,0,0,
case_36620,CV-717624-13/QU,1,1,1,1,0,0,
case_36621,CV-717691-13/QU,1,1,1,1,0,0,
case_36622,CV-718158-13/QU,1,1,1,1,0,0,
case_36623,CV-719677-17/KI,17,17,17,17,0,0,
case_36624,CV-719678-17/KI,36,36,36,36,0,0,
case_36625,CV-719679-17/KI,12,12,12,12,0,0,
case_36626,CV-719707-17/KI,1,1,1,1,0,0,
case_36627,CV-719709-17/KI,1,1,1,1,0,0,
case_36628,CV-719964-17/KI,1,1,1,1,0,0,
case_36629,CV-726624-12/QU,1,1,1,1,0,0,
case_36630,CV-726627-12/QU,1,1,1,1,0,0,
case_36631,CV-726630-12/QU,1,1,1,1,0,0,
case_36632,CV-726632-12/QU,1,1,1,1,0,0,
case_36633,CV-726662-12/QU,1,1,1,1,0,0,
case_36634,CV-726664-12/QU,1,1,1,1,0,0,
case_36635,CV-726666-12/QU,1,1,1,1,0,0,
case_36636,CV-726668-12/QU,1,1,1,1,0,0,
case_36637,CV-726672-12/QU,1,1,1,1,0,0,
case_36638,CV-726673-12/QU,1,1,1,1,0,0,
case_36639,CV-726674-12/QU,1,1,1,1,0,0,
case_36640,CV-726751-12/QU,1,1,1,1,0,0,
case_36641,CV-726752-12/QU,1,1,1,1,0,0,
case_36642,CV-726755-12/QU,1,1,1,1,0,0,
case_36643,CV-726762-12/QU,1,1,1,1,0,0,
case_36644,CV-726764-12/QU,1,1,1,1,0,0,
case_36645,CV-726767-12/QU,1,1,1,1,0,0,
case_36646,CV-726769-12/QU,1,1,1,1,0,0,
case_36647,CV-729888-16/KI,1,1,1,1,0,0,
case_36648,CV-733009-12/QU,1,1,1,1,0,0,
case_36649,CV-733010-12/QU,1,1,1,1,0,0,
case_36650,CV-733011-12/QU,1,1,1,1,0,0,
case_36651,CV-733018-12/QU,1,1,1,1,0,0,
case_36652,CV-733019-12/QU,1,1,1,1,0,0,
case_36653,CV-733021-12/QU,1,1,1,1,0,0,
case_36654,CV-733024-12/QU,1,1,1,1,0,0,
case_36655,CV-742725-16/KI,1,1,1,1,0,0,
case_38333,150808/2018,94,94,91,91,91,91,
case_38340,152421/2017,10,10,10,10,9,9,
case_38419,252564/2008,4,4,4,4,3,3,
case_38491,452877/2017,3765,3765,3761,3761,2514,2514,
case_38493,500460/2011,713,713,704,704,702,702,
case_38505,505923/2017,19,19,18,18,18,18,
case_38516,519323/2017,141,141,137,137,134,134,
case_38517,519512/2016,92,92,91,91,90,90,
case_39727,E2024-575,28,28,27,27,27,27,
case_40855,51723/2021,333,333,328,328,324,324,
case_40861,57913/2020,57,57,55,55,55,55,
case_40862,58429/2021,133,133,133,133,131,131,
case_40873,604396/2018,93,93,93,93,92,92,
case_40874,604423/2015,123,123,122,122,120,120,
case_40878,610994/2022,58,58,57,57,57,57,
case_40882,612859/2018,593,593,593,593,554,554,
case_40886,63866/2020,93,93,93,93,91,91,
case_40890,650139/2012,20,20,19,19,18,18,
case_40895,66324/2017,38,38,38,38,37,37,
case_40897,66588/2024,37,37,37,37,36,36,
case_40901,69613/2015,258,258,256,256,226,226,
case_40904,70565/2015,172,172,171,171,171,171,
case_40916,83247,18,18,17,17,17,17,
case_40917,850143/2022,121,121,120,120,119,119,
case_40926,CV-000016-11/QU,1,1,1,1,0,0,
case_40927,CV-000109-11/QU,1,1,1,1,0,0,
case_40928,CV-000110-11/QU,1,1,1,1,0,0,
case_40929,CV-000536-24/BA,2,2,2,2,0,0,
case_40930,CV-001302-11/RI,1,1,1,1,0,0,
case_40931,CV-001878-22/BR,2,2,2,2,0,0,
case_40932,CV-005933-11/QU,1,1,1,1,0,0,
case_40933,CV-006051-11/QU,1,1,1,1,0,0,
case_40934,CV-006057-11/QU,1,1,1,1,0,0,
case_40935,CV-006058-11/QU,1,1,1,1,0,0,
case_40936,CV-007331-11/QU,1,1,1,1,0,0,
case_40937,CV-007364-11/QU,1,1,1,1,0,0,
case_40938,CV-007373-11/QU,1,1,1,1,0,0,
case_40939,CV-008055-11/QU,1,1,1,1,0,0,
case_40940,CV-008057-11/QU,1,1,1,1,0,0,
case_40941,CV-008058-11/QU,1,1,1,1,0,0,
case_40942,CV-008075-11/QU,1,1,1,1,0,0,
case_40943,CV-008085-11/QU,1,1,1,1,0,0,
case_40944,CV-008095-11/QU,1,1,1,1,0,0,
case_40945,CV-008097-11/QU,1,1,1,1,0,0,
case_40946,CV-008209-11/QU,1,1,1,1,0,0,
case_40947,CV-008421-11/QU,1,1,1,1,0,0,
case_40948,CV-009406-11/QU,1,1,1,1,0,0,
case_40949,CV-011509-10/QU,1,1,1,1,0,0,
case_40950,CV-011518-10/QU,1,1,1,1,0,0,
case_40951,CV-013355-08/KI,1,1,1,1,0,0,
case_40952,CV-013362-08/KI,1,1,1,1,0,0,
case_40953,CV-015767-11/KI,1,1,1,1,0,0,
case_40954,CV-015770-11/KI,1,1,1,1,0,0,
case_40955,CV-023452-07/KI,1,1,1,1,0,0,
case_40956,CV-024189-10/QU,1,1,1,1,0,0,
case_40957,CV-028614-08/KI,1,1,1,1,0,0,
case_40958,CV-028622-08/KI,1,1,1,1,0,0,
case_40959,CV-031282-10/NY,1,1,1,1,0,0,
case_40960,CV-031284-10/NY,1,1,1,1,0,0,
case_40961,CV-031285-10/NY,1,1,1,1,0,0,
case_40962,CV-031286-10/NY,1,1,1,1,0,0,
case_40963,CV-031287-10/NY,1,1,1,1,0,0,
case_40964,CV-031288-10/NY,1,1,1,1,0,0,
case_40965,CV-031289-10/NY,1,1,1,1,0,0,
case_40966,CV-039347-09/QU,1,1,1,1,0,0,
case_40967,CV-040499-10/QU,1,1,1,1,0,0,
case_40968,CV-044482-06/KI,1,1,1,1,0,0,
case_40969,CV-046508-06/KI,1,1,1,1,0,0,
case_40970,CV-046525-06/KI,1,1,1,1,0,0,
case_40971,CV-046529-06/KI,1,1,1,1,0,0,
case_40972,CV-049331-15/KI,2,2,2,2,0,0,
case_41016,LT-306779-26/NY,12,12,12,12,4,4,
case_41770,612367/2019,97,97,96,96,96,96,
case_41772,612665/2019,20,20,19,19,19,19,
case_41777,613779/2025,29,29,28,28,27,27,
case_41867,701313/2021,85,85,82,82,82,82,
case_41874,701773/2025,10,10,10,10,9,9,
case_41875,702130/2022,19,19,18,18,18,18,
case_41884,702420/2013,375,375,375,375,170,170,
case_43368,609715/2022,225,225,222,222,222,222,
case_43374,651477/2022,46,46,45,45,43,43,
case_43386,713509/2022,151,151,150,150,150,150,
case_43387,713515/2022,117,117,115,115,108,108,
case_43396,CV-700671-22/NY,4,4,4,4,0,0,
case_43397,CV-703081-22/NY,8,8,8,8,0,0,
case_43398,CV-705997-22/NY,5,5,5,5,0,0,
case_43399,CV-707740-22/RI,7,7,7,7,0,0,
case_43400,CV-708137-22/RI,9,9,9,9,0,0,
case_43401,CV-708151-22/RI,13,13,13,13,0,0,
case_43402,CV-708618-23/NY,8,8,8,8,0,0,
case_43403,CV-711605-22/BX,7,7,7,7,0,0,
case_43404,CV-711606-22/BX,3,3,3,3,0,0,
case_43405,CV-711608-22/BX,3,3,3,3,0,0,
case_43406,CV-711799-22/RI,9,9,9,9,0,0,
case_43407,CV-715097-22/QU,7,7,7,7,0,0,
case_43408,CV-716396-22/QU,6,6,6,6,0,0,
case_43409,CV-716863-22/BX,8,8,8,8,0,0,
case_43410,CV-717225-22/BX,8,8,8,8,0,0,
case_43411,CV-725350-22/BX,10,10,10,10,0,0,
case_43477,156278/2017,233,233,233,233,232,232,
case_43478,156337/2020,121,121,114,114,108,108,
case_43480,157813/2023,170,170,165,165,164,164,
case_43497,59883/2016,52,52,49,49,48,48,
case_43499,602133/2009,68,68,67,67,61,61,
case_43500,602687/2023,99,99,98,98,81,81,
case_43501,604143/2020,43,43,42,42,42,42,
case_43504,607989/2018,141,141,138,138,138,138,
case_43505,608292/2023,199,199,192,192,188,188,
case_43510,610316/2018,236,236,234,234,229,229,
case_43524,652105/2012,26,26,25,25,25,25,
case_43525,652276/2023,119,119,117,117,111,111,
case_43526,652559/2024,37,37,35,35,34,34,
case_43527,652783/2018,81,81,75,75,70,70,
case_43529,654057/2013,282,282,281,281,281,281,
case_43539,657389/2019,61,61,56,56,47,47,
case_43542,705527/2014,316,316,299,299,234,234,
case_43544,712803/2019,205,205,194,194,181,181,
case_43545,716464/2020,8,8,6,6,6,6,
case_43546,717077/2020,259,259,258,258,255,255,
case_43562,CV-003009-24/HU,2,2,2,2,0,0,
case_43563,CV-003010-24/HU,2,2,2,2,0,0,
case_43564,CV-003045-24/HU,2,2,2,2,0,0,
case_43565,CV-003056-24/HU,2,2,2,2,0,0,
case_43566,CV-701100-21/RI,2,2,2,2,0,0,
case_43567,CV-701110-21/RI,1,1,1,1,0,0,
case_43568,CV-701113-21/RI,2,2,2,2,0,0,
case_43569,CV-701149-23/RI,3,3,3,3,0,0,
case_43570,CV-701202-20/RI,1,1,1,1,0,0,
case_43571,CV-701877-21/NY,2,2,2,2,0,0,
case_43572,CV-702205-19/QU,1,1,1,1,0,0,
case_43573,CV-702563-20/RI,1,1,1,1,0,0,
case_43574,CV-702564-20/RI,1,1,1,1,0,0,
case_43575,CV-702584-20/RI,2,2,2,2,0,0,
case_43576,CV-702630-20/NY,1,1,1,1,0,0,
case_43577,CV-702633-20/NY,1,1,1,1,0,0,
case_43578,CV-702856-20/RI,1,1,1,1,0,0,
case_43579,CV-702925-20/RI,1,1,1,1,0,0,
case_43580,CV-703063-20/RI,1,1,1,1,0,0,
case_43581,CV-703085-20/RI,1,1,1,1,0,0,
case_43582,CV-703192-20/NY,11,11,11,11,1,1,
case_43583,CV-703193-20/NY,12,12,12,12,2,2,
case_43584,CV-703208-20/NY,2,2,2,2,1,1,
case_43585,CV-703318-19/QU,3,3,3,3,1,1,
case_43586,CV-703408-22/RI,5,5,5,5,4,4,
case_43590,CV-703509-20/RI,2,2,2,2,1,1,
case_43591,CV-703510-20/RI,1,1,1,1,0,0,
case_43606,CV-704458-20/NY,10,10,10,10,0,0,
case_43607,CV-705746-23/RI,1,1,1,1,0,0,
case_43608,CV-705907-20/QU,2,2,2,2,0,0,
case_43609,CV-706061-20/QU,1,1,1,1,0,0,
case_43610,CV-706064-20/QU,1,1,1,1,0,0,
case_43611,CV-706095-20/QU,3,3,3,3,0,0,
case_43612,CV-706656-20/BX,4,4,4,4,0,0,
case_43613,CV-706889-20/RI,3,3,3,3,0,0,
case_43614,CV-707926-20/QU,2,2,2,2,0,0,
case_43615,CV-707935-20/QU,1,1,1,1,0,0,
case_43616,CV-707943-20/QU,4,4,4,4,0,0,
case_43617,CV-707944-20/BX,3,3,3,3,0,0,
case_43618,CV-707945-20/BX,3,3,3,3,0,0,
case_43619,CV-707946-20/BX,3,3,3,3,0,0,
case_43620,CV-707965-20/BX,3,3,3,3,0,0,
case_43621,CV-707966-20/QU,1,1,1,1,0,0,
case_43622,CV-708027-20/BX,1,1,1,1,0,0,
case_43623,CV-708033-20/BX,3,3,3,3,0,0,
case_43624,CV-708034-20/BX,5,5,5,5,0,0,
case_43625,CV-708035-20/BX,3,3,3,3,0,0,
case_43626,CV-708037-20/BX,3,3,3,3,0,0,
case_43627,CV-708038-20/BX,3,3,3,3,0,0,
case_43628,CV-708039-20/BX,3,3,3,3,0,0,
case_43629,CV-708040-20/BX,3,3,3,3,0,0,
case_43630,CV-708057-20/BX,3,3,3,3,2,2,
case_43631,CV-708058-20/BX,4,4,4,4,0,0,
case_43632,CV-708975-19/RI,2,2,2,2,0,0,
case_43633,CV-709029-23/RI,5,5,5,5,1,1,
case_43634,CV-709030-23/RI,7,7,7,7,0,0,
case_43635,CV-709033-23/RI,3,3,3,3,0,0,
case_43636,CV-709036-23/RI,4,4,4,4,0,0,
case_43637,CV-709449-20/BX,1,1,1,1,0,0,
case_43638,CV-709467-20/BX,3,3,3,3,0,0,
case_43639,CV-709480-20/BX,3,3,3,3,1,1,
case_43640,CV-709481-20/BX,5,5,5,5,1,1,
case_43641,CV-709491-20/BX,1,1,1,1,0,0,
case_43642,CV-709494-20/BX,3,3,3,3,0,0,
case_43643,CV-709495-20/BX,5,5,5,5,0,0,
case_43644,CV-709496-20/BX,3,3,3,3,0,0,
case_43645,CV-709497-20/BX,5,5,5,5,1,1,
case_43646,CV-709498-20/BX,3,3,3,3,0,0,
case_43647,CV-709499-20/BX,4,4,4,4,1,1,
case_43648,CV-709500-20/BX,3,3,3,3,0,0,
case_43649,CV-709519-20/BX,5,5,5,5,2,2,
case_43650,CV-709520-20/BX,5,5,5,5,4,4,
case_43655,CV-709529-20/BX,3,3,3,3,2,2,
case_43656,CV-709530-20/BX,3,3,3,3,2,2,
case_43657,CV-709531-20/BX,5,5,5,5,4,4,
case_43669,CV-709569-20/BX,3,3,3,3,1,1,
case_43670,CV-709570-20/BX,1,1,1,1,0,0,
case_43671,CV-709571-20/BX,5,5,5,5,1,1,
case_43672,CV-709583-20/BX,1,1,1,1,0,0,
case_43673,CV-709584-20/BX,3,3,3,3,1,1,
case_43674,CV-709585-20/BX,1,1,1,1,0,0,
case_43675,CV-709586-20/BX,3,3,3,3,1,1,
case_43676,CV-709587-20/BX,3,3,3,3,0,0,
case_43677,CV-709588-20/BX,1,1,1,1,0,0,
case_43678,CV-709589-20/BX,3,3,3,3,0,0,
case_43679,CV-709805-23/RI,1,1,1,1,0,0,
case_43680,CV-709806-23/RI,2,2,2,2,0,0,
case_43681,CV-710007-23/RI,2,2,2,2,0,0,
case_43682,CV-710011-23/RI,5,5,5,5,0,0,
case_43683,CV-710089-23/RI,4,4,4,4,0,0,
case_43684,CV-710090-23/RI,5,5,5,5,0,0,
case_43685,CV-710093-23/RI,5,5,5,5,0,0,
case_43686,CV-710095-23/RI,5,5,4,4,1,1,
case_43687,CV-710096-23/RI,2,2,2,2,0,0,
case_43688,CV-710097-23/RI,3,3,2,2,2,2,
case_43689,CV-710098-23/RI,3,3,2,2,0,0,
case_43690,CV-710099-23/RI,2,2,1,1,0,0,
case_43691,CV-710100-23/RI,5,5,4,4,1,1,
case_43692,CV-710119-23/RI,4,4,4,4,0,0,
case_43693,CV-710120-23/RI,4,4,4,4,0,0,
case_43694,CV-710143-23/RI,1,1,1,1,0,0,
case_43695,CV-710176-18/BX,1,1,1,1,0,0,
case_43696,CV-710182-21/QU,1,1,1,1,0,0,
case_43697,CV-710216-23/RI,5,5,5,5,4,4,
case_43699,CV-710221-20/BX,16,16,16,16,9,9,
case_43702,CV-710246-20/BX,4,4,4,4,0,0,
case_43703,CV-710292-20/BX,4,4,4,4,0,0,
case_43704,CV-710317-20/BX,1,1,1,1,0,0,
case_43705,CV-710357-20/BX,1,1,1,1,0,0,
case_43706,CV-710367-20/BX,3,3,3,3,0,0,
case_43707,CV-710369-20/BX,1,1,1,1,0,0,
case_43708,CV-710370-20/BX,3,3,3,3,0,0,
case_43709,CV-710371-20/BX,3,3,3,3,0,0,
case_43710,CV-710372-20/BX,3,3,3,3,0,0,
case_43711,CV-710392-20/BX,1,1,1,1,0,0,
case_43712,CV-710395-20/BX,1,1,1,1,0,0,
case_43713,CV-710400-20/BX,1,1,1,1,0,0,
case_43714,CV-710405-20/BX,3,3,3,3,0,0,
case_43715,CV-710406-20/BX,3,3,3,3,0,0,
case_43716,CV-710407-20/BX,4,4,4,4,0,0,
case_43717,CV-710413-20/BX,3,3,3,3,0,0,
case_43718,CV-710940-20/QU,1,1,1,1,0,0,
case_43719,CV-710950-20/QU,6,6,6,6,0,0,
case_43720,CV-710952-20/QU,1,1,1,1,0,0,
case_43721,CV-710953-20/QU,3,3,3,3,0,0,
case_43722,CV-710954-20/QU,5,5,5,5,0,0,
case_43723,CV-710955-20/QU,1,1,1,1,0,0,
case_43724,CV-710961-20/QU,19,19,19,19,0,0,
case_43725,CV-710992-20/QU,3,3,3,3,0,0,
case_43726,CV-711004-20/QU,1,1,1,1,0,0,
case_43727,CV-711044-20/QU,3,3,3,3,0,0,
case_43728,CV-711304-20/QU,1,1,1,1,0,0,
case_43729,CV-711323-20/QU,3,3,3,3,0,0,
case_43730,CV-711385-20/QU,1,1,1,1,0,0,
case_43731,CV-711393-20/QU,5,5,5,5,0,0,
case_43732,CV-711428-20/BX,1,1,1,1,0,0,
case_43733,CV-711475-20/BX,4,4,4,4,0,0,
case_43734,CV-711476-20/BX,4,4,4,4,0,0,
case_43735,CV-711480-20/BX,3,3,3,3,0,0,
case_43736,CV-711481-20/BX,3,3,3,3,0,0,
case_43737,CV-711489-20/BX,3,3,3,3,0,0,
case_43738,CV-711494-20/BX,1,1,1,1,0,0,
case_43739,CV-711495-20/BX,1,1,1,1,0,0,
case_43740,CV-711501-20/BX,1,1,1,1,0,0,
case_43741,CV-711502-20/BX,1,1,1,1,0,0,
case_43742,CV-711503-20/BX,1,1,1,1,0,0,
case_43743,CV-711504-20/BX,1,1,1,1,0,0,
case_43744,CV-712130-20/BX,5,5,5,5,0,0,
case_43745,CV-712518-20/KI,1,1,1,1,0,0,
case_43746,CV-712690-23/RI,2,2,2,2,0,0,
case_43747,CV-712700-20/QU,1,1,1,1,0,0,
case_43748,CV-712810-20/BX,3,3,3,3,0,0,
case_43749,CV-712870-20/BX,1,1,1,1,0,0,
case_43750,CV-713658-20/QU,3,3,3,3,0,0,
case_43751,CV-713659-20/QU,3,3,3,3,0,0,
case_43752,CV-713660-20/QU,5,5,5,5,0,0,
case_43753,CV-713789-20/QU,1,1,1,1,0,0,
case_43754,CV-713797-20/QU,1,1,1,1,0,0,
case_43755,CV-714195-23/RI,3,3,3,3,0,0,
case_43756,CV-714300-19/BX,1,1,1,1,0,0,
case_43757,CV-714672-23/RI,8,8,8,8,0,0,
case_43760,CV-715132-20/QU,4,4,4,4,0,0,
case_43761,CV-716732-24/RI,16,16,16,16,11,11,
case_43763,CV-717437-20/BX,3,3,3,3,1,1,
case_43773,CV-717689-23/RI,6,6,6,6,5,5,
case_43774,CV-717794-23/RI,22,22,22,22,6,6,
case_43775,CV-718860-20/BX,3,3,3,3,0,0,
case_43776,CV-718912-20/BX,3,3,3,3,0,0,
case_43777,CV-718915-20/BX,1,1,1,1,0,0,
case_43778,CV-719018-23/RI,6,6,6,6,0,0,
case_43779,CV-719248-20/QU,3,3,3,3,0,0,
case_43780,CV-720057-20/BX,1,1,1,1,0,0,
case_43781,CV-721534-20/BX,5,5,5,5,0,0,
case_43782,CV-721942-20/BX,3,3,3,3,0,0,
case_43783,CV-721955-20/BX,5,5,5,5,0,0,
case_43784,CV-722287-23/RI,6,6,6,6,0,0,
case_43785,CV-722364-23/RI,5,5,5,5,0,0,
case_43786,CV-722661-21/KI,1,1,1,1,0,0,
case_43787,CV-722680-21/KI,4,4,4,4,0,0,
case_43788,CV-722719-21/KI,3,3,3,3,0,0,
case_43789,CV-723162-21/BX,1,1,1,1,0,0,
case_43790,CV-723578-19/QU,1,1,1,1,0,0,
case_43791,CV-723579-19/QU,1,1,1,1,0,0,
case_43792,CV-724053-23/RI,6,6,6,6,0,0,
case_43793,CV-724772-23/RI,6,6,6,6,0,0,
case_43794,CV-724774-23/RI,4,4,4,4,0,0,
case_43795,CV-724775-23/RI,6,6,6,6,0,0,
case_43796,CV-724863-23/RI,4,4,4,4,0,0,
case_43797,CV-725030-20/BX,3,3,3,3,0,0,
case_43798,CV-725212-20/KI,1,1,1,1,0,0,
case_43799,CV-727366-19/NY,1,1,1,1,0,0,
case_43800,CV-728633-22/RI,3,3,3,3,0,0,
case_43801,CV-729729-24/RI,9,9,9,9,0,0,
case_43802,CV-729730-24/RI,7,7,7,7,0,0,
case_43803,CV-729731-24/RI,5,5,5,5,0,0,
case_43804,CV-729732-24/RI,5,5,5,5,0,0,
case_43805,CV-729733-24/RI,7,7,7,7,0,0,
case_43806,CV-734429-23/RI,5,5,5,5,0,0,
case_43807,CV-734430-23/RI,5,5,5,5,0,0,
case_43808,CV-734431-23/RI,6,6,6,6,0,0,
case_43809,CV-734432-23/RI,6,6,6,6,0,0,
case_43810,CV-734433-23/RI,6,6,6,6,0,0,
case_43811,CV-734434-23/RI,6,6,6,6,0,0,
case_43812,CV-734517-23/RI,5,5,5,5,0,0,
case_43813,CV-740782-23/RI,5,5,5,5,0,0,
case_43814,CV-740783-23/RI,5,5,5,5,0,0,
case_43815,CV-740921-23/RI,4,4,4,4,1,1,
case_43816,CV-740922-23/RI,4,4,4,4,1,1,
case_43817,CV-740923-23/RI,5,5,5,5,3,3,
case_43818,CV-741852-24/RI,8,8,8,8,2,2,
case_43828,LT-301556-23/RI,27,27,27,27,13,13,
case_43829,LT-304376-26/BX,6,6,6,6,0,0,
case_43850,000025/2024,516,516,508,508,482,482,
case_43851,002047/2020,905,905,896,896,889,889,
case_43852,003371/2019,1015,1015,999,999,964,964,
case_43857,190146/2023,264,264,252,252,245,245,
case_43858,190186/2018,339,339,336,336,327,327,
case_43863,190455/2018,297,297,296,296,296,296,
case_43866,26711/2020E,5,5,4,4,4,4,
case_43867,450724/2023,2,2,1,1,1,1,
case_43868,601932/2020,4,4,2,2,2,2,
case_43871,605805/2022,224,224,216,216,214,214,
case_43872,616736/2025,277,277,277,277,276,276,
case_43880,E2025-0046,493,493,491,491,489,489,
case_43881,EF2021-00001987,345,345,338,338,289,289,
case_43883,EF2026-171,151,151,149,149,147,147,
case_43884,EFCA2021-000020,1128,1128,1117,1117,1078,1078,
case_43885,EFCA2021-001003,618,618,603,603,588,588,
case_43901,160018/2017,15,15,14,14,14,14,
